[30Sep2026 23:09:12.423] [main/INFO] [cpw.mods.modlauncher.Launcher/MODLAUNCHER]: ModLauncher running: args [--launchTarget, forgeclientdev, --version, 21.1.252, --assetIndex, 17, --assetsDir, D:\\xrexg\\neoforge1.21.1\\Gradle\\caches\\neoformruntime\\assets, --gameDir, ., --fml.fmlVersion, 4.0.44, --fml.mcVersion, 1.21.1, --fml.neoForgeVersion, 21.1.252, --fml.neoFormVersion, 20240808.144430]
[30Sep2026 23:09:12.427] [main/INFO] [cpw.mods.modlauncher.Launcher/MODLAUNCHER]: JVM identified as Eclipse Adoptium OpenJDK 64-Bit Server VM 21.0.12.1+1-LTS
[30Sep2026 23:09:12.428] [main/INFO] [cpw.mods.modlauncher.Launcher/MODLAUNCHER]: ModLauncher 11.0.5+main.901c6ea8 starting: java version 21.0.12.1 by Eclipse Adoptium; OS Windows 11 arch amd64 version 10.0
[30Sep2026 23:09:12.453] [main/DEBUG] [cpw.mods.modlauncher.LaunchServiceHandler/MODLAUNCHER]: Found launch services [minecraft,forgeclient,forgedatauserdev,testharness,forgeserverdev,forgeserveruserdev,forgejunitdev,forgeclientdev,forgeclientuserdev,forgeserver,forgejunituserdev,forgedatadev]
[30Sep2026 23:09:12.474] [main/DEBUG] [cpw.mods.modlauncher.LaunchPluginHandler/MODLAUNCHER]: Found launch plugins: [mixin,slf4jfixer,runtime_enum_extender,accesstransformer,runtimedistcleaner]
[30Sep2026 23:09:12.487] [main/DEBUG] [cpw.mods.modlauncher.TransformationServicesHandler/MODLAUNCHER]: Discovering transformation services
[30Sep2026 23:09:12.493] [main/DEBUG] [net.neoforged.fml.loading.FMLPaths/CORE]: Path GAMEDIR is D:\xrexg\neoforge1.21.1\mods\we bearly bare\run
[30Sep2026 23:09:12.494] [main/DEBUG] [net.neoforged.fml.loading.FMLPaths/CORE]: Path MODSDIR is D:\xrexg\neoforge1.21.1\mods\we bearly bare\run\mods
[30Sep2026 23:09:12.495] [main/DEBUG] [net.neoforged.fml.loading.FMLPaths/CORE]: Path CONFIGDIR is D:\xrexg\neoforge1.21.1\mods\we bearly bare\run\config
[30Sep2026 23:09:12.495] [main/DEBUG] [net.neoforged.fml.loading.FMLPaths/CORE]: Path FMLCONFIG is D:\xrexg\neoforge1.21.1\mods\we bearly bare\run\config\fml.toml
[30Sep2026 23:09:12.539] [main/DEBUG] [net.neoforged.fml.loading.targets.CommonLaunchHandler/CORE]: Got mod coordinates bearmod%%D:\\xrexg\\neoforge1.21.1\\mods\\we bearly bare\\build\\classes\\java\\main;bearmod%%D:\\xrexg\\neoforge1.21.1\\mods\\we bearly bare\\build\\resources\\main from env
[30Sep2026 23:09:12.542] [main/DEBUG] [net.neoforged.fml.loading.targets.CommonLaunchHandler/CORE]: Found supplied mod coordinates [{bearmod=[D:\xrexg\neoforge1.21.1\mods\we bearly bare\build\classes\java\main, D:\xrexg\neoforge1.21.1\mods\we bearly bare\build\resources\main]}]
[30Sep2026 23:09:12.547] [main/DEBUG] [cpw.mods.modlauncher.TransformationServicesHandler/MODLAUNCHER]: Found additional transformation services from discovery services: 
[30Sep2026 23:09:12.558] [main/INFO] [net.neoforged.fml.loading.ImmediateWindowHandler/]: Loading ImmediateWindowProvider fmlearlywindow
[30Sep2026 23:09:12.750] [main/INFO] [EARLYDISPLAY/]: Trying GL version 4.6
[30Sep2026 23:09:12.944] [main/INFO] [EARLYDISPLAY/]: Requested GL version 4.6 got version 4.6
[30Sep2026 23:09:12.994] [main/DEBUG] [cpw.mods.modlauncher.TransformationServicesHandler/MODLAUNCHER]: Found transformer services : [mixin,fml]
[30Sep2026 23:09:12.994] [main/DEBUG] [cpw.mods.modlauncher.TransformationServicesHandler/MODLAUNCHER]: Transformation services loading
[30Sep2026 23:09:12.995] [main/DEBUG] [cpw.mods.modlauncher.TransformationServiceDecorator/MODLAUNCHER]: Loading service mixin
[30Sep2026 23:09:12.995] [main/DEBUG] [cpw.mods.modlauncher.TransformationServiceDecorator/MODLAUNCHER]: Loaded service mixin
[30Sep2026 23:09:12.995] [main/DEBUG] [cpw.mods.modlauncher.TransformationServiceDecorator/MODLAUNCHER]: Loading service fml
[30Sep2026 23:09:12.996] [main/DEBUG] [net.neoforged.fml.loading.FMLLoader/CORE]: FML 4.0.44 loading
[30Sep2026 23:09:12.996] [main/DEBUG] [net.neoforged.fml.loading.FMLLoader/CORE]: FML found ModLauncher version : 11.0.5+main.901c6ea8
[30Sep2026 23:09:12.997] [main/DEBUG] [net.neoforged.fml.loading.FMLLoader/CORE]: FML found AccessTransformer version : 10.0.1+139da711
[30Sep2026 23:09:12.998] [main/DEBUG] [net.neoforged.fml.loading.FMLLoader/CORE]: FML found EventBus version : null
[30Sep2026 23:09:12.998] [main/DEBUG] [net.neoforged.fml.loading.FMLLoader/CORE]: Found Runtime Dist Cleaner
[30Sep2026 23:09:12.999] [main/DEBUG] [cpw.mods.modlauncher.TransformationServiceDecorator/MODLAUNCHER]: Loaded service fml
[30Sep2026 23:09:12.999] [main/DEBUG] [cpw.mods.modlauncher.TransformationServicesHandler/MODLAUNCHER]: Configuring option handling for services
[30Sep2026 23:09:13.012] [main/DEBUG] [net.neoforged.fml.loading.FMLServiceProvider/CORE]: Received command line version data  : VersionInfo[neoForgeVersion=21.1.252, fmlVersion=4.0.44, mcVersion=1.21.1, neoFormVersion=20240808.144430]
[30Sep2026 23:09:13.012] [main/DEBUG] [cpw.mods.modlauncher.TransformationServicesHandler/MODLAUNCHER]: Transformation services initializing
[30Sep2026 23:09:13.013] [main/DEBUG] [cpw.mods.modlauncher.TransformationServiceDecorator/MODLAUNCHER]: Initializing transformation service mixin
[30Sep2026 23:09:13.028] [main/DEBUG] [mixin/]: MixinService [ModLauncher] was successfully booted in cpw.mods.cl.ModuleClassLoader@c81cdd1
[30Sep2026 23:09:13.037] [main/INFO] [mixin/]: SpongePowered MIXIN Subsystem Version=0.8.7 Source=union:/D:/xrexg/neoforge1.21.1/Gradle/caches/modules-2/files-2.1/net.fabricmc/sponge-mixin/0.15.2+mixin.0.8.7/2af2f021d8e02a0220dc27a7a72b4666d66d44ca/sponge-mixin-0.15.2+mixin.0.8.7.jar%23138!/ Service=ModLauncher Env=CLIENT
[30Sep2026 23:09:13.040] [main/DEBUG] [mixin/]: Initialising Mixin Platform Manager
[30Sep2026 23:09:13.040] [main/DEBUG] [mixin/]: Adding mixin platform agents for container ModLauncher Root Container(ModLauncher:4f56a0a2)
[30Sep2026 23:09:13.041] [main/DEBUG] [mixin/]: Instancing new MixinPlatformAgentMinecraftForge for ModLauncher Root Container(ModLauncher:4f56a0a2)
[30Sep2026 23:09:13.041] [main/DEBUG] [mixin/]: MixinPlatformAgentMinecraftForge rejected container ModLauncher Root Container(ModLauncher:4f56a0a2)
[30Sep2026 23:09:13.042] [main/DEBUG] [mixin/]: Instancing new MixinPlatformAgentDefault for ModLauncher Root Container(ModLauncher:4f56a0a2)
[30Sep2026 23:09:13.042] [main/DEBUG] [mixin/]: MixinPlatformAgentDefault accepted container ModLauncher Root Container(ModLauncher:4f56a0a2)
[30Sep2026 23:09:13.044] [main/DEBUG] [cpw.mods.modlauncher.TransformationServiceDecorator/MODLAUNCHER]: Initialized transformation service mixin
[30Sep2026 23:09:13.044] [main/DEBUG] [cpw.mods.modlauncher.TransformationServiceDecorator/MODLAUNCHER]: Initializing transformation service fml
[30Sep2026 23:09:13.044] [main/DEBUG] [net.neoforged.fml.loading.FMLServiceProvider/CORE]: Setting up basic FML game directories
[30Sep2026 23:09:13.045] [main/DEBUG] [net.neoforged.fml.loading.FMLPaths/CORE]: Path GAMEDIR is D:\xrexg\neoforge1.21.1\mods\we bearly bare\run
[30Sep2026 23:09:13.045] [main/DEBUG] [net.neoforged.fml.loading.FMLPaths/CORE]: Path MODSDIR is D:\xrexg\neoforge1.21.1\mods\we bearly bare\run\mods
[30Sep2026 23:09:13.045] [main/DEBUG] [net.neoforged.fml.loading.FMLPaths/CORE]: Path CONFIGDIR is D:\xrexg\neoforge1.21.1\mods\we bearly bare\run\config
[30Sep2026 23:09:13.045] [main/DEBUG] [net.neoforged.fml.loading.FMLPaths/CORE]: Path FMLCONFIG is D:\xrexg\neoforge1.21.1\mods\we bearly bare\run\config\fml.toml
[30Sep2026 23:09:13.045] [main/DEBUG] [net.neoforged.fml.loading.FMLServiceProvider/CORE]: Loading configuration
[30Sep2026 23:09:13.049] [main/DEBUG] [net.neoforged.fml.loading.FMLServiceProvider/CORE]: Preparing launch handler
[30Sep2026 23:09:13.051] [main/DEBUG] [net.neoforged.fml.loading.FMLLoader/CORE]: Using forgeclientdev as launch service
[30Sep2026 23:09:13.053] [main/DEBUG] [cpw.mods.modlauncher.TransformationServiceDecorator/MODLAUNCHER]: Initialized transformation service fml
[30Sep2026 23:09:13.053] [main/DEBUG] [cpw.mods.modlauncher.TransformationServicesHandler/MODLAUNCHER]: Transformation services begin scanning
[30Sep2026 23:09:13.053] [main/DEBUG] [cpw.mods.modlauncher.TransformationServiceDecorator/MODLAUNCHER]: Beginning scan trigger - transformation service mixin
[30Sep2026 23:09:13.054] [main/DEBUG] [cpw.mods.modlauncher.TransformationServiceDecorator/MODLAUNCHER]: End scan trigger - transformation service mixin
[30Sep2026 23:09:13.054] [main/DEBUG] [cpw.mods.modlauncher.TransformationServiceDecorator/MODLAUNCHER]: Beginning scan trigger - transformation service fml
[30Sep2026 23:09:13.054] [main/DEBUG] [net.neoforged.fml.loading.FMLServiceProvider/CORE]: Initiating mod scan
[30Sep2026 23:09:13.054] [main/DEBUG] [net.neoforged.fml.loading.targets.CommonLaunchHandler/CORE]: Got mod coordinates bearmod%%D:\\xrexg\\neoforge1.21.1\\mods\\we bearly bare\\build\\classes\\java\\main;bearmod%%D:\\xrexg\\neoforge1.21.1\\mods\\we bearly bare\\build\\resources\\main from env
[30Sep2026 23:09:13.055] [main/DEBUG] [net.neoforged.fml.loading.targets.CommonLaunchHandler/CORE]: Found supplied mod coordinates [{bearmod=[D:\xrexg\neoforge1.21.1\mods\we bearly bare\build\classes\java\main, D:\xrexg\neoforge1.21.1\mods\we bearly bare\build\resources\main]}]
[30Sep2026 23:09:13.056] [main/DEBUG] [net.neoforged.fml.loading.targets.CommonDevLaunchHandler/]: Launching with NeoForge from D:\xrexg\neoforge1.21.1\mods\we bearly bare\build\moddev\artifacts\neoforge-21.1.252.jar
[30Sep2026 23:09:13.067] [main/DEBUG] [net.neoforged.fml.util.ServiceLoaderUtil/CORE]: Found 4 implementations of IModFileCandidateLocator:
[30Sep2026 23:09:13.068] [main/DEBUG] [net.neoforged.fml.util.ServiceLoaderUtil/CORE]: 	       0 - [built-in] net.neoforged.fml.loading.moddiscovery.locators.NeoForgeDevProvider from loader-4.0.44.jar
[30Sep2026 23:09:13.069] [main/DEBUG] [net.neoforged.fml.util.ServiceLoaderUtil/CORE]: 	       0 - net.neoforged.fml.loading.moddiscovery.locators.ModsFolderLocator from loader-4.0.44.jar
[30Sep2026 23:09:13.069] [main/DEBUG] [net.neoforged.fml.util.ServiceLoaderUtil/CORE]: 	       0 - net.neoforged.fml.loading.moddiscovery.locators.MavenDirectoryLocator from loader-4.0.44.jar
[30Sep2026 23:09:13.069] [main/DEBUG] [net.neoforged.fml.util.ServiceLoaderUtil/CORE]: 	   -1000 - [built-in] net.neoforged.fml.loading.moddiscovery.locators.UserdevLocator from loader-4.0.44.jar
[30Sep2026 23:09:13.072] [main/DEBUG] [net.neoforged.fml.util.ServiceLoaderUtil/CORE]: Found 2 implementations of IModFileReader:
[30Sep2026 23:09:13.072] [main/DEBUG] [net.neoforged.fml.util.ServiceLoaderUtil/CORE]: 	       0 - net.neoforged.fml.loading.moddiscovery.readers.JarModsDotTomlModFileReader from loader-4.0.44.jar
[30Sep2026 23:09:13.073] [main/DEBUG] [net.neoforged.fml.util.ServiceLoaderUtil/CORE]: 	   -1000 - net.neoforged.fml.loading.moddiscovery.readers.NestedLibraryModReader from loader-4.0.44.jar
[30Sep2026 23:09:13.074] [main/DEBUG] [net.neoforged.fml.util.ServiceLoaderUtil/CORE]: Found 1 implementations of IDependencyLocator:
[30Sep2026 23:09:13.074] [main/DEBUG] [net.neoforged.fml.util.ServiceLoaderUtil/CORE]: 	       0 - net.neoforged.fml.loading.moddiscovery.locators.JarInJarDependencyLocator from loader-4.0.44.jar
[30Sep2026 23:09:13.136] [main/DEBUG] [net.neoforged.fml.loading.moddiscovery.ModFileInfo/LOADING]: Found valid mod file neoforge-21.1.252.jar with {minecraft} mods - versions {1.21.1}
[30Sep2026 23:09:13.144] [pool-2-thread-1/INFO] [EARLYDISPLAY/]: GL info: NVIDIA GeForce RTX 4050 Laptop GPU/PCIe/SSE2 GL version 4.6.0 NVIDIA 616.56, NVIDIA Corporation
[30Sep2026 23:09:13.144] [main/DEBUG] [net.neoforged.fml.loading.moddiscovery.ModFileParser/LOADING]: Considering mod file candidate D:\xrexg\neoforge1.21.1\mods\we bearly bare\build\moddev\artifacts\neoforge-21.1.252.jar
[30Sep2026 23:09:13.167] [main/DEBUG] [net.neoforged.fml.loading.moddiscovery.ModFileInfo/LOADING]: Found valid mod file neoforge-21.1.252.jar with {neoforge} mods - versions {21.1.252}
[30Sep2026 23:09:13.171] [main/DEBUG] [net.neoforged.fml.loading.moddiscovery.ModListHandler/CORE]: Found mod coordinates from lists: []
[30Sep2026 23:09:13.174] [main/DEBUG] [net.neoforged.fml.loading.moddiscovery.ModFileParser/LOADING]: Considering mod file candidate D:\xrexg\neoforge1.21.1\mods\we bearly bare\build\classes\java\main
[30Sep2026 23:09:13.182] [main/DEBUG] [net.neoforged.fml.loading.moddiscovery.ModFileInfo/LOADING]: Found valid mod file main with {bearmod} mods - versions {0.0.1}
[30Sep2026 23:09:13.194] [main/DEBUG] [net.neoforged.fml.loading.moddiscovery.ModFileParser/LOADING]: Considering mod file candidate D:\xrexg\neoforge1.21.1\mods\we bearly bare\build\moddev\artifacts\neoforge-21.1.252.jar
[30Sep2026 23:09:13.196] [main/DEBUG] [net.neoforged.fml.loading.moddiscovery.ModFileInfo/LOADING]: Found valid mod file neoforge-21.1.252.jar with {neoforge} mods - versions {21.1.252}
[30Sep2026 23:09:13.239] [main/DEBUG] [net.neoforged.fml.loading.moddiscovery.ModDiscoverer/]: Skipping D:\xrexg\neoforge1.21.1\Gradle\caches\modules-2\files-2.1\net.neoforged.fancymodloader\earlydisplay\4.0.44\cb2afcf15672180eca1c49b1c9b1208951ef322e\earlydisplay-4.0.44.jar because it was already located earlier
[30Sep2026 23:09:13.240] [main/DEBUG] [net.neoforged.fml.loading.moddiscovery.ModDiscoverer/]: Skipping D:\xrexg\neoforge1.21.1\Gradle\caches\modules-2\files-2.1\net.neoforged.fancymodloader\loader\4.0.44\63433608b68302a442e3dba87880e54f42ea0583\loader-4.0.44.jar because it was already located earlier
[30Sep2026 23:09:13.240] [main/DEBUG] [net.neoforged.fml.loading.moddiscovery.ModDiscoverer/]: Skipping D:\xrexg\neoforge1.21.1\Gradle\caches\modules-2\files-2.1\net.neoforged.accesstransformers\at-modlauncher\10.0.1\5aba50202aceead086bc09fbc2751c9f05cb4890\at-modlauncher-10.0.1.jar because it was already located earlier
[30Sep2026 23:09:13.240] [main/DEBUG] [net.neoforged.fml.loading.moddiscovery.ModDiscoverer/]: Skipping D:\xrexg\neoforge1.21.1\Gradle\caches\modules-2\files-2.1\net.neoforged\accesstransformers\10.0.1\fd83b5725f76eae9115e9355fa1c456a6a441400\accesstransformers-10.0.1.jar because it was already located earlier
[30Sep2026 23:09:13.240] [main/DEBUG] [net.neoforged.fml.loading.moddiscovery.ModDiscoverer/]: Skipping D:\xrexg\neoforge1.21.1\Gradle\caches\modules-2\files-2.1\net.neoforged\bus\8.0.5\5b2d33285ab5d1554e9798ad98c40d6ea3868bd5\bus-8.0.5.jar because it was already located earlier
[30Sep2026 23:09:13.240] [main/DEBUG] [net.neoforged.fml.loading.moddiscovery.ModDiscoverer/]: Skipping D:\xrexg\neoforge1.21.1\Gradle\caches\modules-2\files-2.1\net.neoforged\coremods\7.0.3\9147e6f638b4272b3bd5fc8f92ad37802512c6c\coremods-7.0.3.jar because it was already located earlier
[30Sep2026 23:09:13.240] [main/DEBUG] [net.neoforged.fml.loading.moddiscovery.ModDiscoverer/]: Skipping D:\xrexg\neoforge1.21.1\Gradle\caches\modules-2\files-2.1\cpw.mods\modlauncher\11.0.5\b8f0d49294f733fdb6173931b263553e943dc950\modlauncher-11.0.5.jar because it was already located earlier
[30Sep2026 23:09:13.240] [main/DEBUG] [net.neoforged.fml.loading.moddiscovery.ModDiscoverer/]: Skipping D:\xrexg\neoforge1.21.1\Gradle\caches\modules-2\files-2.1\net.neoforged\mergetool\2.0.0\52fe1949be64e3303aabaaa21e315f551db9c9f4\mergetool-2.0.0-api.jar because it was already located earlier
[30Sep2026 23:09:13.242] [main/DEBUG] [net.neoforged.fml.loading.moddiscovery.ModDiscoverer/]: Skipping D:\xrexg\neoforge1.21.1\Gradle\caches\modules-2\files-2.1\com.electronwill.night-config\toml\3.8.3\90b2fd6efcb4a7d5b9810cf78f9d824994d717f2\toml-3.8.3.jar because it was already located earlier
[30Sep2026 23:09:13.242] [main/DEBUG] [net.neoforged.fml.loading.moddiscovery.ModDiscoverer/]: Skipping D:\xrexg\neoforge1.21.1\Gradle\caches\modules-2\files-2.1\com.electronwill.night-config\core\3.8.3\b442a95f09e349927f5a945ecb594455870fcf4f\core-3.8.3.jar because it was already located earlier
[30Sep2026 23:09:13.242] [main/DEBUG] [net.neoforged.fml.loading.moddiscovery.ModDiscoverer/]: Skipping D:\xrexg\neoforge1.21.1\Gradle\caches\modules-2\files-2.1\net.neoforged\JarJarSelector\0.4.1\fb3cc7a58af22ad2880adb98af6d518128c47dae\JarJarSelector-0.4.1.jar because it was already located earlier
[30Sep2026 23:09:13.242] [main/DEBUG] [net.neoforged.fml.loading.moddiscovery.ModDiscoverer/]: Skipping D:\xrexg\neoforge1.21.1\Gradle\caches\modules-2\files-2.1\net.neoforged\JarJarMetadata\0.4.1\f8da03683dc81694556dc3e177c5e3bb77ae6fcb\JarJarMetadata-0.4.1.jar because it was already located earlier
[30Sep2026 23:09:13.243] [main/DEBUG] [net.neoforged.fml.loading.moddiscovery.ModDiscoverer/]: Skipping D:\xrexg\neoforge1.21.1\Gradle\caches\modules-2\files-2.1\org.apache.maven\maven-artifact\3.8.5\4433f50c07debefaed0553bd0068f4f48d449313\maven-artifact-3.8.5.jar because it was already located earlier
[30Sep2026 23:09:13.243] [main/DEBUG] [net.neoforged.fml.loading.moddiscovery.ModDiscoverer/]: Skipping D:\xrexg\neoforge1.21.1\Gradle\caches\modules-2\files-2.1\net.jodah\typetools\0.6.3\a01aaa6ddaea9ec07ec4f209487b7a46a526283a\typetools-0.6.3.jar because it was already located earlier
[30Sep2026 23:09:13.243] [main/DEBUG] [net.neoforged.fml.loading.moddiscovery.ModDiscoverer/]: Skipping D:\xrexg\neoforge1.21.1\Gradle\caches\modules-2\files-2.1\net.minecrell\terminalconsoleappender\1.3.0\b562e9bb61235c9520e26282cdee71f8f802d1fc\terminalconsoleappender-1.3.0.jar because it was already located earlier
[30Sep2026 23:09:13.243] [main/DEBUG] [net.neoforged.fml.loading.moddiscovery.ModDiscoverer/]: Skipping D:\xrexg\neoforge1.21.1\Gradle\caches\modules-2\files-2.1\net.fabricmc\sponge-mixin\0.15.2+mixin.0.8.7\2af2f021d8e02a0220dc27a7a72b4666d66d44ca\sponge-mixin-0.15.2+mixin.0.8.7.jar because it was already located earlier
[30Sep2026 23:09:13.244] [main/DEBUG] [net.neoforged.fml.loading.moddiscovery.ModDiscoverer/]: Skipping D:\xrexg\neoforge1.21.1\Gradle\caches\modules-2\files-2.1\org.openjdk.nashorn\nashorn-core\15.4\f67f5ffaa5f5130cf6fb9b133da00c7df3b532a5\nashorn-core-15.4.jar because it was already located earlier
[30Sep2026 23:09:13.244] [main/DEBUG] [net.neoforged.fml.loading.moddiscovery.ModDiscoverer/]: Skipping D:\xrexg\neoforge1.21.1\Gradle\caches\modules-2\files-2.1\org.apache.commons\commons-lang3\3.14.0\1ed471194b02f2c6cb734a0cd6f6f107c673afae\commons-lang3-3.14.0.jar because it was already located earlier
[30Sep2026 23:09:13.244] [main/DEBUG] [net.neoforged.fml.loading.moddiscovery.ModDiscoverer/]: Skipping D:\xrexg\neoforge1.21.1\Gradle\caches\modules-2\files-2.1\net.sf.jopt-simple\jopt-simple\5.0.4\4fdac2fbe92dfad86aa6e9301736f6b4342a3f5c\jopt-simple-5.0.4.jar because it was already located earlier
[30Sep2026 23:09:13.245] [main/DEBUG] [net.neoforged.fml.loading.moddiscovery.ModDiscoverer/]: Skipping D:\xrexg\neoforge1.21.1\Gradle\caches\modules-2\files-2.1\commons-io\commons-io\2.15.1\f11560da189ab563a5c8e351941415430e9304ea\commons-io-2.15.1.jar because it was already located earlier
[30Sep2026 23:09:13.245] [main/DEBUG] [net.neoforged.fml.loading.moddiscovery.ModDiscoverer/]: Skipping D:\xrexg\neoforge1.21.1\Gradle\caches\modules-2\files-2.1\com.mojang\logging\1.2.7\24cb95ffb0e3433fd6e844c04e68009e504ca1c0\logging-1.2.7.jar because it was already located earlier
[30Sep2026 23:09:13.245] [main/DEBUG] [net.neoforged.fml.loading.moddiscovery.ModDiscoverer/]: Skipping D:\xrexg\neoforge1.21.1\Gradle\caches\modules-2\files-2.1\org.apache.logging.log4j\log4j-slf4j2-impl\2.22.1\d7e6693c2606cb7e7335047d7bb96dec52db5665\log4j-slf4j2-impl-2.22.1.jar because it was already located earlier
[30Sep2026 23:09:13.245] [main/DEBUG] [net.neoforged.fml.loading.moddiscovery.ModDiscoverer/]: Skipping D:\xrexg\neoforge1.21.1\Gradle\caches\modules-2\files-2.1\org.apache.logging.log4j\log4j-core\2.22.1\7183a25510a02ad00cc6a95d3b3d2a7d3c5a8dc4\log4j-core-2.22.1.jar because it was already located earlier
[30Sep2026 23:09:13.246] [main/DEBUG] [net.neoforged.fml.loading.moddiscovery.ModDiscoverer/]: Skipping D:\xrexg\neoforge1.21.1\Gradle\caches\modules-2\files-2.1\org.apache.logging.log4j\log4j-api\2.22.1\bea6fede6328fabafd7e68363161a7ea6605abd1\log4j-api-2.22.1.jar because it was already located earlier
[30Sep2026 23:09:13.246] [main/DEBUG] [net.neoforged.fml.loading.moddiscovery.ModDiscoverer/]: Skipping D:\xrexg\neoforge1.21.1\Gradle\caches\modules-2\files-2.1\com.google.guava\guava\32.1.2-jre\5e64ec7e056456bef3a4bc4c6fdaef71e8ab6318\guava-32.1.2-jre.jar because it was already located earlier
[30Sep2026 23:09:13.247] [main/DEBUG] [net.neoforged.fml.loading.moddiscovery.ModDiscoverer/]: Skipping D:\xrexg\neoforge1.21.1\Gradle\caches\modules-2\files-2.1\com.google.code.gson\gson\2.10.1\b3add478d4382b78ea20b1671390a858002feb6c\gson-2.10.1.jar because it was already located earlier
[30Sep2026 23:09:13.247] [main/DEBUG] [net.neoforged.fml.loading.moddiscovery.ModDiscoverer/]: Skipping D:\xrexg\neoforge1.21.1\Gradle\caches\modules-2\files-2.1\org.slf4j\slf4j-api\2.0.9\7cf2726fdcfbc8610f9a71fb3ed639871f315340\slf4j-api-2.0.9.jar because it was already located earlier
[30Sep2026 23:09:13.247] [main/DEBUG] [net.neoforged.fml.loading.moddiscovery.ModDiscoverer/]: Skipping D:\xrexg\neoforge1.21.1\Gradle\caches\modules-2\files-2.1\org.antlr\antlr4-runtime\4.13.1\17125bae1d965624e265ef49552f6465a2bfa307\antlr4-runtime-4.13.1.jar because it was already located earlier
[30Sep2026 23:09:13.247] [main/DEBUG] [net.neoforged.fml.loading.moddiscovery.ModDiscoverer/]: Skipping D:\xrexg\neoforge1.21.1\Gradle\caches\modules-2\files-2.1\net.minecraftforge\srgutils\0.4.15\ca408b131759478f164e010fae0d73997e125fb5\srgutils-0.4.15.jar because it was already located earlier
[30Sep2026 23:09:13.247] [main/DEBUG] [net.neoforged.fml.loading.moddiscovery.ModDiscoverer/]: Skipping D:\xrexg\neoforge1.21.1\Gradle\caches\modules-2\files-2.1\org.codehaus.plexus\plexus-utils\3.3.0\cf43b5391de623b36fe066a21127baef82c64022\plexus-utils-3.3.0.jar because it was already located earlier
[30Sep2026 23:09:13.247] [main/DEBUG] [net.neoforged.fml.loading.moddiscovery.ModDiscoverer/]: Skipping D:\xrexg\neoforge1.21.1\Gradle\caches\modules-2\files-2.1\org.jline\jline-reader\3.20.0\8f15415b022a25b473e8e16c28ae913186ffb9c4\jline-reader-3.20.0.jar because it was already located earlier
[30Sep2026 23:09:13.248] [main/DEBUG] [net.neoforged.fml.loading.moddiscovery.ModDiscoverer/]: Skipping D:\xrexg\neoforge1.21.1\Gradle\caches\modules-2\files-2.1\com.machinezoo.noexception\noexception\1.7.1\b65330c98e38a1f915fa54a6e5eca496505e3f0a\noexception-1.7.1.jar because it was already located earlier
[30Sep2026 23:09:13.248] [main/DEBUG] [net.neoforged.fml.loading.moddiscovery.ModDiscoverer/]: Skipping D:\xrexg\neoforge1.21.1\Gradle\caches\modules-2\files-2.1\com.github.oshi\oshi-core\6.4.10\b1d8ab82d11d92fd639b56d639f8f46f739dd5fa\oshi-core-6.4.10.jar because it was already located earlier
[30Sep2026 23:09:13.248] [main/DEBUG] [net.neoforged.fml.loading.moddiscovery.ModDiscoverer/]: Skipping D:\xrexg\neoforge1.21.1\Gradle\caches\modules-2\files-2.1\com.google.guava\failureaccess\1.0.1\1dcf1de382a0bf95a3d8b0849546c88bac1292c9\failureaccess-1.0.1.jar because it was already located earlier
[30Sep2026 23:09:13.248] [main/DEBUG] [net.neoforged.fml.loading.moddiscovery.ModDiscoverer/]: Skipping D:\xrexg\neoforge1.21.1\Gradle\caches\modules-2\files-2.1\com.ibm.icu\icu4j\73.2\61ad4ef7f9131fcf6d25c34b817f90d6da06c9e9\icu4j-73.2.jar because it was already located earlier
[30Sep2026 23:09:13.248] [main/DEBUG] [net.neoforged.fml.loading.moddiscovery.ModDiscoverer/]: Skipping D:\xrexg\neoforge1.21.1\Gradle\caches\modules-2\files-2.1\com.mojang\authlib\6.0.54\de8bc95660e1b2fe8793fd427a7a10dcec5b3ea7\authlib-6.0.54.jar because it was already located earlier
[30Sep2026 23:09:13.248] [main/DEBUG] [net.neoforged.fml.loading.moddiscovery.ModDiscoverer/]: Skipping D:\xrexg\neoforge1.21.1\Gradle\caches\modules-2\files-2.1\com.mojang\blocklist\1.0.10\5c685c5ffa94c4cd39496c7184c1d122e515ecef\blocklist-1.0.10.jar because it was already located earlier
[30Sep2026 23:09:13.248] [main/DEBUG] [net.neoforged.fml.loading.moddiscovery.ModDiscoverer/]: Skipping D:\xrexg\neoforge1.21.1\Gradle\caches\modules-2\files-2.1\com.mojang\brigadier\1.3.10\d15b53a14cf20fdcaa98f731af5dda654452c010\brigadier-1.3.10.jar because it was already located earlier
[30Sep2026 23:09:13.248] [main/DEBUG] [net.neoforged.fml.loading.moddiscovery.ModDiscoverer/]: Skipping D:\xrexg\neoforge1.21.1\Gradle\caches\modules-2\files-2.1\com.mojang\datafixerupper\8.0.16\67d4de6d7f95d89bcf5862995fb854ebaec02a34\datafixerupper-8.0.16.jar because it was already located earlier
[30Sep2026 23:09:13.248] [main/DEBUG] [net.neoforged.fml.loading.moddiscovery.ModDiscoverer/]: Skipping D:\xrexg\neoforge1.21.1\Gradle\caches\modules-2\files-2.1\com.mojang\patchy\2.2.10\da05971b07cbb379d002cf7eaec6a2048211fefc\patchy-2.2.10.jar because it was already located earlier
[30Sep2026 23:09:13.248] [main/DEBUG] [net.neoforged.fml.loading.moddiscovery.ModDiscoverer/]: Skipping D:\xrexg\neoforge1.21.1\Gradle\caches\modules-2\files-2.1\com.mojang\text2speech\1.17.9\3cad216e3a7f0c19b4b394388bc9ffc446f13b14\text2speech-1.17.9.jar because it was already located earlier
[30Sep2026 23:09:13.248] [main/DEBUG] [net.neoforged.fml.loading.moddiscovery.ModDiscoverer/]: Skipping D:\xrexg\neoforge1.21.1\Gradle\caches\modules-2\files-2.1\commons-codec\commons-codec\1.16.0\4e3eb3d79888d76b54e28b350915b5dc3919c9de\commons-codec-1.16.0.jar because it was already located earlier
[30Sep2026 23:09:13.249] [main/DEBUG] [net.neoforged.fml.loading.moddiscovery.ModDiscoverer/]: Skipping D:\xrexg\neoforge1.21.1\Gradle\caches\modules-2\files-2.1\commons-logging\commons-logging\1.2\4bfc12adfe4842bf07b657f0369c4cb522955686\commons-logging-1.2.jar because it was already located earlier
[30Sep2026 23:09:13.249] [main/DEBUG] [net.neoforged.fml.loading.moddiscovery.ModDiscoverer/]: Skipping D:\xrexg\neoforge1.21.1\Gradle\caches\modules-2\files-2.1\io.netty\netty-buffer\4.1.97.Final\f8f3d8644afa5e6e1a40a3a6aeb9d9aa970ecb4f\netty-buffer-4.1.97.Final.jar because it was already located earlier
[30Sep2026 23:09:13.249] [main/DEBUG] [net.neoforged.fml.loading.moddiscovery.ModDiscoverer/]: Skipping D:\xrexg\neoforge1.21.1\Gradle\caches\modules-2\files-2.1\io.netty\netty-codec\4.1.97.Final\384ba4d75670befbedb45c4d3b497a93639c206d\netty-codec-4.1.97.Final.jar because it was already located earlier
[30Sep2026 23:09:13.249] [main/DEBUG] [net.neoforged.fml.loading.moddiscovery.ModDiscoverer/]: Skipping D:\xrexg\neoforge1.21.1\Gradle\caches\modules-2\files-2.1\io.netty\netty-common\4.1.97.Final\7cceacaf11df8dc63f23d0fb58e9d4640fc88404\netty-common-4.1.97.Final.jar because it was already located earlier
[30Sep2026 23:09:13.249] [main/DEBUG] [net.neoforged.fml.loading.moddiscovery.ModDiscoverer/]: Skipping D:\xrexg\neoforge1.21.1\Gradle\caches\modules-2\files-2.1\io.netty\netty-handler\4.1.97.Final\abb86c6906bf512bf2b797a41cd7d2e8d3cd7c36\netty-handler-4.1.97.Final.jar because it was already located earlier
[30Sep2026 23:09:13.249] [main/DEBUG] [net.neoforged.fml.loading.moddiscovery.ModDiscoverer/]: Skipping D:\xrexg\neoforge1.21.1\Gradle\caches\modules-2\files-2.1\io.netty\netty-resolver\4.1.97.Final\cec8348108dc76c47cf87c669d514be52c922144\netty-resolver-4.1.97.Final.jar because it was already located earlier
[30Sep2026 23:09:13.250] [main/DEBUG] [net.neoforged.fml.loading.moddiscovery.ModDiscoverer/]: Skipping D:\xrexg\neoforge1.21.1\Gradle\caches\modules-2\files-2.1\io.netty\netty-transport-classes-epoll\4.1.97.Final\795da37ded759e862457a82d9d92c4d39ce8ecee\netty-transport-classes-epoll-4.1.97.Final.jar because it was already located earlier
[30Sep2026 23:09:13.250] [main/DEBUG] [net.neoforged.fml.loading.moddiscovery.ModDiscoverer/]: Skipping D:\xrexg\neoforge1.21.1\Gradle\caches\modules-2\files-2.1\io.netty\netty-transport-native-unix-common\4.1.97.Final\d469d84265ab70095b01b40886cabdd433b6e664\netty-transport-native-unix-common-4.1.97.Final.jar because it was already located earlier
[30Sep2026 23:09:13.250] [main/DEBUG] [net.neoforged.fml.loading.moddiscovery.ModDiscoverer/]: Skipping D:\xrexg\neoforge1.21.1\Gradle\caches\modules-2\files-2.1\io.netty\netty-transport\4.1.97.Final\f37380d23c9bb079bc702910833b2fd532c9abd0\netty-transport-4.1.97.Final.jar because it was already located earlier
[30Sep2026 23:09:13.250] [main/DEBUG] [net.neoforged.fml.loading.moddiscovery.ModDiscoverer/]: Skipping D:\xrexg\neoforge1.21.1\Gradle\caches\modules-2\files-2.1\it.unimi.dsi\fastutil\8.5.12\c24946d46824bd528054bface3231d2ecb7e95e8\fastutil-8.5.12.jar because it was already located earlier
[30Sep2026 23:09:13.250] [main/DEBUG] [net.neoforged.fml.loading.moddiscovery.ModDiscoverer/]: Skipping D:\xrexg\neoforge1.21.1\Gradle\caches\modules-2\files-2.1\net.java.dev.jna\jna-platform\5.14.0\28934d48aed814f11e4c584da55c49fa7032b31b\jna-platform-5.14.0.jar because it was already located earlier
[30Sep2026 23:09:13.250] [main/DEBUG] [net.neoforged.fml.loading.moddiscovery.ModDiscoverer/]: Skipping D:\xrexg\neoforge1.21.1\Gradle\caches\modules-2\files-2.1\net.java.dev.jna\jna\5.14.0\67bf3eaea4f0718cb376a181a629e5f88fa1c9dd\jna-5.14.0.jar because it was already located earlier
[30Sep2026 23:09:13.250] [main/DEBUG] [net.neoforged.fml.loading.moddiscovery.ModDiscoverer/]: Skipping D:\xrexg\neoforge1.21.1\Gradle\caches\modules-2\files-2.1\org.apache.commons\commons-compress\1.26.0\659feffdd12280201c8aacb8f7be94f9a883c824\commons-compress-1.26.0.jar because it was already located earlier
[30Sep2026 23:09:13.251] [main/DEBUG] [net.neoforged.fml.loading.moddiscovery.ModDiscoverer/]: Skipping D:\xrexg\neoforge1.21.1\Gradle\caches\modules-2\files-2.1\org.apache.httpcomponents\httpclient\4.5.13\e5f6cae5ca7ecaac1ec2827a9e2d65ae2869cada\httpclient-4.5.13.jar because it was already located earlier
[30Sep2026 23:09:13.251] [main/DEBUG] [net.neoforged.fml.loading.moddiscovery.ModDiscoverer/]: Skipping D:\xrexg\neoforge1.21.1\Gradle\caches\modules-2\files-2.1\org.apache.httpcomponents\httpcore\4.4.16\51cf043c87253c9f58b539c9f7e44c8894223850\httpcore-4.4.16.jar because it was already located earlier
[30Sep2026 23:09:13.251] [main/DEBUG] [net.neoforged.fml.loading.moddiscovery.ModDiscoverer/]: Skipping D:\xrexg\neoforge1.21.1\Gradle\caches\modules-2\files-2.1\org.jcraft\jorbis\0.0.17\8872d22b293e8f5d7d56ff92be966e6dc28ebdc6\jorbis-0.0.17.jar because it was already located earlier
[30Sep2026 23:09:13.251] [main/DEBUG] [net.neoforged.fml.loading.moddiscovery.ModDiscoverer/]: Skipping D:\xrexg\neoforge1.21.1\Gradle\caches\modules-2\files-2.1\org.joml\joml\1.10.5\22566d58af70ad3d72308bab63b8339906deb649\joml-1.10.5.jar because it was already located earlier
[30Sep2026 23:09:13.251] [main/DEBUG] [net.neoforged.fml.loading.moddiscovery.ModDiscoverer/]: Skipping D:\xrexg\neoforge1.21.1\Gradle\caches\modules-2\files-2.1\org.lwjgl\lwjgl-freetype\3.3.3\a0db6c84a8becc8ca05f9dbfa985edc348a824c7\lwjgl-freetype-3.3.3.jar because it was already located earlier
[30Sep2026 23:09:13.271] [main/DEBUG] [net.neoforged.fml.loading.moddiscovery.ModDiscoverer/]: Skipping D:\xrexg\neoforge1.21.1\Gradle\caches\modules-2\files-2.1\org.lwjgl\lwjgl-freetype\3.3.3\15a8c1de7f51d07a92eae7ce1222557073a0c0c3\lwjgl-freetype-3.3.3-natives-windows-x86.jar because it was already located earlier
[30Sep2026 23:09:13.271] [main/DEBUG] [net.neoforged.fml.loading.moddiscovery.ModDiscoverer/]: Skipping D:\xrexg\neoforge1.21.1\Gradle\caches\modules-2\files-2.1\org.lwjgl\lwjgl-glfw\3.3.3\efa1eb78c5ccd840e9f329717109b5e892d72f8e\lwjgl-glfw-3.3.3.jar because it was already located earlier
[30Sep2026 23:09:13.290] [main/DEBUG] [net.neoforged.fml.loading.moddiscovery.ModDiscoverer/]: Skipping D:\xrexg\neoforge1.21.1\Gradle\caches\modules-2\files-2.1\org.lwjgl\lwjgl-glfw\3.3.3\32334f3fd5270a59bad9939a93115acb6de36dcf\lwjgl-glfw-3.3.3-natives-windows-x86.jar because it was already located earlier
[30Sep2026 23:09:13.290] [main/DEBUG] [net.neoforged.fml.loading.moddiscovery.ModDiscoverer/]: Skipping D:\xrexg\neoforge1.21.1\Gradle\caches\modules-2\files-2.1\org.lwjgl\lwjgl-jemalloc\3.3.3\b543467b7ff3c6920539a88ee602d34098628be5\lwjgl-jemalloc-3.3.3.jar because it was already located earlier
[30Sep2026 23:09:13.290] [main/DEBUG] [net.neoforged.fml.loading.moddiscovery.ModDiscoverer/]: Skipping D:\xrexg\neoforge1.21.1\Gradle\caches\modules-2\files-2.1\org.lwjgl\lwjgl-jemalloc\3.3.3\426222fc027602a5f21b9c0fe79cde6a4c7a011f\lwjgl-jemalloc-3.3.3-natives-windows.jar because it was already located earlier
[30Sep2026 23:09:13.309] [main/DEBUG] [net.neoforged.fml.loading.moddiscovery.ModDiscoverer/]: Skipping D:\xrexg\neoforge1.21.1\Gradle\caches\modules-2\files-2.1\org.lwjgl\lwjgl-openal\3.3.3\daada81ceb5fc0c291fbfdd4433cb8d9423577f2\lwjgl-openal-3.3.3.jar because it was already located earlier
[30Sep2026 23:09:13.328] [main/DEBUG] [net.neoforged.fml.loading.moddiscovery.ModDiscoverer/]: Skipping D:\xrexg\neoforge1.21.1\Gradle\caches\modules-2\files-2.1\org.lwjgl\lwjgl-openal\3.3.3\87b8d5050e3adb46bb58fe1cb2669a4a48fce10d\lwjgl-openal-3.3.3-natives-windows-x86.jar because it was already located earlier
[30Sep2026 23:09:13.328] [main/DEBUG] [net.neoforged.fml.loading.moddiscovery.ModDiscoverer/]: Skipping D:\xrexg\neoforge1.21.1\Gradle\caches\modules-2\files-2.1\org.lwjgl\lwjgl-opengl\3.3.3\2f6b0147078396a58979125a4c947664e98293a\lwjgl-opengl-3.3.3.jar because it was already located earlier
[30Sep2026 23:09:13.335] [main/DEBUG] [net.neoforged.fml.loading.moddiscovery.ModDiscoverer/]: Skipping D:\xrexg\neoforge1.21.1\Gradle\caches\modules-2\files-2.1\org.lwjgl\lwjgl-opengl\3.3.3\65e956d3735a1abdc82eff4baec1b61174697d4b\lwjgl-opengl-3.3.3-natives-windows-arm64.jar because it was already located earlier
[30Sep2026 23:09:13.343] [main/DEBUG] [net.neoforged.fml.loading.moddiscovery.ModDiscoverer/]: Skipping D:\xrexg\neoforge1.21.1\Gradle\caches\modules-2\files-2.1\org.lwjgl\lwjgl-stb\3.3.3\25dd6161988d7e65f71d5065c99902402ee32746\lwjgl-stb-3.3.3.jar because it was already located earlier
[30Sep2026 23:09:13.344] [main/DEBUG] [net.neoforged.fml.loading.moddiscovery.ModDiscoverer/]: Skipping D:\xrexg\neoforge1.21.1\Gradle\caches\modules-2\files-2.1\org.lwjgl\lwjgl-stb\3.3.3\1d9facdf6541de114b0f963be33505b7679c78cb\lwjgl-stb-3.3.3-natives-windows.jar because it was already located earlier
[30Sep2026 23:09:13.360] [main/DEBUG] [net.neoforged.fml.loading.moddiscovery.ModDiscoverer/]: Skipping D:\xrexg\neoforge1.21.1\Gradle\caches\modules-2\files-2.1\org.lwjgl\lwjgl-tinyfd\3.3.3\82d755ca94b102e9ca77283b9e2dc46d1b15fbe5\lwjgl-tinyfd-3.3.3.jar because it was already located earlier
[30Sep2026 23:09:13.360] [main/DEBUG] [net.neoforged.fml.loading.moddiscovery.ModDiscoverer/]: Skipping D:\xrexg\neoforge1.21.1\Gradle\caches\modules-2\files-2.1\org.lwjgl\lwjgl-tinyfd\3.3.3\a6697981b0449a5087c1d546fc08b4f73e8f98c9\lwjgl-tinyfd-3.3.3-natives-windows.jar because it was already located earlier
[30Sep2026 23:09:13.381] [main/DEBUG] [net.neoforged.fml.loading.moddiscovery.ModDiscoverer/]: Skipping D:\xrexg\neoforge1.21.1\Gradle\caches\modules-2\files-2.1\org.lwjgl\lwjgl\3.3.3\29589b5f87ed335a6c7e7ee6a5775f81f97ecb84\lwjgl-3.3.3.jar because it was already located earlier
[30Sep2026 23:09:13.399] [main/DEBUG] [net.neoforged.fml.loading.moddiscovery.ModDiscoverer/]: Skipping D:\xrexg\neoforge1.21.1\Gradle\caches\modules-2\files-2.1\org.lwjgl\lwjgl\3.3.3\9e670718e050aeaeea0c2d5b907cffb142f2e58f\lwjgl-3.3.3-natives-windows-x86.jar because it was already located earlier
[30Sep2026 23:09:13.399] [main/DEBUG] [net.neoforged.fml.loading.moddiscovery.ModDiscoverer/]: Skipping D:\xrexg\neoforge1.21.1\Gradle\caches\modules-2\files-2.1\org.lz4\lz4-java\1.8.0\4b986a99445e49ea5fbf5d149c4b63f6ed6c6780\lz4-java-1.8.0.jar because it was already located earlier
[30Sep2026 23:09:13.399] [main/DEBUG] [net.neoforged.fml.loading.moddiscovery.ModDiscoverer/]: Skipping D:\xrexg\neoforge1.21.1\Gradle\caches\modules-2\files-2.1\org.jline\jline-terminal\3.20.0\d0ddcc708ddf527a3454c941b7b9225cc83a15ff\jline-terminal-3.20.0.jar because it was already located earlier
[30Sep2026 23:09:13.399] [main/DEBUG] [net.neoforged.fml.loading.moddiscovery.ModDiscoverer/]: Skipping D:\xrexg\neoforge1.21.1\Gradle\caches\modules-2\files-2.1\com.google.guava\listenablefuture\9999.0-empty-to-avoid-conflict-with-guava\b421526c5f297295adef1c886e5246c39d4ac629\listenablefuture-9999.0-empty-to-avoid-conflict-with-guava.jar because it was already located earlier
[30Sep2026 23:09:13.399] [main/DEBUG] [net.neoforged.fml.loading.moddiscovery.ModDiscoverer/]: Skipping D:\xrexg\neoforge1.21.1\Gradle\caches\modules-2\files-2.1\com.google.code.findbugs\jsr305\3.0.2\25ea2e8b0c338a877313bd4672d3fe056ea78f0d\jsr305-3.0.2.jar because it was already located earlier
[30Sep2026 23:09:13.399] [main/DEBUG] [net.neoforged.fml.loading.moddiscovery.ModDiscoverer/]: Skipping D:\xrexg\neoforge1.21.1\Gradle\caches\modules-2\files-2.1\org.checkerframework\checker-qual\3.33.0\de2b60b62da487644fc11f734e73c8b0b431238f\checker-qual-3.33.0.jar because it was already located earlier
[30Sep2026 23:09:13.399] [main/DEBUG] [net.neoforged.fml.loading.moddiscovery.ModDiscoverer/]: Skipping D:\xrexg\neoforge1.21.1\Gradle\caches\modules-2\files-2.1\com.google.errorprone\error_prone_annotations\2.18.0\89b684257096f548fa39a7df9fdaa409d4d4df91\error_prone_annotations-2.18.0.jar because it was already located earlier
[30Sep2026 23:09:13.400] [main/DEBUG] [net.neoforged.fml.loading.moddiscovery.ModDiscoverer/]: Skipping D:\xrexg\neoforge1.21.1\Gradle\caches\modules-2\files-2.1\com.google.j2objc\j2objc-annotations\2.8\c85270e307e7b822f1086b93689124b89768e273\j2objc-annotations-2.8.jar because it was already located earlier
[30Sep2026 23:09:13.403] [main/DEBUG] [net.neoforged.fml.loading.UniqueModListBuilder/]: Found 2 mods for first modid neoforge, selecting most recent based on version data
[30Sep2026 23:09:13.404] [main/DEBUG] [net.neoforged.fml.loading.UniqueModListBuilder/]: Selected file neoforge-21.1.252.jar for modid neoforge with version 21.1.252
[30Sep2026 23:09:13.625] [main/INFO] [net.neoforged.fml.loading.moddiscovery.locators.JarInJarDependencyLocator/]: Found 2 dependencies adding them to mods collection
[30Sep2026 23:09:13.628] [main/INFO] [net.neoforged.fml.loading.moddiscovery.ModDiscoverer/]: 
     Mod List:
		Name Version (Mod Id)

		Minecraft 1.21.1 (minecraft)
		NeoForge 21.1.252 (neoforge)
		we bearly bare 0.0.1 (bearmod)
[30Sep2026 23:09:13.632] [main/DEBUG] [net.neoforged.fml.loading.moddiscovery.ModFileInfo/LOADING]: Found valid mod file neoforge-21.1.252.jar with {minecraft} mods - versions {1.21.1}
[30Sep2026 23:09:13.637] [main/DEBUG] [net.neoforged.fml.loading.moddiscovery.ModFile/LOADING]: Loading mod file D:\xrexg\neoforge1.21.1\mods\we bearly bare\build\moddev\artifacts\neoforge-21.1.252.jar with languages [LanguageSpec[languageName=minecraft, acceptedVersions=1]]
[30Sep2026 23:09:13.640] [main/DEBUG] [net.neoforged.fml.loading.moddiscovery.ModFileParser/LOADING]: Considering mod file candidate D:\xrexg\neoforge1.21.1\mods\we bearly bare\build\classes\java\main
[30Sep2026 23:09:13.643] [main/DEBUG] [net.neoforged.fml.loading.moddiscovery.ModFileInfo/LOADING]: Found valid mod file main with {bearmod} mods - versions {0.0.1}
[30Sep2026 23:09:13.644] [main/DEBUG] [net.neoforged.fml.loading.moddiscovery.ModFile/LOADING]: Loading mod file D:\xrexg\neoforge1.21.1\mods\we bearly bare\build\classes\java\main with languages [LanguageSpec[languageName=javafml, acceptedVersions=[4,)]]
[30Sep2026 23:09:13.644] [main/DEBUG] [net.neoforged.fml.loading.moddiscovery.ModFileParser/LOADING]: Considering mod file candidate D:\xrexg\neoforge1.21.1\mods\we bearly bare\build\moddev\artifacts\neoforge-21.1.252.jar
[30Sep2026 23:09:13.646] [main/DEBUG] [net.neoforged.fml.loading.moddiscovery.ModFileInfo/LOADING]: Found valid mod file neoforge-21.1.252.jar with {neoforge} mods - versions {21.1.252}
[30Sep2026 23:09:13.647] [main/DEBUG] [net.neoforged.fml.loading.moddiscovery.ModFile/LOADING]: Loading mod file D:\xrexg\neoforge1.21.1\mods\we bearly bare\build\moddev\artifacts\neoforge-21.1.252.jar with languages [LanguageSpec[languageName=javafml, acceptedVersions=[3,]]]
[30Sep2026 23:09:13.648] [main/DEBUG] [net.neoforged.fml.loading.moddiscovery.ModFile/LOADING]: Found mixin config MixinConfig[config=neoforge.mixins.json, requiredMods=[]]
[30Sep2026 23:09:13.648] [main/DEBUG] [net.neoforged.fml.loading.moddiscovery.ModFile/LOADING]: Loading mod file  with languages []
[30Sep2026 23:09:13.649] [main/DEBUG] [cpw.mods.modlauncher.TransformationServiceDecorator/MODLAUNCHER]: End scan trigger - transformation service fml
[30Sep2026 23:09:13.666] [main/DEBUG] [net.neoforged.fml.util.ServiceLoaderUtil/CORE]: Found 3 implementations of IModLanguageLoader:
[30Sep2026 23:09:13.666] [main/DEBUG] [net.neoforged.fml.util.ServiceLoaderUtil/CORE]: 	net.neoforged.fml.javafmlmod.FMLJavaModLanguageProvider from loader-4.0.44.jar
[30Sep2026 23:09:13.666] [main/DEBUG] [net.neoforged.fml.util.ServiceLoaderUtil/CORE]: 	net.neoforged.fml.lowcodemod.LowCodeModLanguageProvider from loader-4.0.44.jar
[30Sep2026 23:09:13.667] [main/DEBUG] [net.neoforged.fml.util.ServiceLoaderUtil/CORE]: 	net.neoforged.fml.mclanguageprovider.MinecraftModLanguageProvider from loader-4.0.44.jar
[30Sep2026 23:09:13.667] [main/DEBUG] [net.neoforged.fml.loading.LanguageProviderLoader/CORE]: Found language provider javafml, version 4.0.44
[30Sep2026 23:09:13.668] [main/DEBUG] [net.neoforged.fml.loading.LanguageProviderLoader/CORE]: Found language provider lowcodefml, version 4.0.44
[30Sep2026 23:09:13.668] [main/DEBUG] [net.neoforged.fml.loading.LanguageProviderLoader/CORE]: Found language provider minecraft, version 4.0.44
[30Sep2026 23:09:13.684] [main/DEBUG] [net.neoforged.fml.loading.ModSorter/]: Configured system mods: [minecraft, neoforge]
[30Sep2026 23:09:13.684] [main/DEBUG] [net.neoforged.fml.loading.ModSorter/]: Found system mod: minecraft
[30Sep2026 23:09:13.684] [main/DEBUG] [net.neoforged.fml.loading.ModSorter/]: Found system mod: neoforge
[30Sep2026 23:09:13.693] [main/DEBUG] [net.neoforged.fml.loading.ModSorter/LOADING]: Found 2 mod requirements (2 mandatory, 0 optional)
[30Sep2026 23:09:13.695] [main/DEBUG] [net.neoforged.fml.loading.ModSorter/LOADING]: Found 0 mod requirements missing (0 mandatory, 0 optional)
[30Sep2026 23:09:14.016] [main/DEBUG] [mixin/]: Adding mixin platform agents for container net.neoforged.fml.loading.mixin.FMLMixinContainerHandle@ec1b2e4
[30Sep2026 23:09:14.017] [main/DEBUG] [mixin/]: Instancing new MixinPlatformAgentMinecraftForge for net.neoforged.fml.loading.mixin.FMLMixinContainerHandle@ec1b2e4
[30Sep2026 23:09:14.017] [main/DEBUG] [mixin/]: MixinPlatformAgentMinecraftForge rejected container net.neoforged.fml.loading.mixin.FMLMixinContainerHandle@ec1b2e4
[30Sep2026 23:09:14.017] [main/DEBUG] [mixin/]: Instancing new MixinPlatformAgentDefault for net.neoforged.fml.loading.mixin.FMLMixinContainerHandle@ec1b2e4
[30Sep2026 23:09:14.017] [main/DEBUG] [mixin/]: MixinPlatformAgentDefault accepted container net.neoforged.fml.loading.mixin.FMLMixinContainerHandle@ec1b2e4
[30Sep2026 23:09:14.018] [main/DEBUG] [mixin/]: Instancing new FMLMixinPlatformAgent for net.neoforged.fml.loading.mixin.FMLMixinContainerHandle@ec1b2e4
[30Sep2026 23:09:14.018] [main/DEBUG] [mixin/]: FMLMixinPlatformAgent accepted container net.neoforged.fml.loading.mixin.FMLMixinContainerHandle@ec1b2e4
[30Sep2026 23:09:14.068] [main/DEBUG] [cpw.mods.modlauncher.TransformationServicesHandler/MODLAUNCHER]: Transformation services loading transformers
[30Sep2026 23:09:14.069] [main/DEBUG] [cpw.mods.modlauncher.TransformationServiceDecorator/MODLAUNCHER]: Initializing transformers for transformation service mixin
[30Sep2026 23:09:14.072] [main/DEBUG] [cpw.mods.modlauncher.TransformationServiceDecorator/MODLAUNCHER]: Initialized transformers for transformation service mixin
[30Sep2026 23:09:14.072] [main/DEBUG] [cpw.mods.modlauncher.TransformationServiceDecorator/MODLAUNCHER]: Initializing transformers for transformation service fml
[30Sep2026 23:09:14.072] [main/DEBUG] [net.neoforged.fml.loading.FMLServiceProvider/LOADING]: Loading coremod transformers
[30Sep2026 23:09:14.073] [main/DEBUG] [net.neoforged.fml.loading.FMLServiceProvider/CORE]: Not loading coremod script-engine since no mod requested it
[30Sep2026 23:09:14.077] [main/DEBUG] [net.neoforged.fml.util.ServiceLoaderUtil/CORE]: Found 1 implementations of ICoreMod:
[30Sep2026 23:09:14.077] [main/DEBUG] [net.neoforged.fml.util.ServiceLoaderUtil/CORE]: 	net.neoforged.neoforge.coremods.NeoForgeCoreMod from neoforge-21.1.252.jar > net.neoforged.neoforge-coremods-21.1.252.jar
[30Sep2026 23:09:14.114] [main/DEBUG] [net.neoforged.fml.loading.FMLServiceProvider/CORE]: Adding [Target[className=net.minecraft.world.level.biome.Biome, elementName=, elementDescriptor=, targetType=cpw.mods.modlauncher.api.TargetType@43b6123e]] transformer from core-mod net.neoforged.neoforge.coremods.NeoForgeCoreMod@47547132 in neoforge-21.1.252.jar > net.neoforged.neoforge-coremods-21.1.252.jar
[30Sep2026 23:09:14.114] [main/DEBUG] [net.neoforged.fml.loading.FMLServiceProvider/CORE]: Adding [Target[className=net.minecraft.world.level.levelgen.structure.Structure, elementName=, elementDescriptor=, targetType=cpw.mods.modlauncher.api.TargetType@43b6123e]] transformer from core-mod net.neoforged.neoforge.coremods.NeoForgeCoreMod@47547132 in neoforge-21.1.252.jar > net.neoforged.neoforge-coremods-21.1.252.jar
[30Sep2026 23:09:14.114] [main/DEBUG] [net.neoforged.fml.loading.FMLServiceProvider/CORE]: Adding [Target[className=net.minecraft.world.level.block.FlowerPotBlock, elementName=, elementDescriptor=, targetType=cpw.mods.modlauncher.api.TargetType@43b6123e]] transformer from core-mod net.neoforged.neoforge.coremods.NeoForgeCoreMod@47547132 in neoforge-21.1.252.jar > net.neoforged.neoforge-coremods-21.1.252.jar
[30Sep2026 23:09:14.115] [main/DEBUG] [net.neoforged.fml.loading.FMLServiceProvider/CORE]: Adding [Target[className=net/minecraft/world/entity/monster/Evoker$EvokerSummonSpellGoal, elementName=, elementDescriptor=, targetType=cpw.mods.modlauncher.api.TargetType@43b6123e], Target[className=net/minecraft/server/commands/RaidCommand, elementName=, elementDescriptor=, targetType=cpw.mods.modlauncher.api.TargetType@43b6123e], Target[className=net/minecraft/world/level/levelgen/structure/structures/SwampHutPiece, elementName=, elementDescriptor=, targetType=cpw.mods.modlauncher.api.TargetType@43b6123e], Target[className=net/minecraft/world/entity/animal/frog/Tadpole, elementName=, elementDescriptor=, targetType=cpw.mods.modlauncher.api.TargetType@43b6123e], Target[className=net/minecraft/world/entity/EntityType, elementName=, elementDescriptor=, targetType=cpw.mods.modlauncher.api.TargetType@43b6123e], Target[className=net/minecraft/world/entity/monster/Strider, elementName=, elementDescriptor=, targetType=cpw.mods.modlauncher.api.TargetType@43b6123e], Target[className=net/minecraft/world/entity/animal/horse/SkeletonTrapGoal, elementName=, elementDescriptor=, targetType=cpw.mods.modlauncher.api.TargetType@43b6123e], Target[className=net/minecraft/world/level/levelgen/structure/structures/OceanRuinPieces$OceanRuinPiece, elementName=, elementDescriptor=, targetType=cpw.mods.modlauncher.api.TargetType@43b6123e], Target[className=net/minecraft/world/level/levelgen/PatrolSpawner, elementName=, elementDescriptor=, targetType=cpw.mods.modlauncher.api.TargetType@43b6123e], Target[className=net/minecraft/world/entity/ai/village/VillageSiege, elementName=, elementDescriptor=, targetType=cpw.mods.modlauncher.api.TargetType@43b6123e], Target[className=net/minecraft/world/level/levelgen/structure/templatesystem/StructureTemplate, elementName=, elementDescriptor=, targetType=cpw.mods.modlauncher.api.TargetType@43b6123e], Target[className=net/minecraft/server/commands/SummonCommand, elementName=, elementDescriptor=, targetType=cpw.mods.modlauncher.api.TargetType@43b6123e], Target[className=net/minecraft/world/entity/npc/CatSpawner, elementName=, elementDescriptor=, targetType=cpw.mods.modlauncher.api.TargetType@43b6123e], Target[className=net/minecraft/world/entity/npc/Villager, elementName=, elementDescriptor=, targetType=cpw.mods.modlauncher.api.TargetType@43b6123e], Target[className=net/minecraft/world/level/levelgen/PhantomSpawner, elementName=, elementDescriptor=, targetType=cpw.mods.modlauncher.api.TargetType@43b6123e], Target[className=net/minecraft/world/level/levelgen/structure/structures/WoodlandMansionPieces$WoodlandMansionPiece, elementName=, elementDescriptor=, targetType=cpw.mods.modlauncher.api.TargetType@43b6123e], Target[className=net/minecraft/world/entity/monster/Zombie, elementName=, elementDescriptor=, targetType=cpw.mods.modlauncher.api.TargetType@43b6123e], Target[className=net/minecraft/world/entity/raid/Raid, elementName=, elementDescriptor=, targetType=cpw.mods.modlauncher.api.TargetType@43b6123e], Target[className=net/minecraft/world/level/NaturalSpawner, elementName=, elementDescriptor=, targetType=cpw.mods.modlauncher.api.TargetType@43b6123e], Target[className=net/minecraft/world/entity/monster/ZombieVillager, elementName=, elementDescriptor=, targetType=cpw.mods.modlauncher.api.TargetType@43b6123e], Target[className=net/minecraft/world/entity/monster/Spider, elementName=, elementDescriptor=, targetType=cpw.mods.modlauncher.api.TargetType@43b6123e], Target[className=net/minecraft/world/level/levelgen/structure/structures/OceanMonumentPieces$OceanMonumentPiece, elementName=, elementDescriptor=, targetType=cpw.mods.modlauncher.api.TargetType@43b6123e]] transformer from core-mod net.neoforged.neoforge.coremods.NeoForgeCoreMod@47547132 in neoforge-21.1.252.jar > net.neoforged.neoforge-coremods-21.1.252.jar
[30Sep2026 23:09:14.128] [main/DEBUG] [cpw.mods.modlauncher.TransformStore/MODLAUNCHER]: Adding transformer net.neoforged.neoforge.coremods.ReplaceFieldWithGetterAccess@453d496b to Target : cpw.mods.modlauncher.api.TargetType@43b6123e {Lnet/minecraft/world/level/biome/Biome;} {} {V}
[30Sep2026 23:09:14.134] [main/DEBUG] [cpw.mods.modlauncher.TransformStore/MODLAUNCHER]: Adding transformer net.neoforged.neoforge.coremods.ReplaceFieldWithGetterAccess@203c20cf to Target : cpw.mods.modlauncher.api.TargetType@43b6123e {Lnet/minecraft/world/level/levelgen/structure/Structure;} {} {V}
[30Sep2026 23:09:14.134] [main/DEBUG] [cpw.mods.modlauncher.TransformStore/MODLAUNCHER]: Adding transformer net.neoforged.neoforge.coremods.ReplaceFieldWithGetterAccess@2a1debfa to Target : cpw.mods.modlauncher.api.TargetType@43b6123e {Lnet/minecraft/world/level/block/FlowerPotBlock;} {} {V}
[30Sep2026 23:09:14.135] [main/DEBUG] [cpw.mods.modlauncher.TransformStore/MODLAUNCHER]: Adding transformer net.neoforged.neoforge.coremods.MethodRedirector@44de94c3 to Target : cpw.mods.modlauncher.api.TargetType@43b6123e {Lnet/minecraft/world/entity/monster/Evoker$EvokerSummonSpellGoal;} {} {V}
[30Sep2026 23:09:14.135] [main/DEBUG] [cpw.mods.modlauncher.TransformStore/MODLAUNCHER]: Adding transformer net.neoforged.neoforge.coremods.MethodRedirector@44de94c3 to Target : cpw.mods.modlauncher.api.TargetType@43b6123e {Lnet/minecraft/server/commands/RaidCommand;} {} {V}
[30Sep2026 23:09:14.135] [main/DEBUG] [cpw.mods.modlauncher.TransformStore/MODLAUNCHER]: Adding transformer net.neoforged.neoforge.coremods.MethodRedirector@44de94c3 to Target : cpw.mods.modlauncher.api.TargetType@43b6123e {Lnet/minecraft/world/level/levelgen/structure/structures/SwampHutPiece;} {} {V}
[30Sep2026 23:09:14.135] [main/DEBUG] [cpw.mods.modlauncher.TransformStore/MODLAUNCHER]: Adding transformer net.neoforged.neoforge.coremods.MethodRedirector@44de94c3 to Target : cpw.mods.modlauncher.api.TargetType@43b6123e {Lnet/minecraft/world/entity/animal/frog/Tadpole;} {} {V}
[30Sep2026 23:09:14.135] [main/DEBUG] [cpw.mods.modlauncher.TransformStore/MODLAUNCHER]: Adding transformer net.neoforged.neoforge.coremods.MethodRedirector@44de94c3 to Target : cpw.mods.modlauncher.api.TargetType@43b6123e {Lnet/minecraft/world/entity/EntityType;} {} {V}
[30Sep2026 23:09:14.135] [main/DEBUG] [cpw.mods.modlauncher.TransformStore/MODLAUNCHER]: Adding transformer net.neoforged.neoforge.coremods.MethodRedirector@44de94c3 to Target : cpw.mods.modlauncher.api.TargetType@43b6123e {Lnet/minecraft/world/entity/monster/Strider;} {} {V}
[30Sep2026 23:09:14.135] [main/DEBUG] [cpw.mods.modlauncher.TransformStore/MODLAUNCHER]: Adding transformer net.neoforged.neoforge.coremods.MethodRedirector@44de94c3 to Target : cpw.mods.modlauncher.api.TargetType@43b6123e {Lnet/minecraft/world/entity/animal/horse/SkeletonTrapGoal;} {} {V}
[30Sep2026 23:09:14.135] [main/DEBUG] [cpw.mods.modlauncher.TransformStore/MODLAUNCHER]: Adding transformer net.neoforged.neoforge.coremods.MethodRedirector@44de94c3 to Target : cpw.mods.modlauncher.api.TargetType@43b6123e {Lnet/minecraft/world/level/levelgen/structure/structures/OceanRuinPieces$OceanRuinPiece;} {} {V}
[30Sep2026 23:09:14.135] [main/DEBUG] [cpw.mods.modlauncher.TransformStore/MODLAUNCHER]: Adding transformer net.neoforged.neoforge.coremods.MethodRedirector@44de94c3 to Target : cpw.mods.modlauncher.api.TargetType@43b6123e {Lnet/minecraft/world/level/levelgen/PatrolSpawner;} {} {V}
[30Sep2026 23:09:14.135] [main/DEBUG] [cpw.mods.modlauncher.TransformStore/MODLAUNCHER]: Adding transformer net.neoforged.neoforge.coremods.MethodRedirector@44de94c3 to Target : cpw.mods.modlauncher.api.TargetType@43b6123e {Lnet/minecraft/world/entity/ai/village/VillageSiege;} {} {V}
[30Sep2026 23:09:14.135] [main/DEBUG] [cpw.mods.modlauncher.TransformStore/MODLAUNCHER]: Adding transformer net.neoforged.neoforge.coremods.MethodRedirector@44de94c3 to Target : cpw.mods.modlauncher.api.TargetType@43b6123e {Lnet/minecraft/world/level/levelgen/structure/templatesystem/StructureTemplate;} {} {V}
[30Sep2026 23:09:14.135] [main/DEBUG] [cpw.mods.modlauncher.TransformStore/MODLAUNCHER]: Adding transformer net.neoforged.neoforge.coremods.MethodRedirector@44de94c3 to Target : cpw.mods.modlauncher.api.TargetType@43b6123e {Lnet/minecraft/server/commands/SummonCommand;} {} {V}
[30Sep2026 23:09:14.135] [main/DEBUG] [cpw.mods.modlauncher.TransformStore/MODLAUNCHER]: Adding transformer net.neoforged.neoforge.coremods.MethodRedirector@44de94c3 to Target : cpw.mods.modlauncher.api.TargetType@43b6123e {Lnet/minecraft/world/entity/npc/CatSpawner;} {} {V}
[30Sep2026 23:09:14.136] [main/DEBUG] [cpw.mods.modlauncher.TransformStore/MODLAUNCHER]: Adding transformer net.neoforged.neoforge.coremods.MethodRedirector@44de94c3 to Target : cpw.mods.modlauncher.api.TargetType@43b6123e {Lnet/minecraft/world/entity/npc/Villager;} {} {V}
[30Sep2026 23:09:14.136] [main/DEBUG] [cpw.mods.modlauncher.TransformStore/MODLAUNCHER]: Adding transformer net.neoforged.neoforge.coremods.MethodRedirector@44de94c3 to Target : cpw.mods.modlauncher.api.TargetType@43b6123e {Lnet/minecraft/world/level/levelgen/PhantomSpawner;} {} {V}
[30Sep2026 23:09:14.136] [main/DEBUG] [cpw.mods.modlauncher.TransformStore/MODLAUNCHER]: Adding transformer net.neoforged.neoforge.coremods.MethodRedirector@44de94c3 to Target : cpw.mods.modlauncher.api.TargetType@43b6123e {Lnet/minecraft/world/level/levelgen/structure/structures/WoodlandMansionPieces$WoodlandMansionPiece;} {} {V}
[30Sep2026 23:09:14.136] [main/DEBUG] [cpw.mods.modlauncher.TransformStore/MODLAUNCHER]: Adding transformer net.neoforged.neoforge.coremods.MethodRedirector@44de94c3 to Target : cpw.mods.modlauncher.api.TargetType@43b6123e {Lnet/minecraft/world/entity/monster/Zombie;} {} {V}
[30Sep2026 23:09:14.136] [main/DEBUG] [cpw.mods.modlauncher.TransformStore/MODLAUNCHER]: Adding transformer net.neoforged.neoforge.coremods.MethodRedirector@44de94c3 to Target : cpw.mods.modlauncher.api.TargetType@43b6123e {Lnet/minecraft/world/entity/raid/Raid;} {} {V}
[30Sep2026 23:09:14.136] [main/DEBUG] [cpw.mods.modlauncher.TransformStore/MODLAUNCHER]: Adding transformer net.neoforged.neoforge.coremods.MethodRedirector@44de94c3 to Target : cpw.mods.modlauncher.api.TargetType@43b6123e {Lnet/minecraft/world/level/NaturalSpawner;} {} {V}
[30Sep2026 23:09:14.136] [main/DEBUG] [cpw.mods.modlauncher.TransformStore/MODLAUNCHER]: Adding transformer net.neoforged.neoforge.coremods.MethodRedirector@44de94c3 to Target : cpw.mods.modlauncher.api.TargetType@43b6123e {Lnet/minecraft/world/entity/monster/ZombieVillager;} {} {V}
[30Sep2026 23:09:14.136] [main/DEBUG] [cpw.mods.modlauncher.TransformStore/MODLAUNCHER]: Adding transformer net.neoforged.neoforge.coremods.MethodRedirector@44de94c3 to Target : cpw.mods.modlauncher.api.TargetType@43b6123e {Lnet/minecraft/world/entity/monster/Spider;} {} {V}
[30Sep2026 23:09:14.136] [main/DEBUG] [cpw.mods.modlauncher.TransformStore/MODLAUNCHER]: Adding transformer net.neoforged.neoforge.coremods.MethodRedirector@44de94c3 to Target : cpw.mods.modlauncher.api.TargetType@43b6123e {Lnet/minecraft/world/level/levelgen/structure/structures/OceanMonumentPieces$OceanMonumentPiece;} {} {V}
[30Sep2026 23:09:14.136] [main/DEBUG] [cpw.mods.modlauncher.TransformationServiceDecorator/MODLAUNCHER]: Initialized transformers for transformation service fml
[30Sep2026 23:09:15.158] [main/DEBUG] [mixin/]: Processing prepare() for PlatformAgent[MixinPlatformAgentDefault:ModLauncher Root Container(ModLauncher:4f56a0a2)]
[30Sep2026 23:09:15.159] [main/DEBUG] [mixin/]: Processing prepare() for PlatformAgent[MixinPlatformAgentDefault:net.neoforged.fml.loading.mixin.FMLMixinContainerHandle@ec1b2e4]
[30Sep2026 23:09:15.159] [main/DEBUG] [mixin/]: Processing prepare() for PlatformAgent[FMLMixinPlatformAgent:null]
[30Sep2026 23:09:15.307] [main/DEBUG] [mixin/]: Processing launch tasks for PlatformAgent[MixinPlatformAgentDefault:ModLauncher Root Container(ModLauncher:4f56a0a2)]
[30Sep2026 23:09:15.308] [main/DEBUG] [mixin/]: Adding mixin platform agents for container SecureJarResource(mixin_synthetic)
[30Sep2026 23:09:15.308] [main/DEBUG] [mixin/]: Instancing new MixinPlatformAgentMinecraftForge for SecureJarResource(mixin_synthetic)
[30Sep2026 23:09:15.308] [main/DEBUG] [mixin/]: MixinPlatformAgentMinecraftForge rejected container SecureJarResource(mixin_synthetic)
[30Sep2026 23:09:15.308] [main/DEBUG] [mixin/]: Instancing new MixinPlatformAgentDefault for SecureJarResource(mixin_synthetic)
[30Sep2026 23:09:15.309] [main/DEBUG] [mixin/]: MixinPlatformAgentDefault accepted container SecureJarResource(mixin_synthetic)
[30Sep2026 23:09:15.309] [main/DEBUG] [mixin/]: Instancing new FMLMixinPlatformAgent for SecureJarResource(mixin_synthetic)
[30Sep2026 23:09:15.309] [main/DEBUG] [mixin/]: FMLMixinPlatformAgent rejected container SecureJarResource(mixin_synthetic)
[30Sep2026 23:09:15.309] [main/DEBUG] [mixin/]: Processing prepare() for PlatformAgent[MixinPlatformAgentDefault:SecureJarResource(mixin_synthetic)]
[30Sep2026 23:09:15.309] [main/DEBUG] [mixin/]: Adding mixin platform agents for container SecureJarResource(minecraft)
[30Sep2026 23:09:15.310] [main/DEBUG] [mixin/]: Instancing new MixinPlatformAgentMinecraftForge for SecureJarResource(minecraft)
[30Sep2026 23:09:15.310] [main/DEBUG] [mixin/]: MixinPlatformAgentMinecraftForge rejected container SecureJarResource(minecraft)
[30Sep2026 23:09:15.310] [main/DEBUG] [mixin/]: Instancing new MixinPlatformAgentDefault for SecureJarResource(minecraft)
[30Sep2026 23:09:15.310] [main/DEBUG] [mixin/]: MixinPlatformAgentDefault accepted container SecureJarResource(minecraft)
[30Sep2026 23:09:15.310] [main/DEBUG] [mixin/]: Instancing new FMLMixinPlatformAgent for SecureJarResource(minecraft)
[30Sep2026 23:09:15.310] [main/DEBUG] [mixin/]: FMLMixinPlatformAgent rejected container SecureJarResource(minecraft)
[30Sep2026 23:09:15.310] [main/DEBUG] [mixin/]: Processing prepare() for PlatformAgent[MixinPlatformAgentDefault:SecureJarResource(minecraft)]
[30Sep2026 23:09:15.310] [main/DEBUG] [mixin/]: Adding mixin platform agents for container SecureJarResource(bearmod)
[30Sep2026 23:09:15.310] [main/DEBUG] [mixin/]: Instancing new MixinPlatformAgentMinecraftForge for SecureJarResource(bearmod)
[30Sep2026 23:09:15.310] [main/DEBUG] [mixin/]: MixinPlatformAgentMinecraftForge rejected container SecureJarResource(bearmod)
[30Sep2026 23:09:15.311] [main/DEBUG] [mixin/]: Instancing new MixinPlatformAgentDefault for SecureJarResource(bearmod)
[30Sep2026 23:09:15.311] [main/DEBUG] [mixin/]: MixinPlatformAgentDefault accepted container SecureJarResource(bearmod)
[30Sep2026 23:09:15.311] [main/DEBUG] [mixin/]: Instancing new FMLMixinPlatformAgent for SecureJarResource(bearmod)
[30Sep2026 23:09:15.311] [main/DEBUG] [mixin/]: FMLMixinPlatformAgent rejected container SecureJarResource(bearmod)
[30Sep2026 23:09:15.311] [main/DEBUG] [mixin/]: Processing prepare() for PlatformAgent[MixinPlatformAgentDefault:SecureJarResource(bearmod)]
[30Sep2026 23:09:15.311] [main/DEBUG] [mixin/]: Adding mixin platform agents for container SecureJarResource(mixinextras.neoforge)
[30Sep2026 23:09:15.311] [main/DEBUG] [mixin/]: Instancing new MixinPlatformAgentMinecraftForge for SecureJarResource(mixinextras.neoforge)
[30Sep2026 23:09:15.312] [main/DEBUG] [mixin/]: MixinPlatformAgentMinecraftForge rejected container SecureJarResource(mixinextras.neoforge)
[30Sep2026 23:09:15.312] [main/DEBUG] [mixin/]: Instancing new MixinPlatformAgentDefault for SecureJarResource(mixinextras.neoforge)
[30Sep2026 23:09:15.312] [main/DEBUG] [mixin/]: MixinPlatformAgentDefault accepted container SecureJarResource(mixinextras.neoforge)
[30Sep2026 23:09:15.312] [main/DEBUG] [mixin/]: Instancing new FMLMixinPlatformAgent for SecureJarResource(mixinextras.neoforge)
[30Sep2026 23:09:15.312] [main/DEBUG] [mixin/]: FMLMixinPlatformAgent rejected container SecureJarResource(mixinextras.neoforge)
[30Sep2026 23:09:15.312] [main/DEBUG] [mixin/]: Processing prepare() for PlatformAgent[MixinPlatformAgentDefault:SecureJarResource(mixinextras.neoforge)]
[30Sep2026 23:09:15.312] [main/DEBUG] [mixin/]: Registering mixin config: mixinextras.init.mixins.json source=SecureJarResource(mixinextras.neoforge)
[30Sep2026 23:09:15.314] [main/DEBUG] [mixin/]: inject() running with 6 agents
[30Sep2026 23:09:15.315] [main/DEBUG] [mixin/]: Processing inject() for PlatformAgent[MixinPlatformAgentDefault:ModLauncher Root Container(ModLauncher:4f56a0a2)]
[30Sep2026 23:09:15.315] [main/DEBUG] [mixin/]: Processing inject() for PlatformAgent[MixinPlatformAgentDefault:net.neoforged.fml.loading.mixin.FMLMixinContainerHandle@ec1b2e4]
[30Sep2026 23:09:15.315] [main/DEBUG] [mixin/]: Processing inject() for PlatformAgent[FMLMixinPlatformAgent:null]
[30Sep2026 23:09:15.315] [main/DEBUG] [mixin/]: Processing inject() for PlatformAgent[MixinPlatformAgentDefault:SecureJarResource(mixin_synthetic)]
[30Sep2026 23:09:15.315] [main/DEBUG] [mixin/]: Processing inject() for PlatformAgent[MixinPlatformAgentDefault:SecureJarResource(minecraft)]
[30Sep2026 23:09:15.315] [main/DEBUG] [mixin/]: Processing inject() for PlatformAgent[MixinPlatformAgentDefault:SecureJarResource(bearmod)]
[30Sep2026 23:09:15.315] [main/DEBUG] [mixin/]: Processing inject() for PlatformAgent[MixinPlatformAgentDefault:SecureJarResource(mixinextras.neoforge)]
[30Sep2026 23:09:15.316] [main/INFO] [cpw.mods.modlauncher.LaunchServiceHandler/MODLAUNCHER]: Launching target 'forgeclientdev' with arguments [--version, 21.1.252, --gameDir, ., --assetsDir, D:\xrexg\neoforge1.21.1\Gradle\caches\neoformruntime\assets, --assetIndex, 17]
[30Sep2026 23:09:15.466] [main/DEBUG] [mixin/]: Preparing mixins for MixinEnvironment[DEFAULT]
[30Sep2026 23:09:15.466] [main/DEBUG] [mixin/]: Selecting config neoforge.mixins.json
[30Sep2026 23:09:15.478] [main/DEBUG] [mixin/]: Selecting config mixinextras.init.mixins.json
[30Sep2026 23:09:15.606] [main/DEBUG] [MixinExtras|Service/]: com.llamalad7.mixinextras.service.MixinExtrasServiceImpl(version=0.5.3) is taking over from null
[30Sep2026 23:09:15.701] [main/DEBUG] [mixin/]: Registering new injector for @Inject with org.spongepowered.asm.mixin.injection.struct.CallbackInjectionInfo
[30Sep2026 23:09:15.705] [main/DEBUG] [mixin/]: Registering new injector for @ModifyArg with org.spongepowered.asm.mixin.injection.struct.ModifyArgInjectionInfo
[30Sep2026 23:09:15.706] [main/DEBUG] [mixin/]: Registering new injector for @ModifyArgs with org.spongepowered.asm.mixin.injection.struct.ModifyArgsInjectionInfo
[30Sep2026 23:09:15.708] [main/DEBUG] [mixin/]: Registering new injector for @Redirect with org.spongepowered.asm.mixin.injection.struct.RedirectInjectionInfo
[30Sep2026 23:09:15.711] [main/DEBUG] [mixin/]: Registering new injector for @ModifyVariable with org.spongepowered.asm.mixin.injection.struct.ModifyVariableInjectionInfo
[30Sep2026 23:09:15.712] [main/DEBUG] [mixin/]: Registering new injector for @ModifyConstant with org.spongepowered.asm.mixin.injection.struct.ModifyConstantInjectionInfo
[30Sep2026 23:09:15.729] [main/DEBUG] [mixin/]: Preparing neoforge.mixins.json (2)
[30Sep2026 23:09:15.838] [main/DEBUG] [mixin/]: Preparing mixinextras.init.mixins.json (0)
[30Sep2026 23:09:15.857] [main/DEBUG] [mixin/]: Prepared 2 mixins in 0.387 sec (193.5ms avg) (0ms load, 0ms transform, 0ms plugin)
[30Sep2026 23:09:16.459] [main/DEBUG] [io.netty.util.internal.logging.InternalLoggerFactory/]: Using SLF4J as the default logging framework
[30Sep2026 23:09:16.475] [main/DEBUG] [io.netty.util.ResourceLeakDetector/]: -Dio.netty.leakDetection.level: simple
[30Sep2026 23:09:16.475] [main/DEBUG] [io.netty.util.ResourceLeakDetector/]: -Dio.netty.leakDetection.targetRecords: 4
[30Sep2026 23:09:18.343] [main/DEBUG] [oshi.util.FileUtil/]: No oshi.properties file found from ClassLoader cpw.mods.modlauncher.TransformingClassLoader@14379273
[30Sep2026 23:09:18.650] [Datafixer Bootstrap/INFO] [com.mojang.datafixers.DataFixerBuilder/]: 229 Datafixer optimizations took 358 milliseconds
[30Sep2026 23:09:18.827] [main/DEBUG] [oshi.util.FileUtil/]: No oshi.architecture.properties file found from ClassLoader cpw.mods.modlauncher.TransformingClassLoader@14379273
[30Sep2026 23:09:18.926] [pool-7-thread-1/INFO] [MixinExtras|Service/]: Initializing MixinExtras via com.llamalad7.mixinextras.service.MixinExtrasServiceImpl(version=0.5.3).
[30Sep2026 23:09:18.928] [pool-7-thread-1/DEBUG] [mixin/]: Registering new injector for @SugarWrapper with com.llamalad7.mixinextras.sugar.impl.SugarWrapperInjectionInfo
[30Sep2026 23:09:18.928] [pool-7-thread-1/DEBUG] [mixin/]: Registering new injector for @FactoryRedirectWrapper with com.llamalad7.mixinextras.wrapper.factory.FactoryRedirectWrapperInjectionInfo
[30Sep2026 23:09:18.928] [pool-7-thread-1/DEBUG] [mixin/]: Registering new injector for @ExpressionInjectorWrapper with com.llamalad7.mixinextras.expression.impl.wrapper.ExpressionInjectorWrapperInjectionInfo
[30Sep2026 23:09:18.937] [pool-7-thread-1/DEBUG] [mixin/]: Mixing MappedRegistryAccessor from neoforge.mixins.json into net.minecraft.core.MappedRegistry
[30Sep2026 23:09:18.941] [pool-7-thread-1/DEBUG] [mixin/]: neoforge.mixins.json:MappedRegistryAccessor from mod neoforge: Class version 65 required is higher than the class version supported by the current version of Mixin (JAVA_16 supports class version 60)
[30Sep2026 23:09:19.943] [pool-7-thread-1/DEBUG] [mixin/]: Mixing BlockEntityTypeAccessor from neoforge.mixins.json into net.minecraft.world.level.block.entity.BlockEntityType
[30Sep2026 23:09:19.944] [pool-7-thread-1/DEBUG] [mixin/]: neoforge.mixins.json:BlockEntityTypeAccessor from mod neoforge: Class version 65 required is higher than the class version supported by the current version of Mixin (JAVA_16 supports class version 60)
[30Sep2026 23:09:21.568] [pool-7-thread-1/DEBUG] [io.netty.util.internal.PlatformDependent0/]: -Dio.netty.noUnsafe: false
[30Sep2026 23:09:21.568] [pool-7-thread-1/DEBUG] [io.netty.util.internal.PlatformDependent0/]: Java version: 21
[30Sep2026 23:09:21.569] [pool-7-thread-1/DEBUG] [io.netty.util.internal.PlatformDependent0/]: sun.misc.Unsafe.theUnsafe: available
[30Sep2026 23:09:21.570] [pool-7-thread-1/DEBUG] [io.netty.util.internal.PlatformDependent0/]: sun.misc.Unsafe.copyMemory: available
[30Sep2026 23:09:21.570] [pool-7-thread-1/DEBUG] [io.netty.util.internal.PlatformDependent0/]: sun.misc.Unsafe.storeFence: available
[30Sep2026 23:09:21.571] [pool-7-thread-1/DEBUG] [io.netty.util.internal.PlatformDependent0/]: java.nio.Buffer.address: available
[30Sep2026 23:09:21.572] [pool-7-thread-1/DEBUG] [io.netty.util.internal.PlatformDependent0/]: direct buffer constructor: unavailable: Reflective setAccessible(true) disabled
[30Sep2026 23:09:21.573] [pool-7-thread-1/DEBUG] [io.netty.util.internal.PlatformDependent0/]: java.nio.Bits.unaligned: available, true
[30Sep2026 23:09:21.574] [pool-7-thread-1/DEBUG] [io.netty.util.internal.PlatformDependent0/]: jdk.internal.misc.Unsafe.allocateUninitializedArray(int): unavailable: class io.netty.util.internal.PlatformDependent0$7 (in module io.netty.common) cannot access class jdk.internal.misc.Unsafe (in module java.base) because module java.base does not export jdk.internal.misc to module io.netty.common
[30Sep2026 23:09:21.574] [pool-7-thread-1/DEBUG] [io.netty.util.internal.PlatformDependent0/]: java.nio.DirectByteBuffer.<init>(long, {int,long}): unavailable
[30Sep2026 23:09:21.574] [pool-7-thread-1/DEBUG] [io.netty.util.internal.PlatformDependent/]: sun.misc.Unsafe: available
[30Sep2026 23:09:21.576] [pool-7-thread-1/DEBUG] [io.netty.util.internal.PlatformDependent/]: maxDirectMemory: 6362759168 bytes (maybe)
[30Sep2026 23:09:21.576] [pool-7-thread-1/DEBUG] [io.netty.util.internal.PlatformDependent/]: -Dio.netty.tmpdir: C:\Users\reemh\AppData\Local\Temp (java.io.tmpdir)
[30Sep2026 23:09:21.576] [pool-7-thread-1/DEBUG] [io.netty.util.internal.PlatformDependent/]: -Dio.netty.bitMode: 64 (sun.arch.data.model)
[30Sep2026 23:09:21.577] [pool-7-thread-1/DEBUG] [io.netty.util.internal.PlatformDependent/]: Platform: Windows
[30Sep2026 23:09:21.577] [pool-7-thread-1/DEBUG] [io.netty.util.internal.PlatformDependent/]: -Dio.netty.maxDirectMemory: -1 bytes
[30Sep2026 23:09:21.577] [pool-7-thread-1/DEBUG] [io.netty.util.internal.PlatformDependent/]: -Dio.netty.uninitializedArrayAllocationThreshold: -1
[30Sep2026 23:09:21.579] [pool-7-thread-1/DEBUG] [io.netty.util.internal.CleanerJava9/]: java.nio.ByteBuffer.cleaner(): available
[30Sep2026 23:09:21.579] [pool-7-thread-1/DEBUG] [io.netty.util.internal.PlatformDependent/]: -Dio.netty.noPreferDirect: false
[30Sep2026 23:09:24.479] [main/WARN] [net.minecraft.commands.Commands/]: Ambiguity between arguments [teleport, location] and [teleport, destination] with inputs: [0.1 -0.5 .9, 0 0 0]
[30Sep2026 23:09:24.481] [main/WARN] [net.minecraft.commands.Commands/]: Ambiguity between arguments [teleport, location] and [teleport, targets] with inputs: [0.1 -0.5 .9, 0 0 0]
[30Sep2026 23:09:24.483] [main/WARN] [net.minecraft.commands.Commands/]: Ambiguity between arguments [teleport, destination] and [teleport, targets] with inputs: [Player, 0123, @e, dd12be42-52a9-4a91-a8a1-11c01849e498]
[30Sep2026 23:09:24.484] [main/WARN] [net.minecraft.commands.Commands/]: Ambiguity between arguments [teleport, targets] and [teleport, destination] with inputs: [Player, 0123, dd12be42-52a9-4a91-a8a1-11c01849e498]
[30Sep2026 23:09:24.485] [main/WARN] [net.minecraft.commands.Commands/]: Ambiguity between arguments [teleport, targets, location] and [teleport, targets, destination] with inputs: [0.1 -0.5 .9, 0 0 0]
[30Sep2026 23:09:24.632] [Render thread/WARN] [net.minecraft.server.packs.VanillaPackResourcesBuilder/]: Assets URL 'union:/D:/xrexg/neoforge1.21.1/mods/we%20bearly%20bare/build/moddev/artifacts/neoforge-21.1.252.jar%23189!/assets/.mcassetsroot' uses unexpected schema
[30Sep2026 23:09:24.633] [Render thread/WARN] [net.minecraft.server.packs.VanillaPackResourcesBuilder/]: Assets URL 'union:/D:/xrexg/neoforge1.21.1/mods/we%20bearly%20bare/build/moddev/artifacts/neoforge-21.1.252.jar%23189!/data/.mcassetsroot' uses unexpected schema
[30Sep2026 23:09:24.673] [Render thread/INFO] [com.mojang.authlib.yggdrasil.YggdrasilAuthenticationService/]: Environment: Environment[sessionHost=https://sessionserver.mojang.com, servicesHost=https://api.minecraftservices.com, name=PROD]
[30Sep2026 23:09:24.683] [Render thread/INFO] [net.minecraft.client.Minecraft/]: Setting user: Dev
[30Sep2026 23:09:24.816] [Render thread/INFO] [net.minecraft.client.Minecraft/]: Backend library: LWJGL version 3.3.3+5
[30Sep2026 23:09:25.043] [Render thread/DEBUG] [net.neoforged.fml.ModWorkManager/LOADING]: Using 16 threads for parallel mod-loading
[30Sep2026 23:09:25.077] [Render thread/DEBUG] [net.neoforged.fml.javafmlmod.FMLModContainer/LOADING]: Creating FMLModContainer instance for [net.XrexGamer.BearMod]
[30Sep2026 23:09:25.085] [Render thread/DEBUG] [net.neoforged.fml.javafmlmod.FMLModContainer/LOADING]: Creating FMLModContainer instance for [net.neoforged.neoforge.common.NeoForgeMod, net.neoforged.neoforge.client.ClientNeoForgeMod]
[30Sep2026 23:09:25.138] [modloading-worker-0/DEBUG] [net.neoforged.neoforge.internal.versions.neoforge.NeoForgeVersion/CORE]: Found NeoForge version 21.1.252
[30Sep2026 23:09:25.138] [modloading-worker-0/DEBUG] [net.neoforged.neoforge.internal.versions.neoforge.NeoForgeVersion/CORE]: Found FML version 4.0.44
[30Sep2026 23:09:25.138] [modloading-worker-0/INFO] [net.neoforged.neoforge.common.NeoForgeMod/NEOFORGE-MOD]: NeoForge mod loading, version 21.1.252, for MC 1.21.1
[30Sep2026 23:09:25.161] [modloading-worker-0/DEBUG] [net.neoforged.fml.config.ConfigTracker/CONFIG]: Config file neoforge-client.toml for neoforge tracking
[30Sep2026 23:09:25.161] [modloading-worker-0/DEBUG] [net.neoforged.fml.config.ConfigTracker/CONFIG]: Config file bearmod-common.toml for bearmod tracking
[30Sep2026 23:09:25.161] [modloading-worker-0/DEBUG] [net.neoforged.fml.config.ConfigTracker/CONFIG]: Config file neoforge-server.toml for neoforge tracking
[30Sep2026 23:09:25.161] [modloading-worker-0/DEBUG] [net.neoforged.fml.javafmlmod.AutomaticEventSubscriber/LOADING]: Attempting to inject @EventBusSubscriber classes into the eventbus for bearmod
[30Sep2026 23:09:25.161] [modloading-worker-0/DEBUG] [net.neoforged.fml.config.ConfigTracker/CONFIG]: Config file neoforge-common.toml for neoforge tracking
[30Sep2026 23:09:25.163] [modloading-worker-0/DEBUG] [net.neoforged.fml.javafmlmod.AutomaticEventSubscriber/LOADING]: Scanning class net.XrexGamer.BearMod$ClientModEvents for @SubscribeEvent-annotated methods
[30Sep2026 23:09:25.165] [modloading-worker-0/DEBUG] [net.neoforged.fml.javafmlmod.AutomaticEventSubscriber/]: Subscribing @EventBusSubscriber class Lnet/XrexGamer/BearMod$ClientModEvents; to the mod event bus of mod bearmod
[30Sep2026 23:09:25.166] [modloading-worker-0/DEBUG] [net.neoforged.fml.javafmlmod.AutomaticEventSubscriber/LOADING]: Scanning class net.XrexGamer.Config for @SubscribeEvent-annotated methods
[30Sep2026 23:09:25.167] [modloading-worker-0/DEBUG] [net.neoforged.fml.javafmlmod.AutomaticEventSubscriber/]: Subscribing @EventBusSubscriber class Lnet/XrexGamer/Config; to the mod event bus of mod bearmod
[30Sep2026 23:09:25.168] [modloading-worker-0/DEBUG] [net.neoforged.fml.javafmlmod.AutomaticEventSubscriber/LOADING]: Scanning class net.XrexGamer.datagen.ModDataGenerator for @SubscribeEvent-annotated methods
[30Sep2026 23:09:25.170] [modloading-worker-0/DEBUG] [net.neoforged.fml.javafmlmod.AutomaticEventSubscriber/]: Subscribing @EventBusSubscriber class Lnet/XrexGamer/datagen/ModDataGenerator; to the mod event bus of mod bearmod
[30Sep2026 23:09:25.170] [modloading-worker-0/DEBUG] [net.neoforged.fml.javafmlmod.AutomaticEventSubscriber/LOADING]: Scanning class net.XrexGamer.event.ModEventBusEvents for @SubscribeEvent-annotated methods
[30Sep2026 23:09:25.172] [modloading-worker-0/DEBUG] [net.neoforged.fml.javafmlmod.AutomaticEventSubscriber/]: Subscribing @EventBusSubscriber class Lnet/XrexGamer/event/ModEventBusEvents; to the mod event bus of mod bearmod
[30Sep2026 23:09:25.245] [modloading-worker-0/DEBUG] [net.neoforged.fml.javafmlmod.AutomaticEventSubscriber/LOADING]: Attempting to inject @EventBusSubscriber classes into the eventbus for neoforge
[30Sep2026 23:09:25.246] [modloading-worker-0/DEBUG] [net.neoforged.fml.javafmlmod.AutomaticEventSubscriber/LOADING]: Scanning class net.neoforged.neoforge.server.command.ConfigCommand for @SubscribeEvent-annotated methods
[30Sep2026 23:09:25.247] [modloading-worker-0/DEBUG] [net.neoforged.fml.javafmlmod.AutomaticEventSubscriber/]: Subscribing @EventBusSubscriber class Lnet/neoforged/neoforge/server/command/ConfigCommand; to the game event bus
[30Sep2026 23:09:25.248] [modloading-worker-0/DEBUG] [net.neoforged.fml.javafmlmod.AutomaticEventSubscriber/LOADING]: Scanning class net.neoforged.neoforge.network.filters.GenericPacketSplitter for @SubscribeEvent-annotated methods
[30Sep2026 23:09:25.289] [modloading-worker-0/DEBUG] [io.netty.buffer.AbstractByteBuf/]: -Dio.netty.buffer.checkAccessible: true
[30Sep2026 23:09:25.289] [modloading-worker-0/DEBUG] [io.netty.buffer.AbstractByteBuf/]: -Dio.netty.buffer.checkBounds: true
[30Sep2026 23:09:25.290] [modloading-worker-0/DEBUG] [io.netty.util.ResourceLeakDetectorFactory/]: Loaded default ResourceLeakDetector: io.netty.util.ResourceLeakDetector@550a1fd8
[30Sep2026 23:09:25.305] [modloading-worker-0/DEBUG] [io.netty.util.internal.InternalThreadLocalMap/]: -Dio.netty.threadLocalMap.stringBuilder.initialSize: 1024
[30Sep2026 23:09:25.305] [modloading-worker-0/DEBUG] [io.netty.util.internal.InternalThreadLocalMap/]: -Dio.netty.threadLocalMap.stringBuilder.maxSize: 4096
[30Sep2026 23:09:25.310] [modloading-worker-0/DEBUG] [io.netty.buffer.PooledByteBufAllocator/]: -Dio.netty.allocator.numHeapArenas: 32
[30Sep2026 23:09:25.310] [modloading-worker-0/DEBUG] [io.netty.buffer.PooledByteBufAllocator/]: -Dio.netty.allocator.numDirectArenas: 32
[30Sep2026 23:09:25.310] [modloading-worker-0/DEBUG] [io.netty.buffer.PooledByteBufAllocator/]: -Dio.netty.allocator.pageSize: 8192
[30Sep2026 23:09:25.310] [modloading-worker-0/DEBUG] [io.netty.buffer.PooledByteBufAllocator/]: -Dio.netty.allocator.maxOrder: 9
[30Sep2026 23:09:25.310] [modloading-worker-0/DEBUG] [io.netty.buffer.PooledByteBufAllocator/]: -Dio.netty.allocator.chunkSize: 4194304
[30Sep2026 23:09:25.311] [modloading-worker-0/DEBUG] [io.netty.buffer.PooledByteBufAllocator/]: -Dio.netty.allocator.smallCacheSize: 256
[30Sep2026 23:09:25.311] [modloading-worker-0/DEBUG] [io.netty.buffer.PooledByteBufAllocator/]: -Dio.netty.allocator.normalCacheSize: 64
[30Sep2026 23:09:25.311] [modloading-worker-0/DEBUG] [io.netty.buffer.PooledByteBufAllocator/]: -Dio.netty.allocator.maxCachedBufferCapacity: 32768
[30Sep2026 23:09:25.311] [modloading-worker-0/DEBUG] [io.netty.buffer.PooledByteBufAllocator/]: -Dio.netty.allocator.cacheTrimInterval: 8192
[30Sep2026 23:09:25.311] [modloading-worker-0/DEBUG] [io.netty.buffer.PooledByteBufAllocator/]: -Dio.netty.allocator.cacheTrimIntervalMillis: 0
[30Sep2026 23:09:25.311] [modloading-worker-0/DEBUG] [io.netty.buffer.PooledByteBufAllocator/]: -Dio.netty.allocator.useCacheForAllThreads: false
[30Sep2026 23:09:25.311] [modloading-worker-0/DEBUG] [io.netty.buffer.PooledByteBufAllocator/]: -Dio.netty.allocator.maxCachedByteBuffersPerChunk: 1023
[30Sep2026 23:09:25.326] [modloading-worker-0/DEBUG] [io.netty.buffer.ByteBufUtil/]: -Dio.netty.allocator.type: pooled
[30Sep2026 23:09:25.326] [modloading-worker-0/DEBUG] [io.netty.buffer.ByteBufUtil/]: -Dio.netty.threadLocalDirectBufferSize: 0
[30Sep2026 23:09:25.326] [modloading-worker-0/DEBUG] [io.netty.buffer.ByteBufUtil/]: -Dio.netty.maxThreadLocalCharBufferSize: 16384
[30Sep2026 23:09:25.338] [modloading-worker-0/DEBUG] [net.neoforged.fml.javafmlmod.AutomaticEventSubscriber/]: Subscribing @EventBusSubscriber class Lnet/neoforged/neoforge/network/filters/GenericPacketSplitter; to the mod event bus of mod neoforge
[30Sep2026 23:09:25.344] [modloading-worker-0/DEBUG] [net.neoforged.fml.javafmlmod.AutomaticEventSubscriber/LOADING]: Scanning class net.neoforged.neoforge.network.NetworkInitialization for @SubscribeEvent-annotated methods
[30Sep2026 23:09:25.345] [modloading-worker-0/DEBUG] [net.neoforged.fml.javafmlmod.AutomaticEventSubscriber/]: Subscribing @EventBusSubscriber class Lnet/neoforged/neoforge/network/NetworkInitialization; to the mod event bus of mod neoforge
[30Sep2026 23:09:25.345] [modloading-worker-0/DEBUG] [net.neoforged.fml.javafmlmod.AutomaticEventSubscriber/LOADING]: Scanning class net.neoforged.neoforge.network.ConfigurationInitialization for @SubscribeEvent-annotated methods
[30Sep2026 23:09:25.352] [modloading-worker-0/DEBUG] [net.neoforged.fml.javafmlmod.AutomaticEventSubscriber/]: Subscribing @EventBusSubscriber class Lnet/neoforged/neoforge/network/ConfigurationInitialization; to the mod event bus of mod neoforge
[30Sep2026 23:09:25.353] [modloading-worker-0/DEBUG] [net.neoforged.fml.javafmlmod.AutomaticEventSubscriber/LOADING]: Scanning class net.neoforged.neoforge.common.MonsterRoomHooks for @SubscribeEvent-annotated methods
[30Sep2026 23:09:25.356] [modloading-worker-0/DEBUG] [net.neoforged.fml.javafmlmod.AutomaticEventSubscriber/]: Subscribing @EventBusSubscriber class Lnet/neoforged/neoforge/common/MonsterRoomHooks; to the game event bus
[30Sep2026 23:09:25.356] [modloading-worker-0/DEBUG] [net.neoforged.fml.javafmlmod.AutomaticEventSubscriber/LOADING]: Scanning class net.neoforged.neoforge.common.DeferredSpawnEggItem$CommonHandler for @SubscribeEvent-annotated methods
[30Sep2026 23:09:25.359] [modloading-worker-0/DEBUG] [net.neoforged.fml.javafmlmod.AutomaticEventSubscriber/]: Subscribing @EventBusSubscriber class Lnet/neoforged/neoforge/common/DeferredSpawnEggItem$CommonHandler; to the mod event bus of mod neoforge
[30Sep2026 23:09:25.359] [modloading-worker-0/DEBUG] [net.neoforged.fml.javafmlmod.AutomaticEventSubscriber/LOADING]: Scanning class net.neoforged.neoforge.common.DeferredSpawnEggItem$ColorRegisterHandler for @SubscribeEvent-annotated methods
[30Sep2026 23:09:25.362] [modloading-worker-0/DEBUG] [net.neoforged.fml.javafmlmod.AutomaticEventSubscriber/]: Subscribing @EventBusSubscriber class Lnet/neoforged/neoforge/common/DeferredSpawnEggItem$ColorRegisterHandler; to the mod event bus of mod neoforge
[30Sep2026 23:09:25.364] [modloading-worker-0/DEBUG] [net.neoforged.fml.javafmlmod.AutomaticEventSubscriber/LOADING]: Scanning class net.neoforged.neoforge.client.model.data.ModelDataManager for @SubscribeEvent-annotated methods
[30Sep2026 23:09:25.367] [modloading-worker-0/DEBUG] [net.neoforged.fml.javafmlmod.AutomaticEventSubscriber/]: Subscribing @EventBusSubscriber class Lnet/neoforged/neoforge/client/model/data/ModelDataManager; to the game event bus
[30Sep2026 23:09:25.367] [modloading-worker-0/DEBUG] [net.neoforged.fml.javafmlmod.AutomaticEventSubscriber/LOADING]: Scanning class net.neoforged.neoforge.client.ParticleBoundsDebugRenderer for @SubscribeEvent-annotated methods
[30Sep2026 23:09:25.370] [modloading-worker-0/DEBUG] [net.neoforged.fml.javafmlmod.AutomaticEventSubscriber/]: Subscribing @EventBusSubscriber class Lnet/neoforged/neoforge/client/ParticleBoundsDebugRenderer; to the game event bus
[30Sep2026 23:09:25.371] [modloading-worker-0/DEBUG] [net.neoforged.fml.javafmlmod.AutomaticEventSubscriber/LOADING]: Scanning class net.neoforged.neoforge.client.ClientHooks$ClientEvents for @SubscribeEvent-annotated methods
[30Sep2026 23:09:25.373] [modloading-worker-0/DEBUG] [net.neoforged.fml.javafmlmod.AutomaticEventSubscriber/]: Subscribing @EventBusSubscriber class Lnet/neoforged/neoforge/client/ClientHooks$ClientEvents; to the mod event bus of mod neoforge
[30Sep2026 23:09:25.375] [modloading-worker-0/DEBUG] [net.neoforged.fml.javafmlmod.AutomaticEventSubscriber/LOADING]: Scanning class net.neoforged.neoforge.client.BlockEntityRenderBoundsDebugRenderer for @SubscribeEvent-annotated methods
[30Sep2026 23:09:25.376] [modloading-worker-0/DEBUG] [net.neoforged.fml.javafmlmod.AutomaticEventSubscriber/]: Subscribing @EventBusSubscriber class Lnet/neoforged/neoforge/client/BlockEntityRenderBoundsDebugRenderer; to the game event bus
[30Sep2026 23:09:25.377] [modloading-worker-0/DEBUG] [net.neoforged.fml.javafmlmod.AutomaticEventSubscriber/LOADING]: Scanning class net.neoforged.neoforge.attachment.AttachmentSync for @SubscribeEvent-annotated methods
[30Sep2026 23:09:25.381] [modloading-worker-0/DEBUG] [net.neoforged.fml.javafmlmod.AutomaticEventSubscriber/]: Subscribing @EventBusSubscriber class Lnet/neoforged/neoforge/attachment/AttachmentSync; to the game event bus
[30Sep2026 23:09:25.381] [modloading-worker-0/DEBUG] [net.neoforged.fml.javafmlmod.AutomaticEventSubscriber/LOADING]: Scanning class net.neoforged.neoforge.attachment.AttachmentInternals for @SubscribeEvent-annotated methods
[30Sep2026 23:09:25.382] [modloading-worker-0/DEBUG] [net.neoforged.fml.javafmlmod.AutomaticEventSubscriber/]: Subscribing @EventBusSubscriber class Lnet/neoforged/neoforge/attachment/AttachmentInternals; to the game event bus
[30Sep2026 23:09:25.544] [modloading-sync-worker/DEBUG] [net.neoforged.fml.config.ConfigTracker/CONFIG]: Loading configs type CLIENT
[30Sep2026 23:09:25.558] [modloading-sync-worker/DEBUG] [net.neoforged.neoforge.common.NeoForgeConfig/FORGEMOD]: Loaded NeoForge config file neoforge-client.toml
[30Sep2026 23:09:25.558] [modloading-sync-worker/DEBUG] [net.neoforged.fml.config.ConfigTracker/CONFIG]: Loaded TOML config file D:\xrexg\neoforge1.21.1\mods\we bearly bare\run\config\neoforge-client.toml
[30Sep2026 23:09:25.565] [modloading-sync-worker/DEBUG] [net.neoforged.fml.config.ConfigTracker/CONFIG]: Watching TOML config file D:\xrexg\neoforge1.21.1\mods\we bearly bare\run\config\neoforge-client.toml for changes
[30Sep2026 23:09:25.565] [modloading-sync-worker/DEBUG] [net.neoforged.fml.config.ConfigTracker/CONFIG]: Loading configs type COMMON
[30Sep2026 23:09:25.566] [modloading-sync-worker/DEBUG] [net.neoforged.fml.config.ConfigTracker/CONFIG]: Loaded TOML config file D:\xrexg\neoforge1.21.1\mods\we bearly bare\run\config\bearmod-common.toml
[30Sep2026 23:09:25.567] [modloading-sync-worker/DEBUG] [net.neoforged.fml.config.ConfigTracker/CONFIG]: Watching TOML config file D:\xrexg\neoforge1.21.1\mods\we bearly bare\run\config\bearmod-common.toml for changes
[30Sep2026 23:09:25.568] [modloading-sync-worker/DEBUG] [net.neoforged.neoforge.common.NeoForgeConfig/FORGEMOD]: Loaded NeoForge config file neoforge-common.toml
[30Sep2026 23:09:25.568] [modloading-sync-worker/DEBUG] [net.neoforged.fml.config.ConfigTracker/CONFIG]: Loaded TOML config file D:\xrexg\neoforge1.21.1\mods\we bearly bare\run\config\neoforge-common.toml
[30Sep2026 23:09:25.570] [modloading-sync-worker/DEBUG] [net.neoforged.fml.config.ConfigTracker/CONFIG]: Watching TOML config file D:\xrexg\neoforge1.21.1\mods\we bearly bare\run\config\neoforge-common.toml for changes
[30Sep2026 23:09:26.177] [Render thread/INFO] [net.neoforged.neoforge.gametest.GameTestHooks/]: Enabled Gametest Namespaces: [bearmod]
[30Sep2026 23:09:26.300] [Render thread/INFO] [net.minecraft.server.packs.resources.ReloadableResourceManager/]: Reloading ResourceManager: vanilla, mod_resources, mod/bearmod, mod/neoforge
[30Sep2026 23:09:26.440] [Render thread/DEBUG] [net.neoforged.fml.DeferredWorkQueue/LOADING]: Dispatching synchronous work for work queue Common setup: 1 jobs
[30Sep2026 23:09:26.449] [Render thread/DEBUG] [net.neoforged.fml.DeferredWorkQueue/LOADING]: Synchronous work queue completed in 6.164 ms
[30Sep2026 23:09:26.476] [Worker-Main-13/INFO] [net.minecraft.client.gui.font.providers.UnihexProvider/]: Found unifont_all_no_pua-15.1.05.hex, loading
[30Sep2026 23:09:26.535] [Worker-Main-6/INFO] [net.minecraft.client.gui.font.providers.UnihexProvider/]: Found unifont_jp_patch-15.1.05.hex, loading
[30Sep2026 23:09:28.141] [Render thread/WARN] [net.minecraft.client.sounds.SoundEngine/]: Missing sound for event: minecraft:item.goat_horn.play
[30Sep2026 23:09:28.142] [Render thread/WARN] [net.minecraft.client.sounds.SoundEngine/]: Missing sound for event: minecraft:entity.goat.screaming.horn_break
[30Sep2026 23:09:28.907] [Render thread/INFO] [com.mojang.blaze3d.audio.Library/]: OpenAL initialized on device OpenAL Soft on Speakers (Realtek(R) Audio)
[30Sep2026 23:09:28.907] [Render thread/INFO] [net.minecraft.client.sounds.SoundEngine/SOUNDS]: Sound engine started
[30Sep2026 23:09:29.020] [Render thread/INFO] [net.minecraft.client.renderer.texture.TextureAtlas/]: Created: 1024x512x4 minecraft:textures/atlas/blocks.png-atlas
[30Sep2026 23:09:29.028] [Render thread/INFO] [net.minecraft.client.renderer.texture.TextureAtlas/]: Created: 256x256x4 minecraft:textures/atlas/signs.png-atlas
[30Sep2026 23:09:29.028] [Render thread/INFO] [net.minecraft.client.renderer.texture.TextureAtlas/]: Created: 512x512x4 minecraft:textures/atlas/shield_patterns.png-atlas
[30Sep2026 23:09:29.029] [Render thread/INFO] [net.minecraft.client.renderer.texture.TextureAtlas/]: Created: 512x512x4 minecraft:textures/atlas/banner_patterns.png-atlas
[30Sep2026 23:09:29.029] [Render thread/INFO] [net.minecraft.client.renderer.texture.TextureAtlas/]: Created: 1024x1024x4 minecraft:textures/atlas/armor_trims.png-atlas
[30Sep2026 23:09:29.032] [Render thread/INFO] [net.minecraft.client.renderer.texture.TextureAtlas/]: Created: 128x64x4 minecraft:textures/atlas/decorated_pot.png-atlas
[30Sep2026 23:09:29.032] [Render thread/INFO] [net.minecraft.client.renderer.texture.TextureAtlas/]: Created: 256x256x4 minecraft:textures/atlas/chest.png-atlas
[30Sep2026 23:09:29.032] [Render thread/INFO] [net.minecraft.client.renderer.texture.TextureAtlas/]: Created: 512x256x4 minecraft:textures/atlas/shulker_boxes.png-atlas
[30Sep2026 23:09:29.033] [Render thread/INFO] [net.minecraft.client.renderer.texture.TextureAtlas/]: Created: 512x256x4 minecraft:textures/atlas/beds.png-atlas
[30Sep2026 23:09:29.119] [Render thread/INFO] [net.minecraft.client.renderer.texture.TextureAtlas/]: Created: 512x256x0 minecraft:textures/atlas/particles.png-atlas
[30Sep2026 23:09:29.120] [Render thread/INFO] [net.minecraft.client.renderer.texture.TextureAtlas/]: Created: 512x256x0 minecraft:textures/atlas/paintings.png-atlas
[30Sep2026 23:09:29.121] [Render thread/INFO] [net.minecraft.client.renderer.texture.TextureAtlas/]: Created: 256x128x0 minecraft:textures/atlas/mob_effects.png-atlas
[30Sep2026 23:09:29.121] [Render thread/INFO] [net.minecraft.client.renderer.texture.TextureAtlas/]: Created: 64x64x0 minecraft:textures/atlas/map_decorations.png-atlas
[30Sep2026 23:09:29.121] [Render thread/INFO] [net.minecraft.client.renderer.texture.TextureAtlas/]: Created: 1024x512x0 minecraft:textures/atlas/gui.png-atlas
[30Sep2026 23:09:29.144] [Render thread/WARN] [net.minecraft.client.renderer.ShaderInstance/]: Shader rendertype_entity_translucent_emissive could not find sampler named Sampler2 in the specified shader program.
[30Sep2026 23:09:29.210] [Render thread/INFO] [net.neoforged.neoforge.client.entity.animation.json.AnimationLoader/]: Loaded 0 entity animations
[30Sep2026 23:09:33.231] [Render thread/INFO] [net.minecraft.world.item.crafting.RecipeManager/]: Loaded 1290 recipes
[30Sep2026 23:09:33.421] [Render thread/INFO] [net.minecraft.advancements.AdvancementTree/]: Loaded 1399 advancements
[30Sep2026 23:09:33.770] [Render thread/DEBUG] [net.neoforged.neoforge.common.CommonHooks/WP]: Gathered mod list to write to world save New World
[30Sep2026 23:09:33.818] [Render thread/ERROR] [net.minecraft.Util/]: Failed to rename
java.nio.file.FileSystemException: .\saves\New World\level14935333465275093545.dat -> .\saves\New World\level.dat: The process cannot access the file because it is being used by another process
	at java.base/sun.nio.fs.WindowsException.translateToIOException(WindowsException.java:92) ~[?:?]
	at java.base/sun.nio.fs.WindowsException.rethrowAsIOException(WindowsException.java:103) ~[?:?]
	at java.base/sun.nio.fs.WindowsFileCopy.move(WindowsFileCopy.java:414) ~[?:?]
	at java.base/sun.nio.fs.WindowsFileSystemProvider.move(WindowsFileSystemProvider.java:291) ~[?:?]
	at java.base/java.nio.file.Files.move(Files.java:1431) ~[?:?]
	at TRANSFORMER/minecraft@1.21.1/net.minecraft.Util$3.getAsBoolean(Util.java:592) ~[neoforge-21.1.252.jar%23189!/:?]
	at TRANSFORMER/minecraft@1.21.1/net.minecraft.Util.executeInSequence(Util.java:657) ~[neoforge-21.1.252.jar%23189!/:?]
	at TRANSFORMER/minecraft@1.21.1/net.minecraft.Util.runWithRetries(Util.java:668) ~[neoforge-21.1.252.jar%23189!/:?]
	at TRANSFORMER/minecraft@1.21.1/net.minecraft.Util.safeReplaceOrMoveFile(Util.java:691) ~[neoforge-21.1.252.jar%23189!/:?]
	at TRANSFORMER/minecraft@1.21.1/net.minecraft.Util.safeReplaceFile(Util.java:680) ~[neoforge-21.1.252.jar%23189!/:?]
	at TRANSFORMER/minecraft@1.21.1/net.minecraft.world.level.storage.LevelStorageSource$LevelStorageAccess.saveLevelData(LevelStorageSource.java:527) ~[neoforge-21.1.252.jar%23189!/:?]
	at TRANSFORMER/minecraft@1.21.1/net.minecraft.world.level.storage.LevelStorageSource$LevelStorageAccess.saveDataTag(LevelStorageSource.java:516) ~[neoforge-21.1.252.jar%23189!/:?]
	at TRANSFORMER/minecraft@1.21.1/net.minecraft.world.level.storage.LevelStorageSource$LevelStorageAccess.saveDataTag(LevelStorageSource.java:508) ~[neoforge-21.1.252.jar%23189!/:?]
	at TRANSFORMER/minecraft@1.21.1/net.minecraft.client.Minecraft.doWorldLoad(Minecraft.java:2069) ~[neoforge-21.1.252.jar%23189!/:?]
	at TRANSFORMER/minecraft@1.21.1/net.minecraft.client.gui.screens.worldselection.WorldOpenFlows.openWorldDoLoad(WorldOpenFlows.java:455) ~[neoforge-21.1.252.jar%23189!/:?]
	at TRANSFORMER/minecraft@1.21.1/net.minecraft.client.gui.screens.worldselection.WorldOpenFlows.openWorldCheckDiskSpace(WorldOpenFlows.java:450) ~[neoforge-21.1.252.jar%23189!/:?]
	at TRANSFORMER/minecraft@1.21.1/net.minecraft.client.gui.screens.worldselection.WorldOpenFlows.lambda$openWorldLoadBundledResourcePack$16(WorldOpenFlows.java:413) ~[neoforge-21.1.252.jar%23189!/:?]
	at java.base/java.util.concurrent.CompletableFuture$UniAccept.tryFire(CompletableFuture.java:718) ~[?:?]
	at java.base/java.util.concurrent.CompletableFuture$Completion.run(CompletableFuture.java:482) ~[?:?]
	at TRANSFORMER/minecraft@1.21.1/net.minecraft.util.thread.BlockableEventLoop.execute(BlockableEventLoop.java:98) ~[neoforge-21.1.252.jar%23189!/:?]
	at java.base/java.util.concurrent.CompletableFuture.uniAcceptNow(CompletableFuture.java:754) ~[?:?]
	at java.base/java.util.concurrent.CompletableFuture.uniAcceptStage(CompletableFuture.java:735) ~[?:?]
	at java.base/java.util.concurrent.CompletableFuture.thenAcceptAsync(CompletableFuture.java:2223) ~[?:?]
	at TRANSFORMER/minecraft@1.21.1/net.minecraft.client.gui.screens.worldselection.WorldOpenFlows.openWorldLoadBundledResourcePack(WorldOpenFlows.java:411) ~[neoforge-21.1.252.jar%23189!/:?]
	at TRANSFORMER/minecraft@1.21.1/net.minecraft.client.gui.screens.worldselection.WorldOpenFlows.openWorldCheckWorldStemCompatibility(WorldOpenFlows.java:386) ~[neoforge-21.1.252.jar%23189!/:?]
	at TRANSFORMER/minecraft@1.21.1/net.minecraft.client.gui.screens.worldselection.WorldOpenFlows.openWorldLoadLevelStem(WorldOpenFlows.java:375) ~[neoforge-21.1.252.jar%23189!/:?]
	at TRANSFORMER/minecraft@1.21.1/net.minecraft.client.gui.screens.worldselection.WorldOpenFlows.openWorldCheckVersionCompatibility(WorldOpenFlows.java:335) ~[neoforge-21.1.252.jar%23189!/:?]
	at TRANSFORMER/minecraft@1.21.1/net.minecraft.client.gui.screens.worldselection.WorldOpenFlows.openWorldLoadLevelData(WorldOpenFlows.java:297) ~[neoforge-21.1.252.jar%23189!/:?]
	at TRANSFORMER/minecraft@1.21.1/net.minecraft.client.gui.screens.worldselection.WorldOpenFlows.openWorld(WorldOpenFlows.java:261) ~[neoforge-21.1.252.jar%23189!/:?]
	at TRANSFORMER/minecraft@1.21.1/net.minecraft.client.gui.screens.worldselection.WorldSelectionList$WorldListEntry.joinWorld(WorldSelectionList.java:498) ~[neoforge-21.1.252.jar%23189!/:?]
	at TRANSFORMER/minecraft@1.21.1/net.minecraft.client.gui.screens.worldselection.WorldSelectionList$WorldListEntry.mouseClicked(WorldSelectionList.java:481) ~[neoforge-21.1.252.jar%23189!/:?]
	at TRANSFORMER/minecraft@1.21.1/net.minecraft.client.gui.components.AbstractSelectionList.mouseClicked(AbstractSelectionList.java:303) ~[neoforge-21.1.252.jar%23189!/:?]
	at TRANSFORMER/minecraft@1.21.1/net.minecraft.client.gui.components.events.ContainerEventHandler.mouseClicked(ContainerEventHandler.java:43) ~[neoforge-21.1.252.jar%23189!/:?]
	at TRANSFORMER/minecraft@1.21.1/net.minecraft.client.MouseHandler.lambda$onPress$0(MouseHandler.java:98) ~[neoforge-21.1.252.jar%23189!/:?]
	at TRANSFORMER/minecraft@1.21.1/net.minecraft.client.gui.screens.Screen.wrapScreenError(Screen.java:451) ~[neoforge-21.1.252.jar%23189!/:?]
	at TRANSFORMER/minecraft@1.21.1/net.minecraft.client.MouseHandler.onPress(MouseHandler.java:95) ~[neoforge-21.1.252.jar%23189!/:?]
	at TRANSFORMER/minecraft@1.21.1/net.minecraft.client.MouseHandler.lambda$setup$4(MouseHandler.java:207) ~[neoforge-21.1.252.jar%23189!/:?]
	at TRANSFORMER/minecraft@1.21.1/net.minecraft.util.thread.BlockableEventLoop.execute(BlockableEventLoop.java:98) ~[neoforge-21.1.252.jar%23189!/:?]
	at TRANSFORMER/minecraft@1.21.1/net.minecraft.client.MouseHandler.lambda$setup$5(MouseHandler.java:207) ~[neoforge-21.1.252.jar%23189!/:?]
	at MC-BOOTSTRAP/org.lwjgl.glfw@3.3.3+5/org.lwjgl.glfw.GLFWMouseButtonCallbackI.callback(GLFWMouseButtonCallbackI.java:43) ~[lwjgl-glfw-3.3.3.jar%23172!/:build 5]
	at MC-BOOTSTRAP/org.lwjgl@3.3.3+5/org.lwjgl.system.JNI.invokeV(Native Method) ~[lwjgl-3.3.3.jar%23183!/:build 5]
	at MC-BOOTSTRAP/org.lwjgl.glfw@3.3.3+5/org.lwjgl.glfw.GLFW.glfwPollEvents(GLFW.java:3438) ~[lwjgl-glfw-3.3.3.jar%23172!/:build 5]
	at TRANSFORMER/minecraft@1.21.1/com.mojang.blaze3d.systems.RenderSystem.pollEvents(RenderSystem.java:134) ~[neoforge-21.1.252.jar%23189!/:?]
	at TRANSFORMER/minecraft@1.21.1/com.mojang.blaze3d.systems.RenderSystem.flipFrame(RenderSystem.java:143) ~[neoforge-21.1.252.jar%23189!/:?]
	at TRANSFORMER/minecraft@1.21.1/com.mojang.blaze3d.platform.Window.updateDisplay(Window.java:296) ~[neoforge-21.1.252.jar%23189!/:?]
	at TRANSFORMER/minecraft@1.21.1/net.minecraft.client.Minecraft.runTick(Minecraft.java:1223) ~[neoforge-21.1.252.jar%23189!/:?]
	at TRANSFORMER/minecraft@1.21.1/net.minecraft.client.Minecraft.run(Minecraft.java:813) ~[neoforge-21.1.252.jar%23189!/:?]
	at TRANSFORMER/minecraft@1.21.1/net.minecraft.client.main.Main.main(Main.java:230) ~[neoforge-21.1.252.jar%23189!/:?]
	at java.base/jdk.internal.reflect.DirectMethodHandleAccessor.invoke(DirectMethodHandleAccessor.java:103) ~[?:?]
	at java.base/java.lang.reflect.Method.invoke(Method.java:580) ~[?:?]
	at MC-BOOTSTRAP/fml_loader@4.0.44/net.neoforged.fml.loading.targets.CommonLaunchHandler.runTarget(CommonLaunchHandler.java:136) ~[loader-4.0.44.jar%23146!/:4.0]
	at MC-BOOTSTRAP/fml_loader@4.0.44/net.neoforged.fml.loading.targets.CommonLaunchHandler.clientService(CommonLaunchHandler.java:124) ~[loader-4.0.44.jar%23146!/:4.0]
	at MC-BOOTSTRAP/fml_loader@4.0.44/net.neoforged.fml.loading.targets.NeoForgeClientDevLaunchHandler.runService(NeoForgeClientDevLaunchHandler.java:23) ~[loader-4.0.44.jar%23146!/:4.0]
	at MC-BOOTSTRAP/fml_loader@4.0.44/net.neoforged.fml.loading.targets.CommonLaunchHandler.lambda$launchService$4(CommonLaunchHandler.java:118) ~[loader-4.0.44.jar%23146!/:4.0]
	at MC-BOOTSTRAP/cpw.mods.modlauncher@11.0.5/cpw.mods.modlauncher.LaunchServiceHandlerDecorator.launch(LaunchServiceHandlerDecorator.java:30) [modlauncher-11.0.5.jar%23128!/:?]
	at MC-BOOTSTRAP/cpw.mods.modlauncher@11.0.5/cpw.mods.modlauncher.LaunchServiceHandler.launch(LaunchServiceHandler.java:53) [modlauncher-11.0.5.jar%23128!/:?]
	at MC-BOOTSTRAP/cpw.mods.modlauncher@11.0.5/cpw.mods.modlauncher.LaunchServiceHandler.launch(LaunchServiceHandler.java:71) [modlauncher-11.0.5.jar%23128!/:?]
	at MC-BOOTSTRAP/cpw.mods.modlauncher@11.0.5/cpw.mods.modlauncher.Launcher.run(Launcher.java:103) [modlauncher-11.0.5.jar%23128!/:?]
	at MC-BOOTSTRAP/cpw.mods.modlauncher@11.0.5/cpw.mods.modlauncher.Launcher.main(Launcher.java:74) [modlauncher-11.0.5.jar%23128!/:?]
	at MC-BOOTSTRAP/cpw.mods.modlauncher@11.0.5/cpw.mods.modlauncher.BootstrapLaunchConsumer.accept(BootstrapLaunchConsumer.java:26) [modlauncher-11.0.5.jar%23128!/:?]
	at MC-BOOTSTRAP/cpw.mods.modlauncher@11.0.5/cpw.mods.modlauncher.BootstrapLaunchConsumer.accept(BootstrapLaunchConsumer.java:23) [modlauncher-11.0.5.jar%23128!/:?]
	at cpw.mods.bootstraplauncher@2.0.2/cpw.mods.bootstraplauncher.BootstrapLauncher.run(BootstrapLauncher.java:210) [bootstraplauncher-2.0.2.jar:?]
	at cpw.mods.bootstraplauncher@2.0.2/cpw.mods.bootstraplauncher.BootstrapLauncher.main(BootstrapLauncher.java:69) [bootstraplauncher-2.0.2.jar:?]
	at java.base/jdk.internal.reflect.DirectMethodHandleAccessor.invoke(DirectMethodHandleAccessor.java:103) ~[?:?]
	at java.base/java.lang.reflect.Method.invoke(Method.java:580) ~[?:?]
	at net.neoforged.devlaunch.Main.main(Main.java:57) [DevLaunch-1.0.2.jar:?]
[30Sep2026 23:09:33.820] [Render thread/WARN] [net.minecraft.Util/]: Failed to execute rename .\saves\New World\level14935333465275093545.dat to .\saves\New World\level.dat
[30Sep2026 23:09:33.820] [Render thread/ERROR] [net.minecraft.Util/]: Failed to replace .\saves\New World\level.dat with .\saves\New World\level14935333465275093545.dat, retrying 0/10
[30Sep2026 23:09:33.821] [Render thread/ERROR] [net.minecraft.Util/]: Failed to rename
java.nio.file.FileSystemException: .\saves\New World\level14935333465275093545.dat -> .\saves\New World\level.dat: The process cannot access the file because it is being used by another process
	at java.base/sun.nio.fs.WindowsException.translateToIOException(WindowsException.java:92) ~[?:?]
	at java.base/sun.nio.fs.WindowsException.rethrowAsIOException(WindowsException.java:103) ~[?:?]
	at java.base/sun.nio.fs.WindowsFileCopy.move(WindowsFileCopy.java:414) ~[?:?]
	at java.base/sun.nio.fs.WindowsFileSystemProvider.move(WindowsFileSystemProvider.java:291) ~[?:?]
	at java.base/java.nio.file.Files.move(Files.java:1431) ~[?:?]
	at TRANSFORMER/minecraft@1.21.1/net.minecraft.Util$3.getAsBoolean(Util.java:592) ~[neoforge-21.1.252.jar%23189!/:?]
	at TRANSFORMER/minecraft@1.21.1/net.minecraft.Util.executeInSequence(Util.java:657) ~[neoforge-21.1.252.jar%23189!/:?]
	at TRANSFORMER/minecraft@1.21.1/net.minecraft.Util.runWithRetries(Util.java:668) ~[neoforge-21.1.252.jar%23189!/:?]
	at TRANSFORMER/minecraft@1.21.1/net.minecraft.Util.safeReplaceOrMoveFile(Util.java:691) ~[neoforge-21.1.252.jar%23189!/:?]
	at TRANSFORMER/minecraft@1.21.1/net.minecraft.Util.safeReplaceFile(Util.java:680) ~[neoforge-21.1.252.jar%23189!/:?]
	at TRANSFORMER/minecraft@1.21.1/net.minecraft.world.level.storage.LevelStorageSource$LevelStorageAccess.saveLevelData(LevelStorageSource.java:527) ~[neoforge-21.1.252.jar%23189!/:?]
	at TRANSFORMER/minecraft@1.21.1/net.minecraft.world.level.storage.LevelStorageSource$LevelStorageAccess.saveDataTag(LevelStorageSource.java:516) ~[neoforge-21.1.252.jar%23189!/:?]
	at TRANSFORMER/minecraft@1.21.1/net.minecraft.world.level.storage.LevelStorageSource$LevelStorageAccess.saveDataTag(LevelStorageSource.java:508) ~[neoforge-21.1.252.jar%23189!/:?]
	at TRANSFORMER/minecraft@1.21.1/net.minecraft.client.Minecraft.doWorldLoad(Minecraft.java:2069) ~[neoforge-21.1.252.jar%23189!/:?]
	at TRANSFORMER/minecraft@1.21.1/net.minecraft.client.gui.screens.worldselection.WorldOpenFlows.openWorldDoLoad(WorldOpenFlows.java:455) ~[neoforge-21.1.252.jar%23189!/:?]
	at TRANSFORMER/minecraft@1.21.1/net.minecraft.client.gui.screens.worldselection.WorldOpenFlows.openWorldCheckDiskSpace(WorldOpenFlows.java:450) ~[neoforge-21.1.252.jar%23189!/:?]
	at TRANSFORMER/minecraft@1.21.1/net.minecraft.client.gui.screens.worldselection.WorldOpenFlows.lambda$openWorldLoadBundledResourcePack$16(WorldOpenFlows.java:413) ~[neoforge-21.1.252.jar%23189!/:?]
	at java.base/java.util.concurrent.CompletableFuture$UniAccept.tryFire(CompletableFuture.java:718) ~[?:?]
	at java.base/java.util.concurrent.CompletableFuture$Completion.run(CompletableFuture.java:482) ~[?:?]
	at TRANSFORMER/minecraft@1.21.1/net.minecraft.util.thread.BlockableEventLoop.execute(BlockableEventLoop.java:98) ~[neoforge-21.1.252.jar%23189!/:?]
	at java.base/java.util.concurrent.CompletableFuture.uniAcceptNow(CompletableFuture.java:754) ~[?:?]
	at java.base/java.util.concurrent.CompletableFuture.uniAcceptStage(CompletableFuture.java:735) ~[?:?]
	at java.base/java.util.concurrent.CompletableFuture.thenAcceptAsync(CompletableFuture.java:2223) ~[?:?]
	at TRANSFORMER/minecraft@1.21.1/net.minecraft.client.gui.screens.worldselection.WorldOpenFlows.openWorldLoadBundledResourcePack(WorldOpenFlows.java:411) ~[neoforge-21.1.252.jar%23189!/:?]
	at TRANSFORMER/minecraft@1.21.1/net.minecraft.client.gui.screens.worldselection.WorldOpenFlows.openWorldCheckWorldStemCompatibility(WorldOpenFlows.java:386) ~[neoforge-21.1.252.jar%23189!/:?]
	at TRANSFORMER/minecraft@1.21.1/net.minecraft.client.gui.screens.worldselection.WorldOpenFlows.openWorldLoadLevelStem(WorldOpenFlows.java:375) ~[neoforge-21.1.252.jar%23189!/:?]
	at TRANSFORMER/minecraft@1.21.1/net.minecraft.client.gui.screens.worldselection.WorldOpenFlows.openWorldCheckVersionCompatibility(WorldOpenFlows.java:335) ~[neoforge-21.1.252.jar%23189!/:?]
	at TRANSFORMER/minecraft@1.21.1/net.minecraft.client.gui.screens.worldselection.WorldOpenFlows.openWorldLoadLevelData(WorldOpenFlows.java:297) ~[neoforge-21.1.252.jar%23189!/:?]
	at TRANSFORMER/minecraft@1.21.1/net.minecraft.client.gui.screens.worldselection.WorldOpenFlows.openWorld(WorldOpenFlows.java:261) ~[neoforge-21.1.252.jar%23189!/:?]
	at TRANSFORMER/minecraft@1.21.1/net.minecraft.client.gui.screens.worldselection.WorldSelectionList$WorldListEntry.joinWorld(WorldSelectionList.java:498) ~[neoforge-21.1.252.jar%23189!/:?]
	at TRANSFORMER/minecraft@1.21.1/net.minecraft.client.gui.screens.worldselection.WorldSelectionList$WorldListEntry.mouseClicked(WorldSelectionList.java:481) ~[neoforge-21.1.252.jar%23189!/:?]
	at TRANSFORMER/minecraft@1.21.1/net.minecraft.client.gui.components.AbstractSelectionList.mouseClicked(AbstractSelectionList.java:303) ~[neoforge-21.1.252.jar%23189!/:?]
	at TRANSFORMER/minecraft@1.21.1/net.minecraft.client.gui.components.events.ContainerEventHandler.mouseClicked(ContainerEventHandler.java:43) ~[neoforge-21.1.252.jar%23189!/:?]
	at TRANSFORMER/minecraft@1.21.1/net.minecraft.client.MouseHandler.lambda$onPress$0(MouseHandler.java:98) ~[neoforge-21.1.252.jar%23189!/:?]
	at TRANSFORMER/minecraft@1.21.1/net.minecraft.client.gui.screens.Screen.wrapScreenError(Screen.java:451) ~[neoforge-21.1.252.jar%23189!/:?]
	at TRANSFORMER/minecraft@1.21.1/net.minecraft.client.MouseHandler.onPress(MouseHandler.java:95) ~[neoforge-21.1.252.jar%23189!/:?]
	at TRANSFORMER/minecraft@1.21.1/net.minecraft.client.MouseHandler.lambda$setup$4(MouseHandler.java:207) ~[neoforge-21.1.252.jar%23189!/:?]
	at TRANSFORMER/minecraft@1.21.1/net.minecraft.util.thread.BlockableEventLoop.execute(BlockableEventLoop.java:98) ~[neoforge-21.1.252.jar%23189!/:?]
	at TRANSFORMER/minecraft@1.21.1/net.minecraft.client.MouseHandler.lambda$setup$5(MouseHandler.java:207) ~[neoforge-21.1.252.jar%23189!/:?]
	at MC-BOOTSTRAP/org.lwjgl.glfw@3.3.3+5/org.lwjgl.glfw.GLFWMouseButtonCallbackI.callback(GLFWMouseButtonCallbackI.java:43) ~[lwjgl-glfw-3.3.3.jar%23172!/:build 5]
	at MC-BOOTSTRAP/org.lwjgl@3.3.3+5/org.lwjgl.system.JNI.invokeV(Native Method) ~[lwjgl-3.3.3.jar%23183!/:build 5]
	at MC-BOOTSTRAP/org.lwjgl.glfw@3.3.3+5/org.lwjgl.glfw.GLFW.glfwPollEvents(GLFW.java:3438) ~[lwjgl-glfw-3.3.3.jar%23172!/:build 5]
	at TRANSFORMER/minecraft@1.21.1/com.mojang.blaze3d.systems.RenderSystem.pollEvents(RenderSystem.java:134) ~[neoforge-21.1.252.jar%23189!/:?]
	at TRANSFORMER/minecraft@1.21.1/com.mojang.blaze3d.systems.RenderSystem.flipFrame(RenderSystem.java:143) ~[neoforge-21.1.252.jar%23189!/:?]
	at TRANSFORMER/minecraft@1.21.1/com.mojang.blaze3d.platform.Window.updateDisplay(Window.java:296) ~[neoforge-21.1.252.jar%23189!/:?]
	at TRANSFORMER/minecraft@1.21.1/net.minecraft.client.Minecraft.runTick(Minecraft.java:1223) ~[neoforge-21.1.252.jar%23189!/:?]
	at TRANSFORMER/minecraft@1.21.1/net.minecraft.client.Minecraft.run(Minecraft.java:813) ~[neoforge-21.1.252.jar%23189!/:?]
	at TRANSFORMER/minecraft@1.21.1/net.minecraft.client.main.Main.main(Main.java:230) ~[neoforge-21.1.252.jar%23189!/:?]
	at java.base/jdk.internal.reflect.DirectMethodHandleAccessor.invoke(DirectMethodHandleAccessor.java:103) ~[?:?]
	at java.base/java.lang.reflect.Method.invoke(Method.java:580) ~[?:?]
	at MC-BOOTSTRAP/fml_loader@4.0.44/net.neoforged.fml.loading.targets.CommonLaunchHandler.runTarget(CommonLaunchHandler.java:136) ~[loader-4.0.44.jar%23146!/:4.0]
	at MC-BOOTSTRAP/fml_loader@4.0.44/net.neoforged.fml.loading.targets.CommonLaunchHandler.clientService(CommonLaunchHandler.java:124) ~[loader-4.0.44.jar%23146!/:4.0]
	at MC-BOOTSTRAP/fml_loader@4.0.44/net.neoforged.fml.loading.targets.NeoForgeClientDevLaunchHandler.runService(NeoForgeClientDevLaunchHandler.java:23) ~[loader-4.0.44.jar%23146!/:4.0]
	at MC-BOOTSTRAP/fml_loader@4.0.44/net.neoforged.fml.loading.targets.CommonLaunchHandler.lambda$launchService$4(CommonLaunchHandler.java:118) ~[loader-4.0.44.jar%23146!/:4.0]
	at MC-BOOTSTRAP/cpw.mods.modlauncher@11.0.5/cpw.mods.modlauncher.LaunchServiceHandlerDecorator.launch(LaunchServiceHandlerDecorator.java:30) [modlauncher-11.0.5.jar%23128!/:?]
	at MC-BOOTSTRAP/cpw.mods.modlauncher@11.0.5/cpw.mods.modlauncher.LaunchServiceHandler.launch(LaunchServiceHandler.java:53) [modlauncher-11.0.5.jar%23128!/:?]
	at MC-BOOTSTRAP/cpw.mods.modlauncher@11.0.5/cpw.mods.modlauncher.LaunchServiceHandler.launch(LaunchServiceHandler.java:71) [modlauncher-11.0.5.jar%23128!/:?]
	at MC-BOOTSTRAP/cpw.mods.modlauncher@11.0.5/cpw.mods.modlauncher.Launcher.run(Launcher.java:103) [modlauncher-11.0.5.jar%23128!/:?]
	at MC-BOOTSTRAP/cpw.mods.modlauncher@11.0.5/cpw.mods.modlauncher.Launcher.main(Launcher.java:74) [modlauncher-11.0.5.jar%23128!/:?]
	at MC-BOOTSTRAP/cpw.mods.modlauncher@11.0.5/cpw.mods.modlauncher.BootstrapLaunchConsumer.accept(BootstrapLaunchConsumer.java:26) [modlauncher-11.0.5.jar%23128!/:?]
	at MC-BOOTSTRAP/cpw.mods.modlauncher@11.0.5/cpw.mods.modlauncher.BootstrapLaunchConsumer.accept(BootstrapLaunchConsumer.java:23) [modlauncher-11.0.5.jar%23128!/:?]
	at cpw.mods.bootstraplauncher@2.0.2/cpw.mods.bootstraplauncher.BootstrapLauncher.run(BootstrapLauncher.java:210) [bootstraplauncher-2.0.2.jar:?]
	at cpw.mods.bootstraplauncher@2.0.2/cpw.mods.bootstraplauncher.BootstrapLauncher.main(BootstrapLauncher.java:69) [bootstraplauncher-2.0.2.jar:?]
	at java.base/jdk.internal.reflect.DirectMethodHandleAccessor.invoke(DirectMethodHandleAccessor.java:103) ~[?:?]
	at java.base/java.lang.reflect.Method.invoke(Method.java:580) ~[?:?]
	at net.neoforged.devlaunch.Main.main(Main.java:57) [DevLaunch-1.0.2.jar:?]
[30Sep2026 23:09:33.823] [Render thread/WARN] [net.minecraft.Util/]: Failed to execute rename .\saves\New World\level14935333465275093545.dat to .\saves\New World\level.dat
[30Sep2026 23:09:33.824] [Render thread/ERROR] [net.minecraft.Util/]: Failed to replace .\saves\New World\level.dat with .\saves\New World\level14935333465275093545.dat, retrying 1/10
[30Sep2026 23:09:33.824] [Render thread/ERROR] [net.minecraft.Util/]: Failed to rename
java.nio.file.FileSystemException: .\saves\New World\level14935333465275093545.dat -> .\saves\New World\level.dat: The process cannot access the file because it is being used by another process
	at java.base/sun.nio.fs.WindowsException.translateToIOException(WindowsException.java:92) ~[?:?]
	at java.base/sun.nio.fs.WindowsException.rethrowAsIOException(WindowsException.java:103) ~[?:?]
	at java.base/sun.nio.fs.WindowsFileCopy.move(WindowsFileCopy.java:414) ~[?:?]
	at java.base/sun.nio.fs.WindowsFileSystemProvider.move(WindowsFileSystemProvider.java:291) ~[?:?]
	at java.base/java.nio.file.Files.move(Files.java:1431) ~[?:?]
	at TRANSFORMER/minecraft@1.21.1/net.minecraft.Util$3.getAsBoolean(Util.java:592) ~[neoforge-21.1.252.jar%23189!/:?]
	at TRANSFORMER/minecraft@1.21.1/net.minecraft.Util.executeInSequence(Util.java:657) ~[neoforge-21.1.252.jar%23189!/:?]
	at TRANSFORMER/minecraft@1.21.1/net.minecraft.Util.runWithRetries(Util.java:668) ~[neoforge-21.1.252.jar%23189!/:?]
	at TRANSFORMER/minecraft@1.21.1/net.minecraft.Util.safeReplaceOrMoveFile(Util.java:691) ~[neoforge-21.1.252.jar%23189!/:?]
	at TRANSFORMER/minecraft@1.21.1/net.minecraft.Util.safeReplaceFile(Util.java:680) ~[neoforge-21.1.252.jar%23189!/:?]
	at TRANSFORMER/minecraft@1.21.1/net.minecraft.world.level.storage.LevelStorageSource$LevelStorageAccess.saveLevelData(LevelStorageSource.java:527) ~[neoforge-21.1.252.jar%23189!/:?]
	at TRANSFORMER/minecraft@1.21.1/net.minecraft.world.level.storage.LevelStorageSource$LevelStorageAccess.saveDataTag(LevelStorageSource.java:516) ~[neoforge-21.1.252.jar%23189!/:?]
	at TRANSFORMER/minecraft@1.21.1/net.minecraft.world.level.storage.LevelStorageSource$LevelStorageAccess.saveDataTag(LevelStorageSource.java:508) ~[neoforge-21.1.252.jar%23189!/:?]
	at TRANSFORMER/minecraft@1.21.1/net.minecraft.client.Minecraft.doWorldLoad(Minecraft.java:2069) ~[neoforge-21.1.252.jar%23189!/:?]
	at TRANSFORMER/minecraft@1.21.1/net.minecraft.client.gui.screens.worldselection.WorldOpenFlows.openWorldDoLoad(WorldOpenFlows.java:455) ~[neoforge-21.1.252.jar%23189!/:?]
	at TRANSFORMER/minecraft@1.21.1/net.minecraft.client.gui.screens.worldselection.WorldOpenFlows.openWorldCheckDiskSpace(WorldOpenFlows.java:450) ~[neoforge-21.1.252.jar%23189!/:?]
	at TRANSFORMER/minecraft@1.21.1/net.minecraft.client.gui.screens.worldselection.WorldOpenFlows.lambda$openWorldLoadBundledResourcePack$16(WorldOpenFlows.java:413) ~[neoforge-21.1.252.jar%23189!/:?]
	at java.base/java.util.concurrent.CompletableFuture$UniAccept.tryFire(CompletableFuture.java:718) ~[?:?]
	at java.base/java.util.concurrent.CompletableFuture$Completion.run(CompletableFuture.java:482) ~[?:?]
	at TRANSFORMER/minecraft@1.21.1/net.minecraft.util.thread.BlockableEventLoop.execute(BlockableEventLoop.java:98) ~[neoforge-21.1.252.jar%23189!/:?]
	at java.base/java.util.concurrent.CompletableFuture.uniAcceptNow(CompletableFuture.java:754) ~[?:?]
	at java.base/java.util.concurrent.CompletableFuture.uniAcceptStage(CompletableFuture.java:735) ~[?:?]
	at java.base/java.util.concurrent.CompletableFuture.thenAcceptAsync(CompletableFuture.java:2223) ~[?:?]
	at TRANSFORMER/minecraft@1.21.1/net.minecraft.client.gui.screens.worldselection.WorldOpenFlows.openWorldLoadBundledResourcePack(WorldOpenFlows.java:411) ~[neoforge-21.1.252.jar%23189!/:?]
	at TRANSFORMER/minecraft@1.21.1/net.minecraft.client.gui.screens.worldselection.WorldOpenFlows.openWorldCheckWorldStemCompatibility(WorldOpenFlows.java:386) ~[neoforge-21.1.252.jar%23189!/:?]
	at TRANSFORMER/minecraft@1.21.1/net.minecraft.client.gui.screens.worldselection.WorldOpenFlows.openWorldLoadLevelStem(WorldOpenFlows.java:375) ~[neoforge-21.1.252.jar%23189!/:?]
	at TRANSFORMER/minecraft@1.21.1/net.minecraft.client.gui.screens.worldselection.WorldOpenFlows.openWorldCheckVersionCompatibility(WorldOpenFlows.java:335) ~[neoforge-21.1.252.jar%23189!/:?]
	at TRANSFORMER/minecraft@1.21.1/net.minecraft.client.gui.screens.worldselection.WorldOpenFlows.openWorldLoadLevelData(WorldOpenFlows.java:297) ~[neoforge-21.1.252.jar%23189!/:?]
	at TRANSFORMER/minecraft@1.21.1/net.minecraft.client.gui.screens.worldselection.WorldOpenFlows.openWorld(WorldOpenFlows.java:261) ~[neoforge-21.1.252.jar%23189!/:?]
	at TRANSFORMER/minecraft@1.21.1/net.minecraft.client.gui.screens.worldselection.WorldSelectionList$WorldListEntry.joinWorld(WorldSelectionList.java:498) ~[neoforge-21.1.252.jar%23189!/:?]
	at TRANSFORMER/minecraft@1.21.1/net.minecraft.client.gui.screens.worldselection.WorldSelectionList$WorldListEntry.mouseClicked(WorldSelectionList.java:481) ~[neoforge-21.1.252.jar%23189!/:?]
	at TRANSFORMER/minecraft@1.21.1/net.minecraft.client.gui.components.AbstractSelectionList.mouseClicked(AbstractSelectionList.java:303) ~[neoforge-21.1.252.jar%23189!/:?]
	at TRANSFORMER/minecraft@1.21.1/net.minecraft.client.gui.components.events.ContainerEventHandler.mouseClicked(ContainerEventHandler.java:43) ~[neoforge-21.1.252.jar%23189!/:?]
	at TRANSFORMER/minecraft@1.21.1/net.minecraft.client.MouseHandler.lambda$onPress$0(MouseHandler.java:98) ~[neoforge-21.1.252.jar%23189!/:?]
	at TRANSFORMER/minecraft@1.21.1/net.minecraft.client.gui.screens.Screen.wrapScreenError(Screen.java:451) ~[neoforge-21.1.252.jar%23189!/:?]
	at TRANSFORMER/minecraft@1.21.1/net.minecraft.client.MouseHandler.onPress(MouseHandler.java:95) ~[neoforge-21.1.252.jar%23189!/:?]
	at TRANSFORMER/minecraft@1.21.1/net.minecraft.client.MouseHandler.lambda$setup$4(MouseHandler.java:207) ~[neoforge-21.1.252.jar%23189!/:?]
	at TRANSFORMER/minecraft@1.21.1/net.minecraft.util.thread.BlockableEventLoop.execute(BlockableEventLoop.java:98) ~[neoforge-21.1.252.jar%23189!/:?]
	at TRANSFORMER/minecraft@1.21.1/net.minecraft.client.MouseHandler.lambda$setup$5(MouseHandler.java:207) ~[neoforge-21.1.252.jar%23189!/:?]
	at MC-BOOTSTRAP/org.lwjgl.glfw@3.3.3+5/org.lwjgl.glfw.GLFWMouseButtonCallbackI.callback(GLFWMouseButtonCallbackI.java:43) ~[lwjgl-glfw-3.3.3.jar%23172!/:build 5]
	at MC-BOOTSTRAP/org.lwjgl@3.3.3+5/org.lwjgl.system.JNI.invokeV(Native Method) ~[lwjgl-3.3.3.jar%23183!/:build 5]
	at MC-BOOTSTRAP/org.lwjgl.glfw@3.3.3+5/org.lwjgl.glfw.GLFW.glfwPollEvents(GLFW.java:3438) ~[lwjgl-glfw-3.3.3.jar%23172!/:build 5]
	at TRANSFORMER/minecraft@1.21.1/com.mojang.blaze3d.systems.RenderSystem.pollEvents(RenderSystem.java:134) ~[neoforge-21.1.252.jar%23189!/:?]
	at TRANSFORMER/minecraft@1.21.1/com.mojang.blaze3d.systems.RenderSystem.flipFrame(RenderSystem.java:143) ~[neoforge-21.1.252.jar%23189!/:?]
	at TRANSFORMER/minecraft@1.21.1/com.mojang.blaze3d.platform.Window.updateDisplay(Window.java:296) ~[neoforge-21.1.252.jar%23189!/:?]
	at TRANSFORMER/minecraft@1.21.1/net.minecraft.client.Minecraft.runTick(Minecraft.java:1223) ~[neoforge-21.1.252.jar%23189!/:?]
	at TRANSFORMER/minecraft@1.21.1/net.minecraft.client.Minecraft.run(Minecraft.java:813) ~[neoforge-21.1.252.jar%23189!/:?]
	at TRANSFORMER/minecraft@1.21.1/net.minecraft.client.main.Main.main(Main.java:230) ~[neoforge-21.1.252.jar%23189!/:?]
	at java.base/jdk.internal.reflect.DirectMethodHandleAccessor.invoke(DirectMethodHandleAccessor.java:103) ~[?:?]
	at java.base/java.lang.reflect.Method.invoke(Method.java:580) ~[?:?]
	at MC-BOOTSTRAP/fml_loader@4.0.44/net.neoforged.fml.loading.targets.CommonLaunchHandler.runTarget(CommonLaunchHandler.java:136) ~[loader-4.0.44.jar%23146!/:4.0]
	at MC-BOOTSTRAP/fml_loader@4.0.44/net.neoforged.fml.loading.targets.CommonLaunchHandler.clientService(CommonLaunchHandler.java:124) ~[loader-4.0.44.jar%23146!/:4.0]
	at MC-BOOTSTRAP/fml_loader@4.0.44/net.neoforged.fml.loading.targets.NeoForgeClientDevLaunchHandler.runService(NeoForgeClientDevLaunchHandler.java:23) ~[loader-4.0.44.jar%23146!/:4.0]
	at MC-BOOTSTRAP/fml_loader@4.0.44/net.neoforged.fml.loading.targets.CommonLaunchHandler.lambda$launchService$4(CommonLaunchHandler.java:118) ~[loader-4.0.44.jar%23146!/:4.0]
	at MC-BOOTSTRAP/cpw.mods.modlauncher@11.0.5/cpw.mods.modlauncher.LaunchServiceHandlerDecorator.launch(LaunchServiceHandlerDecorator.java:30) [modlauncher-11.0.5.jar%23128!/:?]
	at MC-BOOTSTRAP/cpw.mods.modlauncher@11.0.5/cpw.mods.modlauncher.LaunchServiceHandler.launch(LaunchServiceHandler.java:53) [modlauncher-11.0.5.jar%23128!/:?]
	at MC-BOOTSTRAP/cpw.mods.modlauncher@11.0.5/cpw.mods.modlauncher.LaunchServiceHandler.launch(LaunchServiceHandler.java:71) [modlauncher-11.0.5.jar%23128!/:?]
	at MC-BOOTSTRAP/cpw.mods.modlauncher@11.0.5/cpw.mods.modlauncher.Launcher.run(Launcher.java:103) [modlauncher-11.0.5.jar%23128!/:?]
	at MC-BOOTSTRAP/cpw.mods.modlauncher@11.0.5/cpw.mods.modlauncher.Launcher.main(Launcher.java:74) [modlauncher-11.0.5.jar%23128!/:?]
	at MC-BOOTSTRAP/cpw.mods.modlauncher@11.0.5/cpw.mods.modlauncher.BootstrapLaunchConsumer.accept(BootstrapLaunchConsumer.java:26) [modlauncher-11.0.5.jar%23128!/:?]
	at MC-BOOTSTRAP/cpw.mods.modlauncher@11.0.5/cpw.mods.modlauncher.BootstrapLaunchConsumer.accept(BootstrapLaunchConsumer.java:23) [modlauncher-11.0.5.jar%23128!/:?]
	at cpw.mods.bootstraplauncher@2.0.2/cpw.mods.bootstraplauncher.BootstrapLauncher.run(BootstrapLauncher.java:210) [bootstraplauncher-2.0.2.jar:?]
	at cpw.mods.bootstraplauncher@2.0.2/cpw.mods.bootstraplauncher.BootstrapLauncher.main(BootstrapLauncher.java:69) [bootstraplauncher-2.0.2.jar:?]
	at java.base/jdk.internal.reflect.DirectMethodHandleAccessor.invoke(DirectMethodHandleAccessor.java:103) ~[?:?]
	at java.base/java.lang.reflect.Method.invoke(Method.java:580) ~[?:?]
	at net.neoforged.devlaunch.Main.main(Main.java:57) [DevLaunch-1.0.2.jar:?]
[30Sep2026 23:09:33.825] [Render thread/WARN] [net.minecraft.Util/]: Failed to execute rename .\saves\New World\level14935333465275093545.dat to .\saves\New World\level.dat
[30Sep2026 23:09:33.825] [Render thread/ERROR] [net.minecraft.Util/]: Failed to replace .\saves\New World\level.dat with .\saves\New World\level14935333465275093545.dat, retrying 2/10
[30Sep2026 23:09:33.860] [Server thread/INFO] [net.minecraft.client.server.IntegratedServer/]: Starting integrated minecraft server version 1.21.1
[30Sep2026 23:09:33.860] [Server thread/INFO] [net.minecraft.server.MinecraftServer/]: Generating keypair
[30Sep2026 23:09:33.932] [Server thread/DEBUG] [net.neoforged.fml.config.ConfigTracker/CONFIG]: Loading configs type SERVER
[30Sep2026 23:09:33.933] [Server thread/DEBUG] [net.neoforged.neoforge.common.NeoForgeConfig/FORGEMOD]: Loaded NeoForge config file neoforge-server.toml
[30Sep2026 23:09:33.933] [Server thread/DEBUG] [net.neoforged.fml.config.ConfigTracker/CONFIG]: Loaded TOML config file D:\xrexg\neoforge1.21.1\mods\we bearly bare\run\config\neoforge-server.toml
[30Sep2026 23:09:33.933] [Server thread/DEBUG] [net.neoforged.fml.config.ConfigTracker/CONFIG]: Watching TOML config file D:\xrexg\neoforge1.21.1\mods\we bearly bare\run\config\neoforge-server.toml for changes
[30Sep2026 23:09:34.083] [Server thread/INFO] [net.minecraft.server.MinecraftServer/]: Preparing start region for dimension minecraft:overworld
[30Sep2026 23:09:34.258] [progressListener/INFO] [net.minecraft.server.level.progress.LoggerChunkProgressListener/]: Preparing spawn area: 0%
[30Sep2026 23:09:34.311] [Server thread/INFO] [net.neoforged.neoforge.server.permission.PermissionAPI/]: Successfully initialized permission handler neoforge:default_handler
[30Sep2026 23:09:34.318] [progressListener/INFO] [net.minecraft.server.level.progress.LoggerChunkProgressListener/]: Time elapsed: 230 ms
[30Sep2026 23:09:34.387] [Server thread/INFO] [net.minecraft.client.server.IntegratedServer/]: Changing view distance to 12, from 10
[30Sep2026 23:09:34.388] [Server thread/INFO] [net.minecraft.client.server.IntegratedServer/]: Changing simulation distance to 12, from 0
[30Sep2026 23:09:34.426] [Render thread/DEBUG] [io.netty.channel.MultithreadEventLoopGroup/]: -Dio.netty.eventLoopThreads: 32
[30Sep2026 23:09:34.435] [Render thread/DEBUG] [io.netty.util.concurrent.GlobalEventExecutor/]: -Dio.netty.globalEventExecutor.quietPeriodSeconds: 1
[30Sep2026 23:09:34.444] [Render thread/DEBUG] [io.netty.channel.nio.NioEventLoop/]: -Dio.netty.noKeySetOptimization: false
[30Sep2026 23:09:34.444] [Render thread/DEBUG] [io.netty.channel.nio.NioEventLoop/]: -Dio.netty.selectorAutoRebuildThreshold: 512
[30Sep2026 23:09:34.452] [Render thread/DEBUG] [io.netty.util.internal.PlatformDependent/]: org.jctools-core.MpscChunkedArrayQueue: available
[30Sep2026 23:09:34.523] [Render thread/DEBUG] [io.netty.channel.DefaultChannelId/]: -Dio.netty.processId: 9364 (auto-detected)
[30Sep2026 23:09:34.528] [Render thread/DEBUG] [io.netty.util.NetUtil/]: -Djava.net.preferIPv4Stack: false
[30Sep2026 23:09:34.528] [Render thread/DEBUG] [io.netty.util.NetUtil/]: -Djava.net.preferIPv6Addresses: system
[30Sep2026 23:09:34.531] [Render thread/DEBUG] [io.netty.util.NetUtilInitializations/]: Loopback interface: loopback_0 (Software Loopback Interface 1, 0:0:0:0:0:0:0:1)
[30Sep2026 23:09:34.534] [Render thread/DEBUG] [io.netty.util.NetUtil/]: Failed to get SOMAXCONN from sysctl and file \proc\sys\net\core\somaxconn. Default: 200
[30Sep2026 23:09:34.536] [Render thread/DEBUG] [io.netty.channel.DefaultChannelId/]: -Dio.netty.machineId: 40:c2:ba:ff:fe:a6:79:c0 (auto-detected)
[30Sep2026 23:09:34.599] [Render thread/DEBUG] [io.netty.util.Recycler/]: -Dio.netty.recycler.maxCapacityPerThread: 4096
[30Sep2026 23:09:34.600] [Render thread/DEBUG] [io.netty.util.Recycler/]: -Dio.netty.recycler.ratio: 8
[30Sep2026 23:09:34.600] [Render thread/DEBUG] [io.netty.util.Recycler/]: -Dio.netty.recycler.chunkSize: 32
[30Sep2026 23:09:34.600] [Render thread/DEBUG] [io.netty.util.Recycler/]: -Dio.netty.recycler.blocking: false
[30Sep2026 23:09:34.600] [Render thread/DEBUG] [io.netty.util.Recycler/]: -Dio.netty.recycler.batchFastThreadLocalOnly: true
[30Sep2026 23:09:34.742] [Netty Server IO #1/DEBUG] [net.neoforged.neoforge.network.filters.NetworkFilters/]: Injected net.neoforged.neoforge.network.filters.GenericPacketSplitter@4329651b into net.minecraft.network.Connection@6ace4f4f
[30Sep2026 23:09:34.749] [Netty Local Client IO #0/DEBUG] [net.neoforged.neoforge.network.filters.NetworkFilters/]: Injected net.neoforged.neoforge.network.filters.GenericPacketSplitter@1f0706d7 into net.minecraft.network.Connection@c8f835
[30Sep2026 23:09:34.997] [Netty Server IO #1/DEBUG] [net.neoforged.neoforge.network.filters.NetworkFilters/]: Injected net.neoforged.neoforge.network.filters.GenericPacketSplitter@9bb32cf into net.minecraft.network.Connection@6ace4f4f
[30Sep2026 23:09:35.051] [Server thread/INFO] [net.minecraft.server.players.PlayerList/]: Dev[local:E:4cbfd722] logged in with entity id 3 at (-11.182617462436472, -60.0, -58.30765850641211)
[30Sep2026 23:09:35.120] [Server thread/INFO] [net.minecraft.server.MinecraftServer/]: Dev joined the game
[30Sep2026 23:09:38.818] [Render thread/INFO] [net.minecraft.advancements.AdvancementTree/]: Loaded 44 advancements
[30Sep2026 23:10:05.951] [Server thread/INFO] [net.minecraft.server.MinecraftServer/]: [Dev: Applied effect Strength to Dev]
[30Sep2026 23:10:06.053] [Render thread/INFO] [net.minecraft.client.gui.components.ChatComponent/]: [System] [CHAT] Applied effect Strength to Dev
[30Sep2026 23:10:11.279] [Server thread/INFO] [net.minecraft.server.MinecraftServer/]: [Dev: Set own game mode to Creative Mode]
[30Sep2026 23:10:11.281] [Render thread/INFO] [net.minecraft.client.gui.components.ChatComponent/]: [System] [CHAT] Set own game mode to Creative Mode
[30Sep2026 23:10:16.921] [Server thread/INFO] [net.minecraft.server.MinecraftServer/]: [Dev: Set own game mode to Survival Mode]
[30Sep2026 23:10:16.926] [Render thread/INFO] [net.minecraft.client.gui.components.ChatComponent/]: [System] [CHAT] Set own game mode to Survival Mode
[30Sep2026 23:10:37.102] [Server thread/INFO] [net.minecraft.server.MinecraftServer/]: [Dev: Applied effect Strength to Dev]
[30Sep2026 23:10:37.106] [Render thread/INFO] [net.minecraft.client.gui.components.ChatComponent/]: [System] [CHAT] Applied effect Strength to Dev
[30Sep2026 23:10:46.614] [Server thread/INFO] [net.minecraft.client.server.IntegratedServer/]: Saving and pausing game...
[30Sep2026 23:10:46.655] [Server thread/ERROR] [net.minecraft.Util/]: Failed to rename
java.nio.file.FileSystemException: .\saves\New World\playerdata\380df991-f603-344c-a090-369bad2a924a-4874829897122080325.dat -> .\saves\New World\playerdata\380df991-f603-344c-a090-369bad2a924a.dat: The process cannot access the file because it is being used by another process
	at java.base/sun.nio.fs.WindowsException.translateToIOException(WindowsException.java:92) ~[?:?]
	at java.base/sun.nio.fs.WindowsException.rethrowAsIOException(WindowsException.java:103) ~[?:?]
	at java.base/sun.nio.fs.WindowsFileCopy.move(WindowsFileCopy.java:414) ~[?:?]
	at java.base/sun.nio.fs.WindowsFileSystemProvider.move(WindowsFileSystemProvider.java:291) ~[?:?]
	at java.base/java.nio.file.Files.move(Files.java:1431) ~[?:?]
	at TRANSFORMER/minecraft@1.21.1/net.minecraft.Util$3.getAsBoolean(Util.java:592) ~[neoforge-21.1.252.jar%23189!/:?]
	at TRANSFORMER/minecraft@1.21.1/net.minecraft.Util.executeInSequence(Util.java:657) ~[neoforge-21.1.252.jar%23189!/:?]
	at TRANSFORMER/minecraft@1.21.1/net.minecraft.Util.runWithRetries(Util.java:668) ~[neoforge-21.1.252.jar%23189!/:?]
	at TRANSFORMER/minecraft@1.21.1/net.minecraft.Util.safeReplaceOrMoveFile(Util.java:691) ~[neoforge-21.1.252.jar%23189!/:?]
	at TRANSFORMER/minecraft@1.21.1/net.minecraft.Util.safeReplaceFile(Util.java:680) ~[neoforge-21.1.252.jar%23189!/:?]
	at TRANSFORMER/minecraft@1.21.1/net.minecraft.world.level.storage.PlayerDataStorage.save(PlayerDataStorage.java:41) ~[neoforge-21.1.252.jar%23189!/:?]
	at TRANSFORMER/minecraft@1.21.1/net.minecraft.server.players.PlayerList.save(PlayerList.java:354) ~[neoforge-21.1.252.jar%23189!/:?]
	at TRANSFORMER/minecraft@1.21.1/net.minecraft.client.server.IntegratedPlayerList.save(IntegratedPlayerList.java:35) ~[neoforge-21.1.252.jar%23189!/:?]
	at TRANSFORMER/minecraft@1.21.1/net.minecraft.server.players.PlayerList.saveAll(PlayerList.java:687) ~[neoforge-21.1.252.jar%23189!/:?]
	at TRANSFORMER/minecraft@1.21.1/net.minecraft.server.MinecraftServer.saveEverything(MinecraftServer.java:575) ~[neoforge-21.1.252.jar%23189!/:?]
	at TRANSFORMER/minecraft@1.21.1/net.minecraft.client.server.IntegratedServer.saveEverything(IntegratedServer.java:315) ~[neoforge-21.1.252.jar%23189!/:?]
	at TRANSFORMER/minecraft@1.21.1/net.minecraft.client.server.IntegratedServer.tickServer(IntegratedServer.java:101) ~[neoforge-21.1.252.jar%23189!/:?]
	at TRANSFORMER/minecraft@1.21.1/net.minecraft.server.MinecraftServer.runServer(MinecraftServer.java:710) ~[neoforge-21.1.252.jar%23189!/:?]
	at TRANSFORMER/minecraft@1.21.1/net.minecraft.server.MinecraftServer.lambda$spin$2(MinecraftServer.java:267) ~[neoforge-21.1.252.jar%23189!/:?]
	at java.base/java.lang.Thread.run(Thread.java:1583) [?:?]
[30Sep2026 23:10:46.657] [Server thread/WARN] [net.minecraft.Util/]: Failed to execute rename .\saves\New World\playerdata\380df991-f603-344c-a090-369bad2a924a-4874829897122080325.dat to .\saves\New World\playerdata\380df991-f603-344c-a090-369bad2a924a.dat
[30Sep2026 23:10:46.657] [Server thread/ERROR] [net.minecraft.Util/]: Failed to replace .\saves\New World\playerdata\380df991-f603-344c-a090-369bad2a924a.dat with .\saves\New World\playerdata\380df991-f603-344c-a090-369bad2a924a-4874829897122080325.dat, retrying 0/10
[30Sep2026 23:10:46.657] [Server thread/ERROR] [net.minecraft.Util/]: Failed to rename
java.nio.file.FileSystemException: .\saves\New World\playerdata\380df991-f603-344c-a090-369bad2a924a-4874829897122080325.dat -> .\saves\New World\playerdata\380df991-f603-344c-a090-369bad2a924a.dat: The process cannot access the file because it is being used by another process
	at java.base/sun.nio.fs.WindowsException.translateToIOException(WindowsException.java:92) ~[?:?]
	at java.base/sun.nio.fs.WindowsException.rethrowAsIOException(WindowsException.java:103) ~[?:?]
	at java.base/sun.nio.fs.WindowsFileCopy.move(WindowsFileCopy.java:414) ~[?:?]
	at java.base/sun.nio.fs.WindowsFileSystemProvider.move(WindowsFileSystemProvider.java:291) ~[?:?]
	at java.base/java.nio.file.Files.move(Files.java:1431) ~[?:?]
	at TRANSFORMER/minecraft@1.21.1/net.minecraft.Util$3.getAsBoolean(Util.java:592) ~[neoforge-21.1.252.jar%23189!/:?]
	at TRANSFORMER/minecraft@1.21.1/net.minecraft.Util.executeInSequence(Util.java:657) ~[neoforge-21.1.252.jar%23189!/:?]
	at TRANSFORMER/minecraft@1.21.1/net.minecraft.Util.runWithRetries(Util.java:668) ~[neoforge-21.1.252.jar%23189!/:?]
	at TRANSFORMER/minecraft@1.21.1/net.minecraft.Util.safeReplaceOrMoveFile(Util.java:691) ~[neoforge-21.1.252.jar%23189!/:?]
	at TRANSFORMER/minecraft@1.21.1/net.minecraft.Util.safeReplaceFile(Util.java:680) ~[neoforge-21.1.252.jar%23189!/:?]
	at TRANSFORMER/minecraft@1.21.1/net.minecraft.world.level.storage.PlayerDataStorage.save(PlayerDataStorage.java:41) ~[neoforge-21.1.252.jar%23189!/:?]
	at TRANSFORMER/minecraft@1.21.1/net.minecraft.server.players.PlayerList.save(PlayerList.java:354) ~[neoforge-21.1.252.jar%23189!/:?]
	at TRANSFORMER/minecraft@1.21.1/net.minecraft.client.server.IntegratedPlayerList.save(IntegratedPlayerList.java:35) ~[neoforge-21.1.252.jar%23189!/:?]
	at TRANSFORMER/minecraft@1.21.1/net.minecraft.server.players.PlayerList.saveAll(PlayerList.java:687) ~[neoforge-21.1.252.jar%23189!/:?]
	at TRANSFORMER/minecraft@1.21.1/net.minecraft.server.MinecraftServer.saveEverything(MinecraftServer.java:575) ~[neoforge-21.1.252.jar%23189!/:?]
	at TRANSFORMER/minecraft@1.21.1/net.minecraft.client.server.IntegratedServer.saveEverything(IntegratedServer.java:315) ~[neoforge-21.1.252.jar%23189!/:?]
	at TRANSFORMER/minecraft@1.21.1/net.minecraft.client.server.IntegratedServer.tickServer(IntegratedServer.java:101) ~[neoforge-21.1.252.jar%23189!/:?]
	at TRANSFORMER/minecraft@1.21.1/net.minecraft.server.MinecraftServer.runServer(MinecraftServer.java:710) ~[neoforge-21.1.252.jar%23189!/:?]
	at TRANSFORMER/minecraft@1.21.1/net.minecraft.server.MinecraftServer.lambda$spin$2(MinecraftServer.java:267) ~[neoforge-21.1.252.jar%23189!/:?]
	at java.base/java.lang.Thread.run(Thread.java:1583) [?:?]
[30Sep2026 23:10:46.658] [Server thread/WARN] [net.minecraft.Util/]: Failed to execute rename .\saves\New World\playerdata\380df991-f603-344c-a090-369bad2a924a-4874829897122080325.dat to .\saves\New World\playerdata\380df991-f603-344c-a090-369bad2a924a.dat
[30Sep2026 23:10:46.658] [Server thread/ERROR] [net.minecraft.Util/]: Failed to replace .\saves\New World\playerdata\380df991-f603-344c-a090-369bad2a924a.dat with .\saves\New World\playerdata\380df991-f603-344c-a090-369bad2a924a-4874829897122080325.dat, retrying 1/10
[30Sep2026 23:10:46.659] [Server thread/ERROR] [net.minecraft.Util/]: Failed to rename
java.nio.file.FileSystemException: .\saves\New World\playerdata\380df991-f603-344c-a090-369bad2a924a-4874829897122080325.dat -> .\saves\New World\playerdata\380df991-f603-344c-a090-369bad2a924a.dat: The process cannot access the file because it is being used by another process
	at java.base/sun.nio.fs.WindowsException.translateToIOException(WindowsException.java:92) ~[?:?]
	at java.base/sun.nio.fs.WindowsException.rethrowAsIOException(WindowsException.java:103) ~[?:?]
	at java.base/sun.nio.fs.WindowsFileCopy.move(WindowsFileCopy.java:414) ~[?:?]
	at java.base/sun.nio.fs.WindowsFileSystemProvider.move(WindowsFileSystemProvider.java:291) ~[?:?]
	at java.base/java.nio.file.Files.move(Files.java:1431) ~[?:?]
	at TRANSFORMER/minecraft@1.21.1/net.minecraft.Util$3.getAsBoolean(Util.java:592) ~[neoforge-21.1.252.jar%23189!/:?]
	at TRANSFORMER/minecraft@1.21.1/net.minecraft.Util.executeInSequence(Util.java:657) ~[neoforge-21.1.252.jar%23189!/:?]
	at TRANSFORMER/minecraft@1.21.1/net.minecraft.Util.runWithRetries(Util.java:668) ~[neoforge-21.1.252.jar%23189!/:?]
	at TRANSFORMER/minecraft@1.21.1/net.minecraft.Util.safeReplaceOrMoveFile(Util.java:691) ~[neoforge-21.1.252.jar%23189!/:?]
	at TRANSFORMER/minecraft@1.21.1/net.minecraft.Util.safeReplaceFile(Util.java:680) ~[neoforge-21.1.252.jar%23189!/:?]
	at TRANSFORMER/minecraft@1.21.1/net.minecraft.world.level.storage.PlayerDataStorage.save(PlayerDataStorage.java:41) ~[neoforge-21.1.252.jar%23189!/:?]
	at TRANSFORMER/minecraft@1.21.1/net.minecraft.server.players.PlayerList.save(PlayerList.java:354) ~[neoforge-21.1.252.jar%23189!/:?]
	at TRANSFORMER/minecraft@1.21.1/net.minecraft.client.server.IntegratedPlayerList.save(IntegratedPlayerList.java:35) ~[neoforge-21.1.252.jar%23189!/:?]
	at TRANSFORMER/minecraft@1.21.1/net.minecraft.server.players.PlayerList.saveAll(PlayerList.java:687) ~[neoforge-21.1.252.jar%23189!/:?]
	at TRANSFORMER/minecraft@1.21.1/net.minecraft.server.MinecraftServer.saveEverything(MinecraftServer.java:575) ~[neoforge-21.1.252.jar%23189!/:?]
	at TRANSFORMER/minecraft@1.21.1/net.minecraft.client.server.IntegratedServer.saveEverything(IntegratedServer.java:315) ~[neoforge-21.1.252.jar%23189!/:?]
	at TRANSFORMER/minecraft@1.21.1/net.minecraft.client.server.IntegratedServer.tickServer(IntegratedServer.java:101) ~[neoforge-21.1.252.jar%23189!/:?]
	at TRANSFORMER/minecraft@1.21.1/net.minecraft.server.MinecraftServer.runServer(MinecraftServer.java:710) ~[neoforge-21.1.252.jar%23189!/:?]
	at TRANSFORMER/minecraft@1.21.1/net.minecraft.server.MinecraftServer.lambda$spin$2(MinecraftServer.java:267) ~[neoforge-21.1.252.jar%23189!/:?]
	at java.base/java.lang.Thread.run(Thread.java:1583) [?:?]
[30Sep2026 23:10:46.660] [Server thread/WARN] [net.minecraft.Util/]: Failed to execute rename .\saves\New World\playerdata\380df991-f603-344c-a090-369bad2a924a-4874829897122080325.dat to .\saves\New World\playerdata\380df991-f603-344c-a090-369bad2a924a.dat
[30Sep2026 23:10:46.660] [Server thread/ERROR] [net.minecraft.Util/]: Failed to replace .\saves\New World\playerdata\380df991-f603-344c-a090-369bad2a924a.dat with .\saves\New World\playerdata\380df991-f603-344c-a090-369bad2a924a-4874829897122080325.dat, retrying 2/10
[30Sep2026 23:10:46.661] [Server thread/ERROR] [net.minecraft.Util/]: Failed to rename
java.nio.file.FileSystemException: .\saves\New World\playerdata\380df991-f603-344c-a090-369bad2a924a-4874829897122080325.dat -> .\saves\New World\playerdata\380df991-f603-344c-a090-369bad2a924a.dat: The process cannot access the file because it is being used by another process
	at java.base/sun.nio.fs.WindowsException.translateToIOException(WindowsException.java:92) ~[?:?]
	at java.base/sun.nio.fs.WindowsException.rethrowAsIOException(WindowsException.java:103) ~[?:?]
	at java.base/sun.nio.fs.WindowsFileCopy.move(WindowsFileCopy.java:414) ~[?:?]
	at java.base/sun.nio.fs.WindowsFileSystemProvider.move(WindowsFileSystemProvider.java:291) ~[?:?]
	at java.base/java.nio.file.Files.move(Files.java:1431) ~[?:?]
	at TRANSFORMER/minecraft@1.21.1/net.minecraft.Util$3.getAsBoolean(Util.java:592) ~[neoforge-21.1.252.jar%23189!/:?]
	at TRANSFORMER/minecraft@1.21.1/net.minecraft.Util.executeInSequence(Util.java:657) ~[neoforge-21.1.252.jar%23189!/:?]
	at TRANSFORMER/minecraft@1.21.1/net.minecraft.Util.runWithRetries(Util.java:668) ~[neoforge-21.1.252.jar%23189!/:?]
	at TRANSFORMER/minecraft@1.21.1/net.minecraft.Util.safeReplaceOrMoveFile(Util.java:691) ~[neoforge-21.1.252.jar%23189!/:?]
	at TRANSFORMER/minecraft@1.21.1/net.minecraft.Util.safeReplaceFile(Util.java:680) ~[neoforge-21.1.252.jar%23189!/:?]
	at TRANSFORMER/minecraft@1.21.1/net.minecraft.world.level.storage.PlayerDataStorage.save(PlayerDataStorage.java:41) ~[neoforge-21.1.252.jar%23189!/:?]
	at TRANSFORMER/minecraft@1.21.1/net.minecraft.server.players.PlayerList.save(PlayerList.java:354) ~[neoforge-21.1.252.jar%23189!/:?]
	at TRANSFORMER/minecraft@1.21.1/net.minecraft.client.server.IntegratedPlayerList.save(IntegratedPlayerList.java:35) ~[neoforge-21.1.252.jar%23189!/:?]
	at TRANSFORMER/minecraft@1.21.1/net.minecraft.server.players.PlayerList.saveAll(PlayerList.java:687) ~[neoforge-21.1.252.jar%23189!/:?]
	at TRANSFORMER/minecraft@1.21.1/net.minecraft.server.MinecraftServer.saveEverything(MinecraftServer.java:575) ~[neoforge-21.1.252.jar%23189!/:?]
	at TRANSFORMER/minecraft@1.21.1/net.minecraft.client.server.IntegratedServer.saveEverything(IntegratedServer.java:315) ~[neoforge-21.1.252.jar%23189!/:?]
	at TRANSFORMER/minecraft@1.21.1/net.minecraft.client.server.IntegratedServer.tickServer(IntegratedServer.java:101) ~[neoforge-21.1.252.jar%23189!/:?]
	at TRANSFORMER/minecraft@1.21.1/net.minecraft.server.MinecraftServer.runServer(MinecraftServer.java:710) ~[neoforge-21.1.252.jar%23189!/:?]
	at TRANSFORMER/minecraft@1.21.1/net.minecraft.server.MinecraftServer.lambda$spin$2(MinecraftServer.java:267) ~[neoforge-21.1.252.jar%23189!/:?]
	at java.base/java.lang.Thread.run(Thread.java:1583) [?:?]
[30Sep2026 23:10:46.662] [Server thread/WARN] [net.minecraft.Util/]: Failed to execute rename .\saves\New World\playerdata\380df991-f603-344c-a090-369bad2a924a-4874829897122080325.dat to .\saves\New World\playerdata\380df991-f603-344c-a090-369bad2a924a.dat
[30Sep2026 23:10:46.662] [Server thread/ERROR] [net.minecraft.Util/]: Failed to replace .\saves\New World\playerdata\380df991-f603-344c-a090-369bad2a924a.dat with .\saves\New World\playerdata\380df991-f603-344c-a090-369bad2a924a-4874829897122080325.dat, retrying 3/10
[30Sep2026 23:10:46.662] [Server thread/ERROR] [net.minecraft.Util/]: Failed to rename
java.nio.file.FileSystemException: .\saves\New World\playerdata\380df991-f603-344c-a090-369bad2a924a-4874829897122080325.dat -> .\saves\New World\playerdata\380df991-f603-344c-a090-369bad2a924a.dat: The process cannot access the file because it is being used by another process
	at java.base/sun.nio.fs.WindowsException.translateToIOException(WindowsException.java:92) ~[?:?]
	at java.base/sun.nio.fs.WindowsException.rethrowAsIOException(WindowsException.java:103) ~[?:?]
	at java.base/sun.nio.fs.WindowsFileCopy.move(WindowsFileCopy.java:414) ~[?:?]
	at java.base/sun.nio.fs.WindowsFileSystemProvider.move(WindowsFileSystemProvider.java:291) ~[?:?]
	at java.base/java.nio.file.Files.move(Files.java:1431) ~[?:?]
	at TRANSFORMER/minecraft@1.21.1/net.minecraft.Util$3.getAsBoolean(Util.java:592) ~[neoforge-21.1.252.jar%23189!/:?]
	at TRANSFORMER/minecraft@1.21.1/net.minecraft.Util.executeInSequence(Util.java:657) ~[neoforge-21.1.252.jar%23189!/:?]
	at TRANSFORMER/minecraft@1.21.1/net.minecraft.Util.runWithRetries(Util.java:668) ~[neoforge-21.1.252.jar%23189!/:?]
	at TRANSFORMER/minecraft@1.21.1/net.minecraft.Util.safeReplaceOrMoveFile(Util.java:691) ~[neoforge-21.1.252.jar%23189!/:?]
	at TRANSFORMER/minecraft@1.21.1/net.minecraft.Util.safeReplaceFile(Util.java:680) ~[neoforge-21.1.252.jar%23189!/:?]
	at TRANSFORMER/minecraft@1.21.1/net.minecraft.world.level.storage.PlayerDataStorage.save(PlayerDataStorage.java:41) ~[neoforge-21.1.252.jar%23189!/:?]
	at TRANSFORMER/minecraft@1.21.1/net.minecraft.server.players.PlayerList.save(PlayerList.java:354) ~[neoforge-21.1.252.jar%23189!/:?]
	at TRANSFORMER/minecraft@1.21.1/net.minecraft.client.server.IntegratedPlayerList.save(IntegratedPlayerList.java:35) ~[neoforge-21.1.252.jar%23189!/:?]
	at TRANSFORMER/minecraft@1.21.1/net.minecraft.server.players.PlayerList.saveAll(PlayerList.java:687) ~[neoforge-21.1.252.jar%23189!/:?]
	at TRANSFORMER/minecraft@1.21.1/net.minecraft.server.MinecraftServer.saveEverything(MinecraftServer.java:575) ~[neoforge-21.1.252.jar%23189!/:?]
	at TRANSFORMER/minecraft@1.21.1/net.minecraft.client.server.IntegratedServer.saveEverything(IntegratedServer.java:315) ~[neoforge-21.1.252.jar%23189!/:?]
	at TRANSFORMER/minecraft@1.21.1/net.minecraft.client.server.IntegratedServer.tickServer(IntegratedServer.java:101) ~[neoforge-21.1.252.jar%23189!/:?]
	at TRANSFORMER/minecraft@1.21.1/net.minecraft.server.MinecraftServer.runServer(MinecraftServer.java:710) ~[neoforge-21.1.252.jar%23189!/:?]
	at TRANSFORMER/minecraft@1.21.1/net.minecraft.server.MinecraftServer.lambda$spin$2(MinecraftServer.java:267) ~[neoforge-21.1.252.jar%23189!/:?]
	at java.base/java.lang.Thread.run(Thread.java:1583) [?:?]
[30Sep2026 23:10:46.663] [Server thread/WARN] [net.minecraft.Util/]: Failed to execute rename .\saves\New World\playerdata\380df991-f603-344c-a090-369bad2a924a-4874829897122080325.dat to .\saves\New World\playerdata\380df991-f603-344c-a090-369bad2a924a.dat
[30Sep2026 23:10:46.663] [Server thread/ERROR] [net.minecraft.Util/]: Failed to replace .\saves\New World\playerdata\380df991-f603-344c-a090-369bad2a924a.dat with .\saves\New World\playerdata\380df991-f603-344c-a090-369bad2a924a-4874829897122080325.dat, retrying 4/10
[30Sep2026 23:10:46.672] [Server thread/INFO] [net.minecraft.server.MinecraftServer/]: Saving chunks for level 'ServerLevel[New World]'/minecraft:overworld
[30Sep2026 23:10:46.680] [Server thread/INFO] [net.minecraft.server.MinecraftServer/]: Saving chunks for level 'ServerLevel[New World]'/minecraft:the_nether
[30Sep2026 23:10:46.680] [Server thread/INFO] [net.minecraft.server.MinecraftServer/]: Saving chunks for level 'ServerLevel[New World]'/minecraft:the_end
[30Sep2026 23:10:46.682] [Server thread/DEBUG] [net.neoforged.neoforge.common.CommonHooks/WP]: Gathered mod list to write to world save New World
[30Sep2026 23:10:47.177] [Server thread/ERROR] [net.minecraft.Util/]: Failed to rename
java.nio.file.FileSystemException: .\saves\New World\level6216253628525529768.dat -> .\saves\New World\level.dat: The process cannot access the file because it is being used by another process
	at java.base/sun.nio.fs.WindowsException.translateToIOException(WindowsException.java:92) ~[?:?]
	at java.base/sun.nio.fs.WindowsException.rethrowAsIOException(WindowsException.java:103) ~[?:?]
	at java.base/sun.nio.fs.WindowsFileCopy.move(WindowsFileCopy.java:414) ~[?:?]
	at java.base/sun.nio.fs.WindowsFileSystemProvider.move(WindowsFileSystemProvider.java:291) ~[?:?]
	at java.base/java.nio.file.Files.move(Files.java:1431) ~[?:?]
	at TRANSFORMER/minecraft@1.21.1/net.minecraft.Util$3.getAsBoolean(Util.java:592) ~[neoforge-21.1.252.jar%23189!/:?]
	at TRANSFORMER/minecraft@1.21.1/net.minecraft.Util.executeInSequence(Util.java:657) ~[neoforge-21.1.252.jar%23189!/:?]
	at TRANSFORMER/minecraft@1.21.1/net.minecraft.Util.runWithRetries(Util.java:668) ~[neoforge-21.1.252.jar%23189!/:?]
	at TRANSFORMER/minecraft@1.21.1/net.minecraft.Util.safeReplaceOrMoveFile(Util.java:691) ~[neoforge-21.1.252.jar%23189!/:?]
	at TRANSFORMER/minecraft@1.21.1/net.minecraft.Util.safeReplaceFile(Util.java:680) ~[neoforge-21.1.252.jar%23189!/:?]
	at TRANSFORMER/minecraft@1.21.1/net.minecraft.world.level.storage.LevelStorageSource$LevelStorageAccess.saveLevelData(LevelStorageSource.java:527) ~[neoforge-21.1.252.jar%23189!/:?]
	at TRANSFORMER/minecraft@1.21.1/net.minecraft.world.level.storage.LevelStorageSource$LevelStorageAccess.saveDataTag(LevelStorageSource.java:516) ~[neoforge-21.1.252.jar%23189!/:?]
	at TRANSFORMER/minecraft@1.21.1/net.minecraft.server.MinecraftServer.saveAllChunks(MinecraftServer.java:559) ~[neoforge-21.1.252.jar%23189!/:?]
	at TRANSFORMER/minecraft@1.21.1/net.minecraft.server.MinecraftServer.saveEverything(MinecraftServer.java:576) ~[neoforge-21.1.252.jar%23189!/:?]
	at TRANSFORMER/minecraft@1.21.1/net.minecraft.client.server.IntegratedServer.saveEverything(IntegratedServer.java:315) ~[neoforge-21.1.252.jar%23189!/:?]
	at TRANSFORMER/minecraft@1.21.1/net.minecraft.client.server.IntegratedServer.tickServer(IntegratedServer.java:101) ~[neoforge-21.1.252.jar%23189!/:?]
	at TRANSFORMER/minecraft@1.21.1/net.minecraft.server.MinecraftServer.runServer(MinecraftServer.java:710) ~[neoforge-21.1.252.jar%23189!/:?]
	at TRANSFORMER/minecraft@1.21.1/net.minecraft.server.MinecraftServer.lambda$spin$2(MinecraftServer.java:267) ~[neoforge-21.1.252.jar%23189!/:?]
	at java.base/java.lang.Thread.run(Thread.java:1583) [?:?]
[30Sep2026 23:10:47.178] [Server thread/WARN] [net.minecraft.Util/]: Failed to execute rename .\saves\New World\level6216253628525529768.dat to .\saves\New World\level.dat
[30Sep2026 23:10:47.178] [Server thread/ERROR] [net.minecraft.Util/]: Failed to replace .\saves\New World\level.dat with .\saves\New World\level6216253628525529768.dat, retrying 0/10
[30Sep2026 23:10:47.178] [Server thread/ERROR] [net.minecraft.Util/]: Failed to rename
java.nio.file.FileSystemException: .\saves\New World\level6216253628525529768.dat -> .\saves\New World\level.dat: The process cannot access the file because it is being used by another process
	at java.base/sun.nio.fs.WindowsException.translateToIOException(WindowsException.java:92) ~[?:?]
	at java.base/sun.nio.fs.WindowsException.rethrowAsIOException(WindowsException.java:103) ~[?:?]
	at java.base/sun.nio.fs.WindowsFileCopy.move(WindowsFileCopy.java:414) ~[?:?]
	at java.base/sun.nio.fs.WindowsFileSystemProvider.move(WindowsFileSystemProvider.java:291) ~[?:?]
	at java.base/java.nio.file.Files.move(Files.java:1431) ~[?:?]
	at TRANSFORMER/minecraft@1.21.1/net.minecraft.Util$3.getAsBoolean(Util.java:592) ~[neoforge-21.1.252.jar%23189!/:?]
	at TRANSFORMER/minecraft@1.21.1/net.minecraft.Util.executeInSequence(Util.java:657) ~[neoforge-21.1.252.jar%23189!/:?]
	at TRANSFORMER/minecraft@1.21.1/net.minecraft.Util.runWithRetries(Util.java:668) ~[neoforge-21.1.252.jar%23189!/:?]
	at TRANSFORMER/minecraft@1.21.1/net.minecraft.Util.safeReplaceOrMoveFile(Util.java:691) ~[neoforge-21.1.252.jar%23189!/:?]
	at TRANSFORMER/minecraft@1.21.1/net.minecraft.Util.safeReplaceFile(Util.java:680) ~[neoforge-21.1.252.jar%23189!/:?]
	at TRANSFORMER/minecraft@1.21.1/net.minecraft.world.level.storage.LevelStorageSource$LevelStorageAccess.saveLevelData(LevelStorageSource.java:527) ~[neoforge-21.1.252.jar%23189!/:?]
	at TRANSFORMER/minecraft@1.21.1/net.minecraft.world.level.storage.LevelStorageSource$LevelStorageAccess.saveDataTag(LevelStorageSource.java:516) ~[neoforge-21.1.252.jar%23189!/:?]
	at TRANSFORMER/minecraft@1.21.1/net.minecraft.server.MinecraftServer.saveAllChunks(MinecraftServer.java:559) ~[neoforge-21.1.252.jar%23189!/:?]
	at TRANSFORMER/minecraft@1.21.1/net.minecraft.server.MinecraftServer.saveEverything(MinecraftServer.java:576) ~[neoforge-21.1.252.jar%23189!/:?]
	at TRANSFORMER/minecraft@1.21.1/net.minecraft.client.server.IntegratedServer.saveEverything(IntegratedServer.java:315) ~[neoforge-21.1.252.jar%23189!/:?]
	at TRANSFORMER/minecraft@1.21.1/net.minecraft.client.server.IntegratedServer.tickServer(IntegratedServer.java:101) ~[neoforge-21.1.252.jar%23189!/:?]
	at TRANSFORMER/minecraft@1.21.1/net.minecraft.server.MinecraftServer.runServer(MinecraftServer.java:710) ~[neoforge-21.1.252.jar%23189!/:?]
	at TRANSFORMER/minecraft@1.21.1/net.minecraft.server.MinecraftServer.lambda$spin$2(MinecraftServer.java:267) ~[neoforge-21.1.252.jar%23189!/:?]
	at java.base/java.lang.Thread.run(Thread.java:1583) [?:?]
[30Sep2026 23:10:47.178] [Server thread/WARN] [net.minecraft.Util/]: Failed to execute rename .\saves\New World\level6216253628525529768.dat to .\saves\New World\level.dat
[30Sep2026 23:10:47.178] [Server thread/ERROR] [net.minecraft.Util/]: Failed to replace .\saves\New World\level.dat with .\saves\New World\level6216253628525529768.dat, retrying 1/10
[30Sep2026 23:10:47.179] [Server thread/ERROR] [net.minecraft.Util/]: Failed to rename
java.nio.file.FileSystemException: .\saves\New World\level6216253628525529768.dat -> .\saves\New World\level.dat: The process cannot access the file because it is being used by another process
	at java.base/sun.nio.fs.WindowsException.translateToIOException(WindowsException.java:92) ~[?:?]
	at java.base/sun.nio.fs.WindowsException.rethrowAsIOException(WindowsException.java:103) ~[?:?]
	at java.base/sun.nio.fs.WindowsFileCopy.move(WindowsFileCopy.java:414) ~[?:?]
	at java.base/sun.nio.fs.WindowsFileSystemProvider.move(WindowsFileSystemProvider.java:291) ~[?:?]
	at java.base/java.nio.file.Files.move(Files.java:1431) ~[?:?]
	at TRANSFORMER/minecraft@1.21.1/net.minecraft.Util$3.getAsBoolean(Util.java:592) ~[neoforge-21.1.252.jar%23189!/:?]
	at TRANSFORMER/minecraft@1.21.1/net.minecraft.Util.executeInSequence(Util.java:657) ~[neoforge-21.1.252.jar%23189!/:?]
	at TRANSFORMER/minecraft@1.21.1/net.minecraft.Util.runWithRetries(Util.java:668) ~[neoforge-21.1.252.jar%23189!/:?]
	at TRANSFORMER/minecraft@1.21.1/net.minecraft.Util.safeReplaceOrMoveFile(Util.java:691) ~[neoforge-21.1.252.jar%23189!/:?]
	at TRANSFORMER/minecraft@1.21.1/net.minecraft.Util.safeReplaceFile(Util.java:680) ~[neoforge-21.1.252.jar%23189!/:?]
	at TRANSFORMER/minecraft@1.21.1/net.minecraft.world.level.storage.LevelStorageSource$LevelStorageAccess.saveLevelData(LevelStorageSource.java:527) ~[neoforge-21.1.252.jar%23189!/:?]
	at TRANSFORMER/minecraft@1.21.1/net.minecraft.world.level.storage.LevelStorageSource$LevelStorageAccess.saveDataTag(LevelStorageSource.java:516) ~[neoforge-21.1.252.jar%23189!/:?]
	at TRANSFORMER/minecraft@1.21.1/net.minecraft.server.MinecraftServer.saveAllChunks(MinecraftServer.java:559) ~[neoforge-21.1.252.jar%23189!/:?]
	at TRANSFORMER/minecraft@1.21.1/net.minecraft.server.MinecraftServer.saveEverything(MinecraftServer.java:576) ~[neoforge-21.1.252.jar%23189!/:?]
	at TRANSFORMER/minecraft@1.21.1/net.minecraft.client.server.IntegratedServer.saveEverything(IntegratedServer.java:315) ~[neoforge-21.1.252.jar%23189!/:?]
	at TRANSFORMER/minecraft@1.21.1/net.minecraft.client.server.IntegratedServer.tickServer(IntegratedServer.java:101) ~[neoforge-21.1.252.jar%23189!/:?]
	at TRANSFORMER/minecraft@1.21.1/net.minecraft.server.MinecraftServer.runServer(MinecraftServer.java:710) ~[neoforge-21.1.252.jar%23189!/:?]
	at TRANSFORMER/minecraft@1.21.1/net.minecraft.server.MinecraftServer.lambda$spin$2(MinecraftServer.java:267) ~[neoforge-21.1.252.jar%23189!/:?]
	at java.base/java.lang.Thread.run(Thread.java:1583) [?:?]
[30Sep2026 23:10:47.179] [Server thread/WARN] [net.minecraft.Util/]: Failed to execute rename .\saves\New World\level6216253628525529768.dat to .\saves\New World\level.dat
[30Sep2026 23:10:47.179] [Server thread/ERROR] [net.minecraft.Util/]: Failed to replace .\saves\New World\level.dat with .\saves\New World\level6216253628525529768.dat, retrying 2/10
[30Sep2026 23:10:47.179] [Server thread/ERROR] [net.minecraft.Util/]: Failed to rename
java.nio.file.FileSystemException: .\saves\New World\level6216253628525529768.dat -> .\saves\New World\level.dat: The process cannot access the file because it is being used by another process
	at java.base/sun.nio.fs.WindowsException.translateToIOException(WindowsException.java:92) ~[?:?]
	at java.base/sun.nio.fs.WindowsException.rethrowAsIOException(WindowsException.java:103) ~[?:?]
	at java.base/sun.nio.fs.WindowsFileCopy.move(WindowsFileCopy.java:414) ~[?:?]
	at java.base/sun.nio.fs.WindowsFileSystemProvider.move(WindowsFileSystemProvider.java:291) ~[?:?]
	at java.base/java.nio.file.Files.move(Files.java:1431) ~[?:?]
	at TRANSFORMER/minecraft@1.21.1/net.minecraft.Util$3.getAsBoolean(Util.java:592) ~[neoforge-21.1.252.jar%23189!/:?]
	at TRANSFORMER/minecraft@1.21.1/net.minecraft.Util.executeInSequence(Util.java:657) ~[neoforge-21.1.252.jar%23189!/:?]
	at TRANSFORMER/minecraft@1.21.1/net.minecraft.Util.runWithRetries(Util.java:668) ~[neoforge-21.1.252.jar%23189!/:?]
	at TRANSFORMER/minecraft@1.21.1/net.minecraft.Util.safeReplaceOrMoveFile(Util.java:691) ~[neoforge-21.1.252.jar%23189!/:?]
	at TRANSFORMER/minecraft@1.21.1/net.minecraft.Util.safeReplaceFile(Util.java:680) ~[neoforge-21.1.252.jar%23189!/:?]
	at TRANSFORMER/minecraft@1.21.1/net.minecraft.world.level.storage.LevelStorageSource$LevelStorageAccess.saveLevelData(LevelStorageSource.java:527) ~[neoforge-21.1.252.jar%23189!/:?]
	at TRANSFORMER/minecraft@1.21.1/net.minecraft.world.level.storage.LevelStorageSource$LevelStorageAccess.saveDataTag(LevelStorageSource.java:516) ~[neoforge-21.1.252.jar%23189!/:?]
	at TRANSFORMER/minecraft@1.21.1/net.minecraft.server.MinecraftServer.saveAllChunks(MinecraftServer.java:559) ~[neoforge-21.1.252.jar%23189!/:?]
	at TRANSFORMER/minecraft@1.21.1/net.minecraft.server.MinecraftServer.saveEverything(MinecraftServer.java:576) ~[neoforge-21.1.252.jar%23189!/:?]
	at TRANSFORMER/minecraft@1.21.1/net.minecraft.client.server.IntegratedServer.saveEverything(IntegratedServer.java:315) ~[neoforge-21.1.252.jar%23189!/:?]
	at TRANSFORMER/minecraft@1.21.1/net.minecraft.client.server.IntegratedServer.tickServer(IntegratedServer.java:101) ~[neoforge-21.1.252.jar%23189!/:?]
	at TRANSFORMER/minecraft@1.21.1/net.minecraft.server.MinecraftServer.runServer(MinecraftServer.java:710) ~[neoforge-21.1.252.jar%23189!/:?]
	at TRANSFORMER/minecraft@1.21.1/net.minecraft.server.MinecraftServer.lambda$spin$2(MinecraftServer.java:267) ~[neoforge-21.1.252.jar%23189!/:?]
	at java.base/java.lang.Thread.run(Thread.java:1583) [?:?]
[30Sep2026 23:10:47.180] [Server thread/WARN] [net.minecraft.Util/]: Failed to execute rename .\saves\New World\level6216253628525529768.dat to .\saves\New World\level.dat
[30Sep2026 23:10:47.180] [Server thread/ERROR] [net.minecraft.Util/]: Failed to replace .\saves\New World\level.dat with .\saves\New World\level6216253628525529768.dat, retrying 3/10
[30Sep2026 23:10:47.180] [Server thread/ERROR] [net.minecraft.Util/]: Failed to rename
java.nio.file.FileSystemException: .\saves\New World\level6216253628525529768.dat -> .\saves\New World\level.dat: The process cannot access the file because it is being used by another process
	at java.base/sun.nio.fs.WindowsException.translateToIOException(WindowsException.java:92) ~[?:?]
	at java.base/sun.nio.fs.WindowsException.rethrowAsIOException(WindowsException.java:103) ~[?:?]
	at java.base/sun.nio.fs.WindowsFileCopy.move(WindowsFileCopy.java:414) ~[?:?]
	at java.base/sun.nio.fs.WindowsFileSystemProvider.move(WindowsFileSystemProvider.java:291) ~[?:?]
	at java.base/java.nio.file.Files.move(Files.java:1431) ~[?:?]
	at TRANSFORMER/minecraft@1.21.1/net.minecraft.Util$3.getAsBoolean(Util.java:592) ~[neoforge-21.1.252.jar%23189!/:?]
	at TRANSFORMER/minecraft@1.21.1/net.minecraft.Util.executeInSequence(Util.java:657) ~[neoforge-21.1.252.jar%23189!/:?]
	at TRANSFORMER/minecraft@1.21.1/net.minecraft.Util.runWithRetries(Util.java:668) ~[neoforge-21.1.252.jar%23189!/:?]
	at TRANSFORMER/minecraft@1.21.1/net.minecraft.Util.safeReplaceOrMoveFile(Util.java:691) ~[neoforge-21.1.252.jar%23189!/:?]
	at TRANSFORMER/minecraft@1.21.1/net.minecraft.Util.safeReplaceFile(Util.java:680) ~[neoforge-21.1.252.jar%23189!/:?]
	at TRANSFORMER/minecraft@1.21.1/net.minecraft.world.level.storage.LevelStorageSource$LevelStorageAccess.saveLevelData(LevelStorageSource.java:527) ~[neoforge-21.1.252.jar%23189!/:?]
	at TRANSFORMER/minecraft@1.21.1/net.minecraft.world.level.storage.LevelStorageSource$LevelStorageAccess.saveDataTag(LevelStorageSource.java:516) ~[neoforge-21.1.252.jar%23189!/:?]
	at TRANSFORMER/minecraft@1.21.1/net.minecraft.server.MinecraftServer.saveAllChunks(MinecraftServer.java:559) ~[neoforge-21.1.252.jar%23189!/:?]
	at TRANSFORMER/minecraft@1.21.1/net.minecraft.server.MinecraftServer.saveEverything(MinecraftServer.java:576) ~[neoforge-21.1.252.jar%23189!/:?]
	at TRANSFORMER/minecraft@1.21.1/net.minecraft.client.server.IntegratedServer.saveEverything(IntegratedServer.java:315) ~[neoforge-21.1.252.jar%23189!/:?]
	at TRANSFORMER/minecraft@1.21.1/net.minecraft.client.server.IntegratedServer.tickServer(IntegratedServer.java:101) ~[neoforge-21.1.252.jar%23189!/:?]
	at TRANSFORMER/minecraft@1.21.1/net.minecraft.server.MinecraftServer.runServer(MinecraftServer.java:710) ~[neoforge-21.1.252.jar%23189!/:?]
	at TRANSFORMER/minecraft@1.21.1/net.minecraft.server.MinecraftServer.lambda$spin$2(MinecraftServer.java:267) ~[neoforge-21.1.252.jar%23189!/:?]
	at java.base/java.lang.Thread.run(Thread.java:1583) [?:?]
[30Sep2026 23:10:47.181] [Server thread/WARN] [net.minecraft.Util/]: Failed to execute rename .\saves\New World\level6216253628525529768.dat to .\saves\New World\level.dat
[30Sep2026 23:10:47.181] [Server thread/ERROR] [net.minecraft.Util/]: Failed to replace .\saves\New World\level.dat with .\saves\New World\level6216253628525529768.dat, retrying 4/10
[30Sep2026 23:10:47.181] [Server thread/ERROR] [net.minecraft.Util/]: Failed to rename
java.nio.file.FileSystemException: .\saves\New World\level6216253628525529768.dat -> .\saves\New World\level.dat: The process cannot access the file because it is being used by another process
	at java.base/sun.nio.fs.WindowsException.translateToIOException(WindowsException.java:92) ~[?:?]
	at java.base/sun.nio.fs.WindowsException.rethrowAsIOException(WindowsException.java:103) ~[?:?]
	at java.base/sun.nio.fs.WindowsFileCopy.move(WindowsFileCopy.java:414) ~[?:?]
	at java.base/sun.nio.fs.WindowsFileSystemProvider.move(WindowsFileSystemProvider.java:291) ~[?:?]
	at java.base/java.nio.file.Files.move(Files.java:1431) ~[?:?]
	at TRANSFORMER/minecraft@1.21.1/net.minecraft.Util$3.getAsBoolean(Util.java:592) ~[neoforge-21.1.252.jar%23189!/:?]
	at TRANSFORMER/minecraft@1.21.1/net.minecraft.Util.executeInSequence(Util.java:657) ~[neoforge-21.1.252.jar%23189!/:?]
	at TRANSFORMER/minecraft@1.21.1/net.minecraft.Util.runWithRetries(Util.java:668) ~[neoforge-21.1.252.jar%23189!/:?]
	at TRANSFORMER/minecraft@1.21.1/net.minecraft.Util.safeReplaceOrMoveFile(Util.java:691) ~[neoforge-21.1.252.jar%23189!/:?]
	at TRANSFORMER/minecraft@1.21.1/net.minecraft.Util.safeReplaceFile(Util.java:680) ~[neoforge-21.1.252.jar%23189!/:?]
	at TRANSFORMER/minecraft@1.21.1/net.minecraft.world.level.storage.LevelStorageSource$LevelStorageAccess.saveLevelData(LevelStorageSource.java:527) ~[neoforge-21.1.252.jar%23189!/:?]
	at TRANSFORMER/minecraft@1.21.1/net.minecraft.world.level.storage.LevelStorageSource$LevelStorageAccess.saveDataTag(LevelStorageSource.java:516) ~[neoforge-21.1.252.jar%23189!/:?]
	at TRANSFORMER/minecraft@1.21.1/net.minecraft.server.MinecraftServer.saveAllChunks(MinecraftServer.java:559) ~[neoforge-21.1.252.jar%23189!/:?]
	at TRANSFORMER/minecraft@1.21.1/net.minecraft.server.MinecraftServer.saveEverything(MinecraftServer.java:576) ~[neoforge-21.1.252.jar%23189!/:?]
	at TRANSFORMER/minecraft@1.21.1/net.minecraft.client.server.IntegratedServer.saveEverything(IntegratedServer.java:315) ~[neoforge-21.1.252.jar%23189!/:?]
	at TRANSFORMER/minecraft@1.21.1/net.minecraft.client.server.IntegratedServer.tickServer(IntegratedServer.java:101) ~[neoforge-21.1.252.jar%23189!/:?]
	at TRANSFORMER/minecraft@1.21.1/net.minecraft.server.MinecraftServer.runServer(MinecraftServer.java:710) ~[neoforge-21.1.252.jar%23189!/:?]
	at TRANSFORMER/minecraft@1.21.1/net.minecraft.server.MinecraftServer.lambda$spin$2(MinecraftServer.java:267) ~[neoforge-21.1.252.jar%23189!/:?]
	at java.base/java.lang.Thread.run(Thread.java:1583) [?:?]
[30Sep2026 23:10:47.181] [Server thread/WARN] [net.minecraft.Util/]: Failed to execute rename .\saves\New World\level6216253628525529768.dat to .\saves\New World\level.dat
[30Sep2026 23:10:47.181] [Server thread/ERROR] [net.minecraft.Util/]: Failed to replace .\saves\New World\level.dat with .\saves\New World\level6216253628525529768.dat, retrying 5/10
[30Sep2026 23:10:47.182] [Server thread/ERROR] [net.minecraft.Util/]: Failed to rename
java.nio.file.FileSystemException: .\saves\New World\level6216253628525529768.dat -> .\saves\New World\level.dat: The process cannot access the file because it is being used by another process
	at java.base/sun.nio.fs.WindowsException.translateToIOException(WindowsException.java:92) ~[?:?]
	at java.base/sun.nio.fs.WindowsException.rethrowAsIOException(WindowsException.java:103) ~[?:?]
	at java.base/sun.nio.fs.WindowsFileCopy.move(WindowsFileCopy.java:414) ~[?:?]
	at java.base/sun.nio.fs.WindowsFileSystemProvider.move(WindowsFileSystemProvider.java:291) ~[?:?]
	at java.base/java.nio.file.Files.move(Files.java:1431) ~[?:?]
	at TRANSFORMER/minecraft@1.21.1/net.minecraft.Util$3.getAsBoolean(Util.java:592) ~[neoforge-21.1.252.jar%23189!/:?]
	at TRANSFORMER/minecraft@1.21.1/net.minecraft.Util.executeInSequence(Util.java:657) ~[neoforge-21.1.252.jar%23189!/:?]
	at TRANSFORMER/minecraft@1.21.1/net.minecraft.Util.runWithRetries(Util.java:668) ~[neoforge-21.1.252.jar%23189!/:?]
	at TRANSFORMER/minecraft@1.21.1/net.minecraft.Util.safeReplaceOrMoveFile(Util.java:691) ~[neoforge-21.1.252.jar%23189!/:?]
	at TRANSFORMER/minecraft@1.21.1/net.minecraft.Util.safeReplaceFile(Util.java:680) ~[neoforge-21.1.252.jar%23189!/:?]
	at TRANSFORMER/minecraft@1.21.1/net.minecraft.world.level.storage.LevelStorageSource$LevelStorageAccess.saveLevelData(LevelStorageSource.java:527) ~[neoforge-21.1.252.jar%23189!/:?]
	at TRANSFORMER/minecraft@1.21.1/net.minecraft.world.level.storage.LevelStorageSource$LevelStorageAccess.saveDataTag(LevelStorageSource.java:516) ~[neoforge-21.1.252.jar%23189!/:?]
	at TRANSFORMER/minecraft@1.21.1/net.minecraft.server.MinecraftServer.saveAllChunks(MinecraftServer.java:559) ~[neoforge-21.1.252.jar%23189!/:?]
	at TRANSFORMER/minecraft@1.21.1/net.minecraft.server.MinecraftServer.saveEverything(MinecraftServer.java:576) ~[neoforge-21.1.252.jar%23189!/:?]
	at TRANSFORMER/minecraft@1.21.1/net.minecraft.client.server.IntegratedServer.saveEverything(IntegratedServer.java:315) ~[neoforge-21.1.252.jar%23189!/:?]
	at TRANSFORMER/minecraft@1.21.1/net.minecraft.client.server.IntegratedServer.tickServer(IntegratedServer.java:101) ~[neoforge-21.1.252.jar%23189!/:?]
	at TRANSFORMER/minecraft@1.21.1/net.minecraft.server.MinecraftServer.runServer(MinecraftServer.java:710) ~[neoforge-21.1.252.jar%23189!/:?]
	at TRANSFORMER/minecraft@1.21.1/net.minecraft.server.MinecraftServer.lambda$spin$2(MinecraftServer.java:267) ~[neoforge-21.1.252.jar%23189!/:?]
	at java.base/java.lang.Thread.run(Thread.java:1583) [?:?]
[30Sep2026 23:10:47.182] [Server thread/WARN] [net.minecraft.Util/]: Failed to execute rename .\saves\New World\level6216253628525529768.dat to .\saves\New World\level.dat
[30Sep2026 23:10:47.182] [Server thread/ERROR] [net.minecraft.Util/]: Failed to replace .\saves\New World\level.dat with .\saves\New World\level6216253628525529768.dat, retrying 6/10
[30Sep2026 23:10:47.182] [Server thread/ERROR] [net.minecraft.Util/]: Failed to rename
java.nio.file.FileSystemException: .\saves\New World\level6216253628525529768.dat -> .\saves\New World\level.dat: The process cannot access the file because it is being used by another process
	at java.base/sun.nio.fs.WindowsException.translateToIOException(WindowsException.java:92) ~[?:?]
	at java.base/sun.nio.fs.WindowsException.rethrowAsIOException(WindowsException.java:103) ~[?:?]
	at java.base/sun.nio.fs.WindowsFileCopy.move(WindowsFileCopy.java:414) ~[?:?]
	at java.base/sun.nio.fs.WindowsFileSystemProvider.move(WindowsFileSystemProvider.java:291) ~[?:?]
	at java.base/java.nio.file.Files.move(Files.java:1431) ~[?:?]
	at TRANSFORMER/minecraft@1.21.1/net.minecraft.Util$3.getAsBoolean(Util.java:592) ~[neoforge-21.1.252.jar%23189!/:?]
	at TRANSFORMER/minecraft@1.21.1/net.minecraft.Util.executeInSequence(Util.java:657) ~[neoforge-21.1.252.jar%23189!/:?]
	at TRANSFORMER/minecraft@1.21.1/net.minecraft.Util.runWithRetries(Util.java:668) ~[neoforge-21.1.252.jar%23189!/:?]
	at TRANSFORMER/minecraft@1.21.1/net.minecraft.Util.safeReplaceOrMoveFile(Util.java:691) ~[neoforge-21.1.252.jar%23189!/:?]
	at TRANSFORMER/minecraft@1.21.1/net.minecraft.Util.safeReplaceFile(Util.java:680) ~[neoforge-21.1.252.jar%23189!/:?]
	at TRANSFORMER/minecraft@1.21.1/net.minecraft.world.level.storage.LevelStorageSource$LevelStorageAccess.saveLevelData(LevelStorageSource.java:527) ~[neoforge-21.1.252.jar%23189!/:?]
	at TRANSFORMER/minecraft@1.21.1/net.minecraft.world.level.storage.LevelStorageSource$LevelStorageAccess.saveDataTag(LevelStorageSource.java:516) ~[neoforge-21.1.252.jar%23189!/:?]
	at TRANSFORMER/minecraft@1.21.1/net.minecraft.server.MinecraftServer.saveAllChunks(MinecraftServer.java:559) ~[neoforge-21.1.252.jar%23189!/:?]
	at TRANSFORMER/minecraft@1.21.1/net.minecraft.server.MinecraftServer.saveEverything(MinecraftServer.java:576) ~[neoforge-21.1.252.jar%23189!/:?]
	at TRANSFORMER/minecraft@1.21.1/net.minecraft.client.server.IntegratedServer.saveEverything(IntegratedServer.java:315) ~[neoforge-21.1.252.jar%23189!/:?]
	at TRANSFORMER/minecraft@1.21.1/net.minecraft.client.server.IntegratedServer.tickServer(IntegratedServer.java:101) ~[neoforge-21.1.252.jar%23189!/:?]
	at TRANSFORMER/minecraft@1.21.1/net.minecraft.server.MinecraftServer.runServer(MinecraftServer.java:710) ~[neoforge-21.1.252.jar%23189!/:?]
	at TRANSFORMER/minecraft@1.21.1/net.minecraft.server.MinecraftServer.lambda$spin$2(MinecraftServer.java:267) ~[neoforge-21.1.252.jar%23189!/:?]
	at java.base/java.lang.Thread.run(Thread.java:1583) [?:?]
[30Sep2026 23:10:47.183] [Server thread/WARN] [net.minecraft.Util/]: Failed to execute rename .\saves\New World\level6216253628525529768.dat to .\saves\New World\level.dat
[30Sep2026 23:10:47.183] [Server thread/ERROR] [net.minecraft.Util/]: Failed to replace .\saves\New World\level.dat with .\saves\New World\level6216253628525529768.dat, retrying 7/10
[30Sep2026 23:10:47.183] [Server thread/ERROR] [net.minecraft.Util/]: Failed to rename
java.nio.file.FileSystemException: .\saves\New World\level6216253628525529768.dat -> .\saves\New World\level.dat: The process cannot access the file because it is being used by another process
	at java.base/sun.nio.fs.WindowsException.translateToIOException(WindowsException.java:92) ~[?:?]
	at java.base/sun.nio.fs.WindowsException.rethrowAsIOException(WindowsException.java:103) ~[?:?]
	at java.base/sun.nio.fs.WindowsFileCopy.move(WindowsFileCopy.java:414) ~[?:?]
	at java.base/sun.nio.fs.WindowsFileSystemProvider.move(WindowsFileSystemProvider.java:291) ~[?:?]
	at java.base/java.nio.file.Files.move(Files.java:1431) ~[?:?]
	at TRANSFORMER/minecraft@1.21.1/net.minecraft.Util$3.getAsBoolean(Util.java:592) ~[neoforge-21.1.252.jar%23189!/:?]
	at TRANSFORMER/minecraft@1.21.1/net.minecraft.Util.executeInSequence(Util.java:657) ~[neoforge-21.1.252.jar%23189!/:?]
	at TRANSFORMER/minecraft@1.21.1/net.minecraft.Util.runWithRetries(Util.java:668) ~[neoforge-21.1.252.jar%23189!/:?]
	at TRANSFORMER/minecraft@1.21.1/net.minecraft.Util.safeReplaceOrMoveFile(Util.java:691) ~[neoforge-21.1.252.jar%23189!/:?]
	at TRANSFORMER/minecraft@1.21.1/net.minecraft.Util.safeReplaceFile(Util.java:680) ~[neoforge-21.1.252.jar%23189!/:?]
	at TRANSFORMER/minecraft@1.21.1/net.minecraft.world.level.storage.LevelStorageSource$LevelStorageAccess.saveLevelData(LevelStorageSource.java:527) ~[neoforge-21.1.252.jar%23189!/:?]
	at TRANSFORMER/minecraft@1.21.1/net.minecraft.world.level.storage.LevelStorageSource$LevelStorageAccess.saveDataTag(LevelStorageSource.java:516) ~[neoforge-21.1.252.jar%23189!/:?]
	at TRANSFORMER/minecraft@1.21.1/net.minecraft.server.MinecraftServer.saveAllChunks(MinecraftServer.java:559) ~[neoforge-21.1.252.jar%23189!/:?]
	at TRANSFORMER/minecraft@1.21.1/net.minecraft.server.MinecraftServer.saveEverything(MinecraftServer.java:576) ~[neoforge-21.1.252.jar%23189!/:?]
	at TRANSFORMER/minecraft@1.21.1/net.minecraft.client.server.IntegratedServer.saveEverything(IntegratedServer.java:315) ~[neoforge-21.1.252.jar%23189!/:?]
	at TRANSFORMER/minecraft@1.21.1/net.minecraft.client.server.IntegratedServer.tickServer(IntegratedServer.java:101) ~[neoforge-21.1.252.jar%23189!/:?]
	at TRANSFORMER/minecraft@1.21.1/net.minecraft.server.MinecraftServer.runServer(MinecraftServer.java:710) ~[neoforge-21.1.252.jar%23189!/:?]
	at TRANSFORMER/minecraft@1.21.1/net.minecraft.server.MinecraftServer.lambda$spin$2(MinecraftServer.java:267) ~[neoforge-21.1.252.jar%23189!/:?]
	at java.base/java.lang.Thread.run(Thread.java:1583) [?:?]
[30Sep2026 23:10:47.183] [Server thread/WARN] [net.minecraft.Util/]: Failed to execute rename .\saves\New World\level6216253628525529768.dat to .\saves\New World\level.dat
[30Sep2026 23:10:47.183] [Server thread/ERROR] [net.minecraft.Util/]: Failed to replace .\saves\New World\level.dat with .\saves\New World\level6216253628525529768.dat, retrying 8/10
[30Sep2026 23:10:47.184] [Server thread/ERROR] [net.minecraft.Util/]: Failed to rename
java.nio.file.FileSystemException: .\saves\New World\level6216253628525529768.dat -> .\saves\New World\level.dat: The process cannot access the file because it is being used by another process
	at java.base/sun.nio.fs.WindowsException.translateToIOException(WindowsException.java:92) ~[?:?]
	at java.base/sun.nio.fs.WindowsException.rethrowAsIOException(WindowsException.java:103) ~[?:?]
	at java.base/sun.nio.fs.WindowsFileCopy.move(WindowsFileCopy.java:414) ~[?:?]
	at java.base/sun.nio.fs.WindowsFileSystemProvider.move(WindowsFileSystemProvider.java:291) ~[?:?]
	at java.base/java.nio.file.Files.move(Files.java:1431) ~[?:?]
	at TRANSFORMER/minecraft@1.21.1/net.minecraft.Util$3.getAsBoolean(Util.java:592) ~[neoforge-21.1.252.jar%23189!/:?]
	at TRANSFORMER/minecraft@1.21.1/net.minecraft.Util.executeInSequence(Util.java:657) ~[neoforge-21.1.252.jar%23189!/:?]
	at TRANSFORMER/minecraft@1.21.1/net.minecraft.Util.runWithRetries(Util.java:668) ~[neoforge-21.1.252.jar%23189!/:?]
	at TRANSFORMER/minecraft@1.21.1/net.minecraft.Util.safeReplaceOrMoveFile(Util.java:691) ~[neoforge-21.1.252.jar%23189!/:?]
	at TRANSFORMER/minecraft@1.21.1/net.minecraft.Util.safeReplaceFile(Util.java:680) ~[neoforge-21.1.252.jar%23189!/:?]
	at TRANSFORMER/minecraft@1.21.1/net.minecraft.world.level.storage.LevelStorageSource$LevelStorageAccess.saveLevelData(LevelStorageSource.java:527) ~[neoforge-21.1.252.jar%23189!/:?]
	at TRANSFORMER/minecraft@1.21.1/net.minecraft.world.level.storage.LevelStorageSource$LevelStorageAccess.saveDataTag(LevelStorageSource.java:516) ~[neoforge-21.1.252.jar%23189!/:?]
	at TRANSFORMER/minecraft@1.21.1/net.minecraft.server.MinecraftServer.saveAllChunks(MinecraftServer.java:559) ~[neoforge-21.1.252.jar%23189!/:?]
	at TRANSFORMER/minecraft@1.21.1/net.minecraft.server.MinecraftServer.saveEverything(MinecraftServer.java:576) ~[neoforge-21.1.252.jar%23189!/:?]
	at TRANSFORMER/minecraft@1.21.1/net.minecraft.client.server.IntegratedServer.saveEverything(IntegratedServer.java:315) ~[neoforge-21.1.252.jar%23189!/:?]
	at TRANSFORMER/minecraft@1.21.1/net.minecraft.client.server.IntegratedServer.tickServer(IntegratedServer.java:101) ~[neoforge-21.1.252.jar%23189!/:?]
	at TRANSFORMER/minecraft@1.21.1/net.minecraft.server.MinecraftServer.runServer(MinecraftServer.java:710) ~[neoforge-21.1.252.jar%23189!/:?]
	at TRANSFORMER/minecraft@1.21.1/net.minecraft.server.MinecraftServer.lambda$spin$2(MinecraftServer.java:267) ~[neoforge-21.1.252.jar%23189!/:?]
	at java.base/java.lang.Thread.run(Thread.java:1583) [?:?]
[30Sep2026 23:10:47.184] [Server thread/WARN] [net.minecraft.Util/]: Failed to execute rename .\saves\New World\level6216253628525529768.dat to .\saves\New World\level.dat
[30Sep2026 23:10:47.184] [Server thread/ERROR] [net.minecraft.Util/]: Failed to replace .\saves\New World\level.dat with .\saves\New World\level6216253628525529768.dat, retrying 9/10
[30Sep2026 23:10:47.184] [Server thread/ERROR] [net.minecraft.Util/]: Failed to replace .\saves\New World\level.dat with .\saves\New World\level6216253628525529768.dat, aborting, progress might be lost
[30Sep2026 23:10:50.367] [Server thread/INFO] [net.minecraft.server.network.ServerGamePacketListenerImpl/]: Dev lost connection: Disconnected
[30Sep2026 23:10:50.367] [Server thread/INFO] [net.minecraft.server.MinecraftServer/]: Dev left the game
[30Sep2026 23:10:50.475] [Server thread/ERROR] [net.minecraft.Util/]: Failed to rename
java.nio.file.FileSystemException: .\saves\New World\playerdata\380df991-f603-344c-a090-369bad2a924a-5787236756067287114.dat -> .\saves\New World\playerdata\380df991-f603-344c-a090-369bad2a924a.dat: The process cannot access the file because it is being used by another process
	at java.base/sun.nio.fs.WindowsException.translateToIOException(WindowsException.java:92) ~[?:?]
	at java.base/sun.nio.fs.WindowsException.rethrowAsIOException(WindowsException.java:103) ~[?:?]
	at java.base/sun.nio.fs.WindowsFileCopy.move(WindowsFileCopy.java:414) ~[?:?]
	at java.base/sun.nio.fs.WindowsFileSystemProvider.move(WindowsFileSystemProvider.java:291) ~[?:?]
	at java.base/java.nio.file.Files.move(Files.java:1431) ~[?:?]
	at TRANSFORMER/minecraft@1.21.1/net.minecraft.Util$3.getAsBoolean(Util.java:592) ~[neoforge-21.1.252.jar%23189!/:?]
	at TRANSFORMER/minecraft@1.21.1/net.minecraft.Util.executeInSequence(Util.java:657) ~[neoforge-21.1.252.jar%23189!/:?]
	at TRANSFORMER/minecraft@1.21.1/net.minecraft.Util.runWithRetries(Util.java:668) ~[neoforge-21.1.252.jar%23189!/:?]
	at TRANSFORMER/minecraft@1.21.1/net.minecraft.Util.safeReplaceOrMoveFile(Util.java:691) ~[neoforge-21.1.252.jar%23189!/:?]
	at TRANSFORMER/minecraft@1.21.1/net.minecraft.Util.safeReplaceFile(Util.java:680) ~[neoforge-21.1.252.jar%23189!/:?]
	at TRANSFORMER/minecraft@1.21.1/net.minecraft.world.level.storage.PlayerDataStorage.save(PlayerDataStorage.java:41) ~[neoforge-21.1.252.jar%23189!/:?]
	at TRANSFORMER/minecraft@1.21.1/net.minecraft.server.players.PlayerList.save(PlayerList.java:354) ~[neoforge-21.1.252.jar%23189!/:?]
	at TRANSFORMER/minecraft@1.21.1/net.minecraft.client.server.IntegratedPlayerList.save(IntegratedPlayerList.java:35) ~[neoforge-21.1.252.jar%23189!/:?]
	at TRANSFORMER/minecraft@1.21.1/net.minecraft.server.players.PlayerList.remove(PlayerList.java:373) ~[neoforge-21.1.252.jar%23189!/:?]
	at TRANSFORMER/minecraft@1.21.1/net.minecraft.server.network.ServerGamePacketListenerImpl.removePlayerFromWorld(ServerGamePacketListenerImpl.java:1233) ~[neoforge-21.1.252.jar%23189!/:?]
	at TRANSFORMER/minecraft@1.21.1/net.minecraft.server.network.ServerGamePacketListenerImpl.onDisconnect(ServerGamePacketListenerImpl.java:1222) ~[neoforge-21.1.252.jar%23189!/:?]
	at TRANSFORMER/minecraft@1.21.1/net.minecraft.network.Connection.handleDisconnection(Connection.java:678) ~[neoforge-21.1.252.jar%23189!/:?]
	at TRANSFORMER/minecraft@1.21.1/net.minecraft.server.network.ServerConnectionListener.tick(ServerConnectionListener.java:187) ~[neoforge-21.1.252.jar%23189!/:?]
	at TRANSFORMER/minecraft@1.21.1/net.minecraft.server.MinecraftServer.tickChildren(MinecraftServer.java:1060) ~[neoforge-21.1.252.jar%23189!/:?]
	at TRANSFORMER/minecraft@1.21.1/net.minecraft.server.MinecraftServer.tickServer(MinecraftServer.java:926) ~[neoforge-21.1.252.jar%23189!/:?]
	at TRANSFORMER/minecraft@1.21.1/net.minecraft.client.server.IntegratedServer.tickServer(IntegratedServer.java:113) ~[neoforge-21.1.252.jar%23189!/:?]
	at TRANSFORMER/minecraft@1.21.1/net.minecraft.server.MinecraftServer.runServer(MinecraftServer.java:710) ~[neoforge-21.1.252.jar%23189!/:?]
	at TRANSFORMER/minecraft@1.21.1/net.minecraft.server.MinecraftServer.lambda$spin$2(MinecraftServer.java:267) ~[neoforge-21.1.252.jar%23189!/:?]
	at java.base/java.lang.Thread.run(Thread.java:1583) [?:?]
[30Sep2026 23:10:50.475] [Server thread/WARN] [net.minecraft.Util/]: Failed to execute rename .\saves\New World\playerdata\380df991-f603-344c-a090-369bad2a924a-5787236756067287114.dat to .\saves\New World\playerdata\380df991-f603-344c-a090-369bad2a924a.dat
[30Sep2026 23:10:50.475] [Server thread/ERROR] [net.minecraft.Util/]: Failed to replace .\saves\New World\playerdata\380df991-f603-344c-a090-369bad2a924a.dat with .\saves\New World\playerdata\380df991-f603-344c-a090-369bad2a924a-5787236756067287114.dat, retrying 0/10
[30Sep2026 23:10:50.476] [Server thread/ERROR] [net.minecraft.Util/]: Failed to rename
java.nio.file.FileSystemException: .\saves\New World\playerdata\380df991-f603-344c-a090-369bad2a924a-5787236756067287114.dat -> .\saves\New World\playerdata\380df991-f603-344c-a090-369bad2a924a.dat: The process cannot access the file because it is being used by another process
	at java.base/sun.nio.fs.WindowsException.translateToIOException(WindowsException.java:92) ~[?:?]
	at java.base/sun.nio.fs.WindowsException.rethrowAsIOException(WindowsException.java:103) ~[?:?]
	at java.base/sun.nio.fs.WindowsFileCopy.move(WindowsFileCopy.java:414) ~[?:?]
	at java.base/sun.nio.fs.WindowsFileSystemProvider.move(WindowsFileSystemProvider.java:291) ~[?:?]
	at java.base/java.nio.file.Files.move(Files.java:1431) ~[?:?]
	at TRANSFORMER/minecraft@1.21.1/net.minecraft.Util$3.getAsBoolean(Util.java:592) ~[neoforge-21.1.252.jar%23189!/:?]
	at TRANSFORMER/minecraft@1.21.1/net.minecraft.Util.executeInSequence(Util.java:657) ~[neoforge-21.1.252.jar%23189!/:?]
	at TRANSFORMER/minecraft@1.21.1/net.minecraft.Util.runWithRetries(Util.java:668) ~[neoforge-21.1.252.jar%23189!/:?]
	at TRANSFORMER/minecraft@1.21.1/net.minecraft.Util.safeReplaceOrMoveFile(Util.java:691) ~[neoforge-21.1.252.jar%23189!/:?]
	at TRANSFORMER/minecraft@1.21.1/net.minecraft.Util.safeReplaceFile(Util.java:680) ~[neoforge-21.1.252.jar%23189!/:?]
	at TRANSFORMER/minecraft@1.21.1/net.minecraft.world.level.storage.PlayerDataStorage.save(PlayerDataStorage.java:41) ~[neoforge-21.1.252.jar%23189!/:?]
	at TRANSFORMER/minecraft@1.21.1/net.minecraft.server.players.PlayerList.save(PlayerList.java:354) ~[neoforge-21.1.252.jar%23189!/:?]
	at TRANSFORMER/minecraft@1.21.1/net.minecraft.client.server.IntegratedPlayerList.save(IntegratedPlayerList.java:35) ~[neoforge-21.1.252.jar%23189!/:?]
	at TRANSFORMER/minecraft@1.21.1/net.minecraft.server.players.PlayerList.remove(PlayerList.java:373) ~[neoforge-21.1.252.jar%23189!/:?]
	at TRANSFORMER/minecraft@1.21.1/net.minecraft.server.network.ServerGamePacketListenerImpl.removePlayerFromWorld(ServerGamePacketListenerImpl.java:1233) ~[neoforge-21.1.252.jar%23189!/:?]
	at TRANSFORMER/minecraft@1.21.1/net.minecraft.server.network.ServerGamePacketListenerImpl.onDisconnect(ServerGamePacketListenerImpl.java:1222) ~[neoforge-21.1.252.jar%23189!/:?]
	at TRANSFORMER/minecraft@1.21.1/net.minecraft.network.Connection.handleDisconnection(Connection.java:678) ~[neoforge-21.1.252.jar%23189!/:?]
	at TRANSFORMER/minecraft@1.21.1/net.minecraft.server.network.ServerConnectionListener.tick(ServerConnectionListener.java:187) ~[neoforge-21.1.252.jar%23189!/:?]
	at TRANSFORMER/minecraft@1.21.1/net.minecraft.server.MinecraftServer.tickChildren(MinecraftServer.java:1060) ~[neoforge-21.1.252.jar%23189!/:?]
	at TRANSFORMER/minecraft@1.21.1/net.minecraft.server.MinecraftServer.tickServer(MinecraftServer.java:926) ~[neoforge-21.1.252.jar%23189!/:?]
	at TRANSFORMER/minecraft@1.21.1/net.minecraft.client.server.IntegratedServer.tickServer(IntegratedServer.java:113) ~[neoforge-21.1.252.jar%23189!/:?]
	at TRANSFORMER/minecraft@1.21.1/net.minecraft.server.MinecraftServer.runServer(MinecraftServer.java:710) ~[neoforge-21.1.252.jar%23189!/:?]
	at TRANSFORMER/minecraft@1.21.1/net.minecraft.server.MinecraftServer.lambda$spin$2(MinecraftServer.java:267) ~[neoforge-21.1.252.jar%23189!/:?]
	at java.base/java.lang.Thread.run(Thread.java:1583) [?:?]
[30Sep2026 23:10:50.476] [Server thread/WARN] [net.minecraft.Util/]: Failed to execute rename .\saves\New World\playerdata\380df991-f603-344c-a090-369bad2a924a-5787236756067287114.dat to .\saves\New World\playerdata\380df991-f603-344c-a090-369bad2a924a.dat
[30Sep2026 23:10:50.476] [Server thread/ERROR] [net.minecraft.Util/]: Failed to replace .\saves\New World\playerdata\380df991-f603-344c-a090-369bad2a924a.dat with .\saves\New World\playerdata\380df991-f603-344c-a090-369bad2a924a-5787236756067287114.dat, retrying 1/10
[30Sep2026 23:10:50.476] [Server thread/ERROR] [net.minecraft.Util/]: Failed to rename
java.nio.file.FileSystemException: .\saves\New World\playerdata\380df991-f603-344c-a090-369bad2a924a-5787236756067287114.dat -> .\saves\New World\playerdata\380df991-f603-344c-a090-369bad2a924a.dat: The process cannot access the file because it is being used by another process
	at java.base/sun.nio.fs.WindowsException.translateToIOException(WindowsException.java:92) ~[?:?]
	at java.base/sun.nio.fs.WindowsException.rethrowAsIOException(WindowsException.java:103) ~[?:?]
	at java.base/sun.nio.fs.WindowsFileCopy.move(WindowsFileCopy.java:414) ~[?:?]
	at java.base/sun.nio.fs.WindowsFileSystemProvider.move(WindowsFileSystemProvider.java:291) ~[?:?]
	at java.base/java.nio.file.Files.move(Files.java:1431) ~[?:?]
	at TRANSFORMER/minecraft@1.21.1/net.minecraft.Util$3.getAsBoolean(Util.java:592) ~[neoforge-21.1.252.jar%23189!/:?]
	at TRANSFORMER/minecraft@1.21.1/net.minecraft.Util.executeInSequence(Util.java:657) ~[neoforge-21.1.252.jar%23189!/:?]
	at TRANSFORMER/minecraft@1.21.1/net.minecraft.Util.runWithRetries(Util.java:668) ~[neoforge-21.1.252.jar%23189!/:?]
	at TRANSFORMER/minecraft@1.21.1/net.minecraft.Util.safeReplaceOrMoveFile(Util.java:691) ~[neoforge-21.1.252.jar%23189!/:?]
	at TRANSFORMER/minecraft@1.21.1/net.minecraft.Util.safeReplaceFile(Util.java:680) ~[neoforge-21.1.252.jar%23189!/:?]
	at TRANSFORMER/minecraft@1.21.1/net.minecraft.world.level.storage.PlayerDataStorage.save(PlayerDataStorage.java:41) ~[neoforge-21.1.252.jar%23189!/:?]
	at TRANSFORMER/minecraft@1.21.1/net.minecraft.server.players.PlayerList.save(PlayerList.java:354) ~[neoforge-21.1.252.jar%23189!/:?]
	at TRANSFORMER/minecraft@1.21.1/net.minecraft.client.server.IntegratedPlayerList.save(IntegratedPlayerList.java:35) ~[neoforge-21.1.252.jar%23189!/:?]
	at TRANSFORMER/minecraft@1.21.1/net.minecraft.server.players.PlayerList.remove(PlayerList.java:373) ~[neoforge-21.1.252.jar%23189!/:?]
	at TRANSFORMER/minecraft@1.21.1/net.minecraft.server.network.ServerGamePacketListenerImpl.removePlayerFromWorld(ServerGamePacketListenerImpl.java:1233) ~[neoforge-21.1.252.jar%23189!/:?]
	at TRANSFORMER/minecraft@1.21.1/net.minecraft.server.network.ServerGamePacketListenerImpl.onDisconnect(ServerGamePacketListenerImpl.java:1222) ~[neoforge-21.1.252.jar%23189!/:?]
	at TRANSFORMER/minecraft@1.21.1/net.minecraft.network.Connection.handleDisconnection(Connection.java:678) ~[neoforge-21.1.252.jar%23189!/:?]
	at TRANSFORMER/minecraft@1.21.1/net.minecraft.server.network.ServerConnectionListener.tick(ServerConnectionListener.java:187) ~[neoforge-21.1.252.jar%23189!/:?]
	at TRANSFORMER/minecraft@1.21.1/net.minecraft.server.MinecraftServer.tickChildren(MinecraftServer.java:1060) ~[neoforge-21.1.252.jar%23189!/:?]
	at TRANSFORMER/minecraft@1.21.1/net.minecraft.server.MinecraftServer.tickServer(MinecraftServer.java:926) ~[neoforge-21.1.252.jar%23189!/:?]
	at TRANSFORMER/minecraft@1.21.1/net.minecraft.client.server.IntegratedServer.tickServer(IntegratedServer.java:113) ~[neoforge-21.1.252.jar%23189!/:?]
	at TRANSFORMER/minecraft@1.21.1/net.minecraft.server.MinecraftServer.runServer(MinecraftServer.java:710) ~[neoforge-21.1.252.jar%23189!/:?]
	at TRANSFORMER/minecraft@1.21.1/net.minecraft.server.MinecraftServer.lambda$spin$2(MinecraftServer.java:267) ~[neoforge-21.1.252.jar%23189!/:?]
	at java.base/java.lang.Thread.run(Thread.java:1583) [?:?]
[30Sep2026 23:10:50.477] [Server thread/WARN] [net.minecraft.Util/]: Failed to execute rename .\saves\New World\playerdata\380df991-f603-344c-a090-369bad2a924a-5787236756067287114.dat to .\saves\New World\playerdata\380df991-f603-344c-a090-369bad2a924a.dat
[30Sep2026 23:10:50.477] [Server thread/ERROR] [net.minecraft.Util/]: Failed to replace .\saves\New World\playerdata\380df991-f603-344c-a090-369bad2a924a.dat with .\saves\New World\playerdata\380df991-f603-344c-a090-369bad2a924a-5787236756067287114.dat, retrying 2/10
[30Sep2026 23:10:50.477] [Server thread/ERROR] [net.minecraft.Util/]: Failed to rename
java.nio.file.FileSystemException: .\saves\New World\playerdata\380df991-f603-344c-a090-369bad2a924a-5787236756067287114.dat -> .\saves\New World\playerdata\380df991-f603-344c-a090-369bad2a924a.dat: The process cannot access the file because it is being used by another process
	at java.base/sun.nio.fs.WindowsException.translateToIOException(WindowsException.java:92) ~[?:?]
	at java.base/sun.nio.fs.WindowsException.rethrowAsIOException(WindowsException.java:103) ~[?:?]
	at java.base/sun.nio.fs.WindowsFileCopy.move(WindowsFileCopy.java:414) ~[?:?]
	at java.base/sun.nio.fs.WindowsFileSystemProvider.move(WindowsFileSystemProvider.java:291) ~[?:?]
	at java.base/java.nio.file.Files.move(Files.java:1431) ~[?:?]
	at TRANSFORMER/minecraft@1.21.1/net.minecraft.Util$3.getAsBoolean(Util.java:592) ~[neoforge-21.1.252.jar%23189!/:?]
	at TRANSFORMER/minecraft@1.21.1/net.minecraft.Util.executeInSequence(Util.java:657) ~[neoforge-21.1.252.jar%23189!/:?]
	at TRANSFORMER/minecraft@1.21.1/net.minecraft.Util.runWithRetries(Util.java:668) ~[neoforge-21.1.252.jar%23189!/:?]
	at TRANSFORMER/minecraft@1.21.1/net.minecraft.Util.safeReplaceOrMoveFile(Util.java:691) ~[neoforge-21.1.252.jar%23189!/:?]
	at TRANSFORMER/minecraft@1.21.1/net.minecraft.Util.safeReplaceFile(Util.java:680) ~[neoforge-21.1.252.jar%23189!/:?]
	at TRANSFORMER/minecraft@1.21.1/net.minecraft.world.level.storage.PlayerDataStorage.save(PlayerDataStorage.java:41) ~[neoforge-21.1.252.jar%23189!/:?]
	at TRANSFORMER/minecraft@1.21.1/net.minecraft.server.players.PlayerList.save(PlayerList.java:354) ~[neoforge-21.1.252.jar%23189!/:?]
	at TRANSFORMER/minecraft@1.21.1/net.minecraft.client.server.IntegratedPlayerList.save(IntegratedPlayerList.java:35) ~[neoforge-21.1.252.jar%23189!/:?]
	at TRANSFORMER/minecraft@1.21.1/net.minecraft.server.players.PlayerList.remove(PlayerList.java:373) ~[neoforge-21.1.252.jar%23189!/:?]
	at TRANSFORMER/minecraft@1.21.1/net.minecraft.server.network.ServerGamePacketListenerImpl.removePlayerFromWorld(ServerGamePacketListenerImpl.java:1233) ~[neoforge-21.1.252.jar%23189!/:?]
	at TRANSFORMER/minecraft@1.21.1/net.minecraft.server.network.ServerGamePacketListenerImpl.onDisconnect(ServerGamePacketListenerImpl.java:1222) ~[neoforge-21.1.252.jar%23189!/:?]
	at TRANSFORMER/minecraft@1.21.1/net.minecraft.network.Connection.handleDisconnection(Connection.java:678) ~[neoforge-21.1.252.jar%23189!/:?]
	at TRANSFORMER/minecraft@1.21.1/net.minecraft.server.network.ServerConnectionListener.tick(ServerConnectionListener.java:187) ~[neoforge-21.1.252.jar%23189!/:?]
	at TRANSFORMER/minecraft@1.21.1/net.minecraft.server.MinecraftServer.tickChildren(MinecraftServer.java:1060) ~[neoforge-21.1.252.jar%23189!/:?]
	at TRANSFORMER/minecraft@1.21.1/net.minecraft.server.MinecraftServer.tickServer(MinecraftServer.java:926) ~[neoforge-21.1.252.jar%23189!/:?]
	at TRANSFORMER/minecraft@1.21.1/net.minecraft.client.server.IntegratedServer.tickServer(IntegratedServer.java:113) ~[neoforge-21.1.252.jar%23189!/:?]
	at TRANSFORMER/minecraft@1.21.1/net.minecraft.server.MinecraftServer.runServer(MinecraftServer.java:710) ~[neoforge-21.1.252.jar%23189!/:?]
	at TRANSFORMER/minecraft@1.21.1/net.minecraft.server.MinecraftServer.lambda$spin$2(MinecraftServer.java:267) ~[neoforge-21.1.252.jar%23189!/:?]
	at java.base/java.lang.Thread.run(Thread.java:1583) [?:?]
[30Sep2026 23:10:50.478] [Server thread/WARN] [net.minecraft.Util/]: Failed to execute rename .\saves\New World\playerdata\380df991-f603-344c-a090-369bad2a924a-5787236756067287114.dat to .\saves\New World\playerdata\380df991-f603-344c-a090-369bad2a924a.dat
[30Sep2026 23:10:50.478] [Server thread/ERROR] [net.minecraft.Util/]: Failed to replace .\saves\New World\playerdata\380df991-f603-344c-a090-369bad2a924a.dat with .\saves\New World\playerdata\380df991-f603-344c-a090-369bad2a924a-5787236756067287114.dat, retrying 3/10
[30Sep2026 23:10:50.478] [Server thread/ERROR] [net.minecraft.Util/]: Failed to rename
java.nio.file.FileSystemException: .\saves\New World\playerdata\380df991-f603-344c-a090-369bad2a924a-5787236756067287114.dat -> .\saves\New World\playerdata\380df991-f603-344c-a090-369bad2a924a.dat: The process cannot access the file because it is being used by another process
	at java.base/sun.nio.fs.WindowsException.translateToIOException(WindowsException.java:92) ~[?:?]
	at java.base/sun.nio.fs.WindowsException.rethrowAsIOException(WindowsException.java:103) ~[?:?]
	at java.base/sun.nio.fs.WindowsFileCopy.move(WindowsFileCopy.java:414) ~[?:?]
	at java.base/sun.nio.fs.WindowsFileSystemProvider.move(WindowsFileSystemProvider.java:291) ~[?:?]
	at java.base/java.nio.file.Files.move(Files.java:1431) ~[?:?]
	at TRANSFORMER/minecraft@1.21.1/net.minecraft.Util$3.getAsBoolean(Util.java:592) ~[neoforge-21.1.252.jar%23189!/:?]
	at TRANSFORMER/minecraft@1.21.1/net.minecraft.Util.executeInSequence(Util.java:657) ~[neoforge-21.1.252.jar%23189!/:?]
	at TRANSFORMER/minecraft@1.21.1/net.minecraft.Util.runWithRetries(Util.java:668) ~[neoforge-21.1.252.jar%23189!/:?]
	at TRANSFORMER/minecraft@1.21.1/net.minecraft.Util.safeReplaceOrMoveFile(Util.java:691) ~[neoforge-21.1.252.jar%23189!/:?]
	at TRANSFORMER/minecraft@1.21.1/net.minecraft.Util.safeReplaceFile(Util.java:680) ~[neoforge-21.1.252.jar%23189!/:?]
	at TRANSFORMER/minecraft@1.21.1/net.minecraft.world.level.storage.PlayerDataStorage.save(PlayerDataStorage.java:41) ~[neoforge-21.1.252.jar%23189!/:?]
	at TRANSFORMER/minecraft@1.21.1/net.minecraft.server.players.PlayerList.save(PlayerList.java:354) ~[neoforge-21.1.252.jar%23189!/:?]
	at TRANSFORMER/minecraft@1.21.1/net.minecraft.client.server.IntegratedPlayerList.save(IntegratedPlayerList.java:35) ~[neoforge-21.1.252.jar%23189!/:?]
	at TRANSFORMER/minecraft@1.21.1/net.minecraft.server.players.PlayerList.remove(PlayerList.java:373) ~[neoforge-21.1.252.jar%23189!/:?]
	at TRANSFORMER/minecraft@1.21.1/net.minecraft.server.network.ServerGamePacketListenerImpl.removePlayerFromWorld(ServerGamePacketListenerImpl.java:1233) ~[neoforge-21.1.252.jar%23189!/:?]
	at TRANSFORMER/minecraft@1.21.1/net.minecraft.server.network.ServerGamePacketListenerImpl.onDisconnect(ServerGamePacketListenerImpl.java:1222) ~[neoforge-21.1.252.jar%23189!/:?]
	at TRANSFORMER/minecraft@1.21.1/net.minecraft.network.Connection.handleDisconnection(Connection.java:678) ~[neoforge-21.1.252.jar%23189!/:?]
	at TRANSFORMER/minecraft@1.21.1/net.minecraft.server.network.ServerConnectionListener.tick(ServerConnectionListener.java:187) ~[neoforge-21.1.252.jar%23189!/:?]
	at TRANSFORMER/minecraft@1.21.1/net.minecraft.server.MinecraftServer.tickChildren(MinecraftServer.java:1060) ~[neoforge-21.1.252.jar%23189!/:?]
	at TRANSFORMER/minecraft@1.21.1/net.minecraft.server.MinecraftServer.tickServer(MinecraftServer.java:926) ~[neoforge-21.1.252.jar%23189!/:?]
	at TRANSFORMER/minecraft@1.21.1/net.minecraft.client.server.IntegratedServer.tickServer(IntegratedServer.java:113) ~[neoforge-21.1.252.jar%23189!/:?]
	at TRANSFORMER/minecraft@1.21.1/net.minecraft.server.MinecraftServer.runServer(MinecraftServer.java:710) ~[neoforge-21.1.252.jar%23189!/:?]
	at TRANSFORMER/minecraft@1.21.1/net.minecraft.server.MinecraftServer.lambda$spin$2(MinecraftServer.java:267) ~[neoforge-21.1.252.jar%23189!/:?]
	at java.base/java.lang.Thread.run(Thread.java:1583) [?:?]
[30Sep2026 23:10:50.478] [Server thread/WARN] [net.minecraft.Util/]: Failed to execute rename .\saves\New World\playerdata\380df991-f603-344c-a090-369bad2a924a-5787236756067287114.dat to .\saves\New World\playerdata\380df991-f603-344c-a090-369bad2a924a.dat
[30Sep2026 23:10:50.478] [Server thread/ERROR] [net.minecraft.Util/]: Failed to replace .\saves\New World\playerdata\380df991-f603-344c-a090-369bad2a924a.dat with .\saves\New World\playerdata\380df991-f603-344c-a090-369bad2a924a-5787236756067287114.dat, retrying 4/10
[30Sep2026 23:10:50.479] [Server thread/ERROR] [net.minecraft.Util/]: Failed to rename
java.nio.file.FileSystemException: .\saves\New World\playerdata\380df991-f603-344c-a090-369bad2a924a-5787236756067287114.dat -> .\saves\New World\playerdata\380df991-f603-344c-a090-369bad2a924a.dat: The process cannot access the file because it is being used by another process
	at java.base/sun.nio.fs.WindowsException.translateToIOException(WindowsException.java:92) ~[?:?]
	at java.base/sun.nio.fs.WindowsException.rethrowAsIOException(WindowsException.java:103) ~[?:?]
	at java.base/sun.nio.fs.WindowsFileCopy.move(WindowsFileCopy.java:414) ~[?:?]
	at java.base/sun.nio.fs.WindowsFileSystemProvider.move(WindowsFileSystemProvider.java:291) ~[?:?]
	at java.base/java.nio.file.Files.move(Files.java:1431) ~[?:?]
	at TRANSFORMER/minecraft@1.21.1/net.minecraft.Util$3.getAsBoolean(Util.java:592) ~[neoforge-21.1.252.jar%23189!/:?]
	at TRANSFORMER/minecraft@1.21.1/net.minecraft.Util.executeInSequence(Util.java:657) ~[neoforge-21.1.252.jar%23189!/:?]
	at TRANSFORMER/minecraft@1.21.1/net.minecraft.Util.runWithRetries(Util.java:668) ~[neoforge-21.1.252.jar%23189!/:?]
	at TRANSFORMER/minecraft@1.21.1/net.minecraft.Util.safeReplaceOrMoveFile(Util.java:691) ~[neoforge-21.1.252.jar%23189!/:?]
	at TRANSFORMER/minecraft@1.21.1/net.minecraft.Util.safeReplaceFile(Util.java:680) ~[neoforge-21.1.252.jar%23189!/:?]
	at TRANSFORMER/minecraft@1.21.1/net.minecraft.world.level.storage.PlayerDataStorage.save(PlayerDataStorage.java:41) ~[neoforge-21.1.252.jar%23189!/:?]
	at TRANSFORMER/minecraft@1.21.1/net.minecraft.server.players.PlayerList.save(PlayerList.java:354) ~[neoforge-21.1.252.jar%23189!/:?]
	at TRANSFORMER/minecraft@1.21.1/net.minecraft.client.server.IntegratedPlayerList.save(IntegratedPlayerList.java:35) ~[neoforge-21.1.252.jar%23189!/:?]
	at TRANSFORMER/minecraft@1.21.1/net.minecraft.server.players.PlayerList.remove(PlayerList.java:373) ~[neoforge-21.1.252.jar%23189!/:?]
	at TRANSFORMER/minecraft@1.21.1/net.minecraft.server.network.ServerGamePacketListenerImpl.removePlayerFromWorld(ServerGamePacketListenerImpl.java:1233) ~[neoforge-21.1.252.jar%23189!/:?]
	at TRANSFORMER/minecraft@1.21.1/net.minecraft.server.network.ServerGamePacketListenerImpl.onDisconnect(ServerGamePacketListenerImpl.java:1222) ~[neoforge-21.1.252.jar%23189!/:?]
	at TRANSFORMER/minecraft@1.21.1/net.minecraft.network.Connection.handleDisconnection(Connection.java:678) ~[neoforge-21.1.252.jar%23189!/:?]
	at TRANSFORMER/minecraft@1.21.1/net.minecraft.server.network.ServerConnectionListener.tick(ServerConnectionListener.java:187) ~[neoforge-21.1.252.jar%23189!/:?]
	at TRANSFORMER/minecraft@1.21.1/net.minecraft.server.MinecraftServer.tickChildren(MinecraftServer.java:1060) ~[neoforge-21.1.252.jar%23189!/:?]
	at TRANSFORMER/minecraft@1.21.1/net.minecraft.server.MinecraftServer.tickServer(MinecraftServer.java:926) ~[neoforge-21.1.252.jar%23189!/:?]
	at TRANSFORMER/minecraft@1.21.1/net.minecraft.client.server.IntegratedServer.tickServer(IntegratedServer.java:113) ~[neoforge-21.1.252.jar%23189!/:?]
	at TRANSFORMER/minecraft@1.21.1/net.minecraft.server.MinecraftServer.runServer(MinecraftServer.java:710) ~[neoforge-21.1.252.jar%23189!/:?]
	at TRANSFORMER/minecraft@1.21.1/net.minecraft.server.MinecraftServer.lambda$spin$2(MinecraftServer.java:267) ~[neoforge-21.1.252.jar%23189!/:?]
	at java.base/java.lang.Thread.run(Thread.java:1583) [?:?]
[30Sep2026 23:10:50.479] [Server thread/WARN] [net.minecraft.Util/]: Failed to execute rename .\saves\New World\playerdata\380df991-f603-344c-a090-369bad2a924a-5787236756067287114.dat to .\saves\New World\playerdata\380df991-f603-344c-a090-369bad2a924a.dat
[30Sep2026 23:10:50.479] [Server thread/ERROR] [net.minecraft.Util/]: Failed to replace .\saves\New World\playerdata\380df991-f603-344c-a090-369bad2a924a.dat with .\saves\New World\playerdata\380df991-f603-344c-a090-369bad2a924a-5787236756067287114.dat, retrying 5/10
[30Sep2026 23:10:50.479] [Server thread/ERROR] [net.minecraft.Util/]: Failed to rename
java.nio.file.FileSystemException: .\saves\New World\playerdata\380df991-f603-344c-a090-369bad2a924a-5787236756067287114.dat -> .\saves\New World\playerdata\380df991-f603-344c-a090-369bad2a924a.dat: The process cannot access the file because it is being used by another process
	at java.base/sun.nio.fs.WindowsException.translateToIOException(WindowsException.java:92) ~[?:?]
	at java.base/sun.nio.fs.WindowsException.rethrowAsIOException(WindowsException.java:103) ~[?:?]
	at java.base/sun.nio.fs.WindowsFileCopy.move(WindowsFileCopy.java:414) ~[?:?]
	at java.base/sun.nio.fs.WindowsFileSystemProvider.move(WindowsFileSystemProvider.java:291) ~[?:?]
	at java.base/java.nio.file.Files.move(Files.java:1431) ~[?:?]
	at TRANSFORMER/minecraft@1.21.1/net.minecraft.Util$3.getAsBoolean(Util.java:592) ~[neoforge-21.1.252.jar%23189!/:?]
	at TRANSFORMER/minecraft@1.21.1/net.minecraft.Util.executeInSequence(Util.java:657) ~[neoforge-21.1.252.jar%23189!/:?]
	at TRANSFORMER/minecraft@1.21.1/net.minecraft.Util.runWithRetries(Util.java:668) ~[neoforge-21.1.252.jar%23189!/:?]
	at TRANSFORMER/minecraft@1.21.1/net.minecraft.Util.safeReplaceOrMoveFile(Util.java:691) ~[neoforge-21.1.252.jar%23189!/:?]
	at TRANSFORMER/minecraft@1.21.1/net.minecraft.Util.safeReplaceFile(Util.java:680) ~[neoforge-21.1.252.jar%23189!/:?]
	at TRANSFORMER/minecraft@1.21.1/net.minecraft.world.level.storage.PlayerDataStorage.save(PlayerDataStorage.java:41) ~[neoforge-21.1.252.jar%23189!/:?]
	at TRANSFORMER/minecraft@1.21.1/net.minecraft.server.players.PlayerList.save(PlayerList.java:354) ~[neoforge-21.1.252.jar%23189!/:?]
	at TRANSFORMER/minecraft@1.21.1/net.minecraft.client.server.IntegratedPlayerList.save(IntegratedPlayerList.java:35) ~[neoforge-21.1.252.jar%23189!/:?]
	at TRANSFORMER/minecraft@1.21.1/net.minecraft.server.players.PlayerList.remove(PlayerList.java:373) ~[neoforge-21.1.252.jar%23189!/:?]
	at TRANSFORMER/minecraft@1.21.1/net.minecraft.server.network.ServerGamePacketListenerImpl.removePlayerFromWorld(ServerGamePacketListenerImpl.java:1233) ~[neoforge-21.1.252.jar%23189!/:?]
	at TRANSFORMER/minecraft@1.21.1/net.minecraft.server.network.ServerGamePacketListenerImpl.onDisconnect(ServerGamePacketListenerImpl.java:1222) ~[neoforge-21.1.252.jar%23189!/:?]
	at TRANSFORMER/minecraft@1.21.1/net.minecraft.network.Connection.handleDisconnection(Connection.java:678) ~[neoforge-21.1.252.jar%23189!/:?]
	at TRANSFORMER/minecraft@1.21.1/net.minecraft.server.network.ServerConnectionListener.tick(ServerConnectionListener.java:187) ~[neoforge-21.1.252.jar%23189!/:?]
	at TRANSFORMER/minecraft@1.21.1/net.minecraft.server.MinecraftServer.tickChildren(MinecraftServer.java:1060) ~[neoforge-21.1.252.jar%23189!/:?]
	at TRANSFORMER/minecraft@1.21.1/net.minecraft.server.MinecraftServer.tickServer(MinecraftServer.java:926) ~[neoforge-21.1.252.jar%23189!/:?]
	at TRANSFORMER/minecraft@1.21.1/net.minecraft.client.server.IntegratedServer.tickServer(IntegratedServer.java:113) ~[neoforge-21.1.252.jar%23189!/:?]
	at TRANSFORMER/minecraft@1.21.1/net.minecraft.server.MinecraftServer.runServer(MinecraftServer.java:710) ~[neoforge-21.1.252.jar%23189!/:?]
	at TRANSFORMER/minecraft@1.21.1/net.minecraft.server.MinecraftServer.lambda$spin$2(MinecraftServer.java:267) ~[neoforge-21.1.252.jar%23189!/:?]
	at java.base/java.lang.Thread.run(Thread.java:1583) [?:?]
[30Sep2026 23:10:50.480] [Server thread/WARN] [net.minecraft.Util/]: Failed to execute rename .\saves\New World\playerdata\380df991-f603-344c-a090-369bad2a924a-5787236756067287114.dat to .\saves\New World\playerdata\380df991-f603-344c-a090-369bad2a924a.dat
[30Sep2026 23:10:50.480] [Server thread/ERROR] [net.minecraft.Util/]: Failed to replace .\saves\New World\playerdata\380df991-f603-344c-a090-369bad2a924a.dat with .\saves\New World\playerdata\380df991-f603-344c-a090-369bad2a924a-5787236756067287114.dat, retrying 6/10
[30Sep2026 23:10:50.480] [Server thread/ERROR] [net.minecraft.Util/]: Failed to rename
java.nio.file.FileSystemException: .\saves\New World\playerdata\380df991-f603-344c-a090-369bad2a924a-5787236756067287114.dat -> .\saves\New World\playerdata\380df991-f603-344c-a090-369bad2a924a.dat: The process cannot access the file because it is being used by another process
	at java.base/sun.nio.fs.WindowsException.translateToIOException(WindowsException.java:92) ~[?:?]
	at java.base/sun.nio.fs.WindowsException.rethrowAsIOException(WindowsException.java:103) ~[?:?]
	at java.base/sun.nio.fs.WindowsFileCopy.move(WindowsFileCopy.java:414) ~[?:?]
	at java.base/sun.nio.fs.WindowsFileSystemProvider.move(WindowsFileSystemProvider.java:291) ~[?:?]
	at java.base/java.nio.file.Files.move(Files.java:1431) ~[?:?]
	at TRANSFORMER/minecraft@1.21.1/net.minecraft.Util$3.getAsBoolean(Util.java:592) ~[neoforge-21.1.252.jar%23189!/:?]
	at TRANSFORMER/minecraft@1.21.1/net.minecraft.Util.executeInSequence(Util.java:657) ~[neoforge-21.1.252.jar%23189!/:?]
	at TRANSFORMER/minecraft@1.21.1/net.minecraft.Util.runWithRetries(Util.java:668) ~[neoforge-21.1.252.jar%23189!/:?]
	at TRANSFORMER/minecraft@1.21.1/net.minecraft.Util.safeReplaceOrMoveFile(Util.java:691) ~[neoforge-21.1.252.jar%23189!/:?]
	at TRANSFORMER/minecraft@1.21.1/net.minecraft.Util.safeReplaceFile(Util.java:680) ~[neoforge-21.1.252.jar%23189!/:?]
	at TRANSFORMER/minecraft@1.21.1/net.minecraft.world.level.storage.PlayerDataStorage.save(PlayerDataStorage.java:41) ~[neoforge-21.1.252.jar%23189!/:?]
	at TRANSFORMER/minecraft@1.21.1/net.minecraft.server.players.PlayerList.save(PlayerList.java:354) ~[neoforge-21.1.252.jar%23189!/:?]
	at TRANSFORMER/minecraft@1.21.1/net.minecraft.client.server.IntegratedPlayerList.save(IntegratedPlayerList.java:35) ~[neoforge-21.1.252.jar%23189!/:?]
	at TRANSFORMER/minecraft@1.21.1/net.minecraft.server.players.PlayerList.remove(PlayerList.java:373) ~[neoforge-21.1.252.jar%23189!/:?]
	at TRANSFORMER/minecraft@1.21.1/net.minecraft.server.network.ServerGamePacketListenerImpl.removePlayerFromWorld(ServerGamePacketListenerImpl.java:1233) ~[neoforge-21.1.252.jar%23189!/:?]
	at TRANSFORMER/minecraft@1.21.1/net.minecraft.server.network.ServerGamePacketListenerImpl.onDisconnect(ServerGamePacketListenerImpl.java:1222) ~[neoforge-21.1.252.jar%23189!/:?]
	at TRANSFORMER/minecraft@1.21.1/net.minecraft.network.Connection.handleDisconnection(Connection.java:678) ~[neoforge-21.1.252.jar%23189!/:?]
	at TRANSFORMER/minecraft@1.21.1/net.minecraft.server.network.ServerConnectionListener.tick(ServerConnectionListener.java:187) ~[neoforge-21.1.252.jar%23189!/:?]
	at TRANSFORMER/minecraft@1.21.1/net.minecraft.server.MinecraftServer.tickChildren(MinecraftServer.java:1060) ~[neoforge-21.1.252.jar%23189!/:?]
	at TRANSFORMER/minecraft@1.21.1/net.minecraft.server.MinecraftServer.tickServer(MinecraftServer.java:926) ~[neoforge-21.1.252.jar%23189!/:?]
	at TRANSFORMER/minecraft@1.21.1/net.minecraft.client.server.IntegratedServer.tickServer(IntegratedServer.java:113) ~[neoforge-21.1.252.jar%23189!/:?]
	at TRANSFORMER/minecraft@1.21.1/net.minecraft.server.MinecraftServer.runServer(MinecraftServer.java:710) ~[neoforge-21.1.252.jar%23189!/:?]
	at TRANSFORMER/minecraft@1.21.1/net.minecraft.server.MinecraftServer.lambda$spin$2(MinecraftServer.java:267) ~[neoforge-21.1.252.jar%23189!/:?]
	at java.base/java.lang.Thread.run(Thread.java:1583) [?:?]
[30Sep2026 23:10:50.481] [Server thread/WARN] [net.minecraft.Util/]: Failed to execute rename .\saves\New World\playerdata\380df991-f603-344c-a090-369bad2a924a-5787236756067287114.dat to .\saves\New World\playerdata\380df991-f603-344c-a090-369bad2a924a.dat
[30Sep2026 23:10:50.481] [Server thread/ERROR] [net.minecraft.Util/]: Failed to replace .\saves\New World\playerdata\380df991-f603-344c-a090-369bad2a924a.dat with .\saves\New World\playerdata\380df991-f603-344c-a090-369bad2a924a-5787236756067287114.dat, retrying 7/10
[30Sep2026 23:10:50.481] [Server thread/ERROR] [net.minecraft.Util/]: Failed to rename
java.nio.file.FileSystemException: .\saves\New World\playerdata\380df991-f603-344c-a090-369bad2a924a-5787236756067287114.dat -> .\saves\New World\playerdata\380df991-f603-344c-a090-369bad2a924a.dat: The process cannot access the file because it is being used by another process
	at java.base/sun.nio.fs.WindowsException.translateToIOException(WindowsException.java:92) ~[?:?]
	at java.base/sun.nio.fs.WindowsException.rethrowAsIOException(WindowsException.java:103) ~[?:?]
	at java.base/sun.nio.fs.WindowsFileCopy.move(WindowsFileCopy.java:414) ~[?:?]
	at java.base/sun.nio.fs.WindowsFileSystemProvider.move(WindowsFileSystemProvider.java:291) ~[?:?]
	at java.base/java.nio.file.Files.move(Files.java:1431) ~[?:?]
	at TRANSFORMER/minecraft@1.21.1/net.minecraft.Util$3.getAsBoolean(Util.java:592) ~[neoforge-21.1.252.jar%23189!/:?]
	at TRANSFORMER/minecraft@1.21.1/net.minecraft.Util.executeInSequence(Util.java:657) ~[neoforge-21.1.252.jar%23189!/:?]
	at TRANSFORMER/minecraft@1.21.1/net.minecraft.Util.runWithRetries(Util.java:668) ~[neoforge-21.1.252.jar%23189!/:?]
	at TRANSFORMER/minecraft@1.21.1/net.minecraft.Util.safeReplaceOrMoveFile(Util.java:691) ~[neoforge-21.1.252.jar%23189!/:?]
	at TRANSFORMER/minecraft@1.21.1/net.minecraft.Util.safeReplaceFile(Util.java:680) ~[neoforge-21.1.252.jar%23189!/:?]
	at TRANSFORMER/minecraft@1.21.1/net.minecraft.world.level.storage.PlayerDataStorage.save(PlayerDataStorage.java:41) ~[neoforge-21.1.252.jar%23189!/:?]
	at TRANSFORMER/minecraft@1.21.1/net.minecraft.server.players.PlayerList.save(PlayerList.java:354) ~[neoforge-21.1.252.jar%23189!/:?]
	at TRANSFORMER/minecraft@1.21.1/net.minecraft.client.server.IntegratedPlayerList.save(IntegratedPlayerList.java:35) ~[neoforge-21.1.252.jar%23189!/:?]
	at TRANSFORMER/minecraft@1.21.1/net.minecraft.server.players.PlayerList.remove(PlayerList.java:373) ~[neoforge-21.1.252.jar%23189!/:?]
	at TRANSFORMER/minecraft@1.21.1/net.minecraft.server.network.ServerGamePacketListenerImpl.removePlayerFromWorld(ServerGamePacketListenerImpl.java:1233) ~[neoforge-21.1.252.jar%23189!/:?]
	at TRANSFORMER/minecraft@1.21.1/net.minecraft.server.network.ServerGamePacketListenerImpl.onDisconnect(ServerGamePacketListenerImpl.java:1222) ~[neoforge-21.1.252.jar%23189!/:?]
	at TRANSFORMER/minecraft@1.21.1/net.minecraft.network.Connection.handleDisconnection(Connection.java:678) ~[neoforge-21.1.252.jar%23189!/:?]
	at TRANSFORMER/minecraft@1.21.1/net.minecraft.server.network.ServerConnectionListener.tick(ServerConnectionListener.java:187) ~[neoforge-21.1.252.jar%23189!/:?]
	at TRANSFORMER/minecraft@1.21.1/net.minecraft.server.MinecraftServer.tickChildren(MinecraftServer.java:1060) ~[neoforge-21.1.252.jar%23189!/:?]
	at TRANSFORMER/minecraft@1.21.1/net.minecraft.server.MinecraftServer.tickServer(MinecraftServer.java:926) ~[neoforge-21.1.252.jar%23189!/:?]
	at TRANSFORMER/minecraft@1.21.1/net.minecraft.client.server.IntegratedServer.tickServer(IntegratedServer.java:113) ~[neoforge-21.1.252.jar%23189!/:?]
	at TRANSFORMER/minecraft@1.21.1/net.minecraft.server.MinecraftServer.runServer(MinecraftServer.java:710) ~[neoforge-21.1.252.jar%23189!/:?]
	at TRANSFORMER/minecraft@1.21.1/net.minecraft.server.MinecraftServer.lambda$spin$2(MinecraftServer.java:267) ~[neoforge-21.1.252.jar%23189!/:?]
	at java.base/java.lang.Thread.run(Thread.java:1583) [?:?]
[30Sep2026 23:10:50.481] [Server thread/WARN] [net.minecraft.Util/]: Failed to execute rename .\saves\New World\playerdata\380df991-f603-344c-a090-369bad2a924a-5787236756067287114.dat to .\saves\New World\playerdata\380df991-f603-344c-a090-369bad2a924a.dat
[30Sep2026 23:10:50.481] [Server thread/ERROR] [net.minecraft.Util/]: Failed to replace .\saves\New World\playerdata\380df991-f603-344c-a090-369bad2a924a.dat with .\saves\New World\playerdata\380df991-f603-344c-a090-369bad2a924a-5787236756067287114.dat, retrying 8/10
[30Sep2026 23:10:50.482] [Server thread/ERROR] [net.minecraft.Util/]: Failed to rename
java.nio.file.FileSystemException: .\saves\New World\playerdata\380df991-f603-344c-a090-369bad2a924a-5787236756067287114.dat -> .\saves\New World\playerdata\380df991-f603-344c-a090-369bad2a924a.dat: The process cannot access the file because it is being used by another process
	at java.base/sun.nio.fs.WindowsException.translateToIOException(WindowsException.java:92) ~[?:?]
	at java.base/sun.nio.fs.WindowsException.rethrowAsIOException(WindowsException.java:103) ~[?:?]
	at java.base/sun.nio.fs.WindowsFileCopy.move(WindowsFileCopy.java:414) ~[?:?]
	at java.base/sun.nio.fs.WindowsFileSystemProvider.move(WindowsFileSystemProvider.java:291) ~[?:?]
	at java.base/java.nio.file.Files.move(Files.java:1431) ~[?:?]
	at TRANSFORMER/minecraft@1.21.1/net.minecraft.Util$3.getAsBoolean(Util.java:592) ~[neoforge-21.1.252.jar%23189!/:?]
	at TRANSFORMER/minecraft@1.21.1/net.minecraft.Util.executeInSequence(Util.java:657) ~[neoforge-21.1.252.jar%23189!/:?]
	at TRANSFORMER/minecraft@1.21.1/net.minecraft.Util.runWithRetries(Util.java:668) ~[neoforge-21.1.252.jar%23189!/:?]
	at TRANSFORMER/minecraft@1.21.1/net.minecraft.Util.safeReplaceOrMoveFile(Util.java:691) ~[neoforge-21.1.252.jar%23189!/:?]
	at TRANSFORMER/minecraft@1.21.1/net.minecraft.Util.safeReplaceFile(Util.java:680) ~[neoforge-21.1.252.jar%23189!/:?]
	at TRANSFORMER/minecraft@1.21.1/net.minecraft.world.level.storage.PlayerDataStorage.save(PlayerDataStorage.java:41) ~[neoforge-21.1.252.jar%23189!/:?]
	at TRANSFORMER/minecraft@1.21.1/net.minecraft.server.players.PlayerList.save(PlayerList.java:354) ~[neoforge-21.1.252.jar%23189!/:?]
	at TRANSFORMER/minecraft@1.21.1/net.minecraft.client.server.IntegratedPlayerList.save(IntegratedPlayerList.java:35) ~[neoforge-21.1.252.jar%23189!/:?]
	at TRANSFORMER/minecraft@1.21.1/net.minecraft.server.players.PlayerList.remove(PlayerList.java:373) ~[neoforge-21.1.252.jar%23189!/:?]
	at TRANSFORMER/minecraft@1.21.1/net.minecraft.server.network.ServerGamePacketListenerImpl.removePlayerFromWorld(ServerGamePacketListenerImpl.java:1233) ~[neoforge-21.1.252.jar%23189!/:?]
	at TRANSFORMER/minecraft@1.21.1/net.minecraft.server.network.ServerGamePacketListenerImpl.onDisconnect(ServerGamePacketListenerImpl.java:1222) ~[neoforge-21.1.252.jar%23189!/:?]
	at TRANSFORMER/minecraft@1.21.1/net.minecraft.network.Connection.handleDisconnection(Connection.java:678) ~[neoforge-21.1.252.jar%23189!/:?]
	at TRANSFORMER/minecraft@1.21.1/net.minecraft.server.network.ServerConnectionListener.tick(ServerConnectionListener.java:187) ~[neoforge-21.1.252.jar%23189!/:?]
	at TRANSFORMER/minecraft@1.21.1/net.minecraft.server.MinecraftServer.tickChildren(MinecraftServer.java:1060) ~[neoforge-21.1.252.jar%23189!/:?]
	at TRANSFORMER/minecraft@1.21.1/net.minecraft.server.MinecraftServer.tickServer(MinecraftServer.java:926) ~[neoforge-21.1.252.jar%23189!/:?]
	at TRANSFORMER/minecraft@1.21.1/net.minecraft.client.server.IntegratedServer.tickServer(IntegratedServer.java:113) ~[neoforge-21.1.252.jar%23189!/:?]
	at TRANSFORMER/minecraft@1.21.1/net.minecraft.server.MinecraftServer.runServer(MinecraftServer.java:710) ~[neoforge-21.1.252.jar%23189!/:?]
	at TRANSFORMER/minecraft@1.21.1/net.minecraft.server.MinecraftServer.lambda$spin$2(MinecraftServer.java:267) ~[neoforge-21.1.252.jar%23189!/:?]
	at java.base/java.lang.Thread.run(Thread.java:1583) [?:?]
[30Sep2026 23:10:50.482] [Server thread/WARN] [net.minecraft.Util/]: Failed to execute rename .\saves\New World\playerdata\380df991-f603-344c-a090-369bad2a924a-5787236756067287114.dat to .\saves\New World\playerdata\380df991-f603-344c-a090-369bad2a924a.dat
[30Sep2026 23:10:50.482] [Server thread/ERROR] [net.minecraft.Util/]: Failed to replace .\saves\New World\playerdata\380df991-f603-344c-a090-369bad2a924a.dat with .\saves\New World\playerdata\380df991-f603-344c-a090-369bad2a924a-5787236756067287114.dat, retrying 9/10
[30Sep2026 23:10:50.482] [Server thread/ERROR] [net.minecraft.Util/]: Failed to replace .\saves\New World\playerdata\380df991-f603-344c-a090-369bad2a924a.dat with .\saves\New World\playerdata\380df991-f603-344c-a090-369bad2a924a-5787236756067287114.dat, aborting, progress might be lost
[30Sep2026 23:10:50.486] [Server thread/INFO] [net.minecraft.server.network.ServerCommonPacketListenerImpl/]: Stopping singleplayer server as player logged out
[30Sep2026 23:10:50.495] [Server thread/INFO] [net.minecraft.server.MinecraftServer/]: Stopping server
[30Sep2026 23:10:50.496] [Server thread/INFO] [net.minecraft.server.MinecraftServer/]: Saving players
[30Sep2026 23:10:50.496] [Server thread/INFO] [net.minecraft.server.MinecraftServer/]: Saving worlds
[30Sep2026 23:10:50.699] [Server thread/INFO] [net.minecraft.server.MinecraftServer/]: Saving chunks for level 'ServerLevel[New World]'/minecraft:overworld
[30Sep2026 23:10:53.414] [Server thread/INFO] [net.minecraft.server.MinecraftServer/]: Saving chunks for level 'ServerLevel[New World]'/minecraft:the_nether
[30Sep2026 23:10:53.607] [Server thread/INFO] [net.minecraft.server.MinecraftServer/]: Saving chunks for level 'ServerLevel[New World]'/minecraft:the_end
[30Sep2026 23:10:53.872] [Server thread/DEBUG] [net.neoforged.neoforge.common.CommonHooks/WP]: Gathered mod list to write to world save New World
[30Sep2026 23:10:53.996] [Server thread/INFO] [net.minecraft.server.MinecraftServer/]: ThreadedAnvilChunkStorage (New World): All chunks are saved
[30Sep2026 23:10:53.996] [Server thread/INFO] [net.minecraft.server.MinecraftServer/]: ThreadedAnvilChunkStorage (DIM-1): All chunks are saved
[30Sep2026 23:10:53.996] [Server thread/INFO] [net.minecraft.server.MinecraftServer/]: ThreadedAnvilChunkStorage (DIM1): All chunks are saved
[30Sep2026 23:10:53.996] [Server thread/INFO] [net.minecraft.server.MinecraftServer/]: ThreadedAnvilChunkStorage: All dimensions are saved
[30Sep2026 23:10:54.476] [Server thread/DEBUG] [net.neoforged.fml.config.ConfigTracker/CONFIG]: Unloading configs type SERVER
[30Sep2026 23:10:55.826] [Render thread/INFO] [net.minecraft.client.Minecraft/]: Stopping!
