[30Sep2026 23:09:12.423] [main/INFO] [cpw.mods.modlauncher.Launcher/MODLAUNCHER]: ModLauncher running: args [--launchTarget, forgeclientdev, --version, 21.1.252, --assetIndex, 17, --assetsDir, D:\\xrexg\\neoforge1.21.1\\Gradle\\caches\\neoformruntime\\assets, --gameDir, ., --fml.fmlVersion, 4.0.44, --fml.mcVersion, 1.21.1, --fml.neoForgeVersion, 21.1.252, --fml.neoFormVersion, 20240808.144430]
[30Sep2026 23:09:12.427] [main/INFO] [cpw.mods.modlauncher.Launcher/MODLAUNCHER]: JVM identified as Eclipse Adoptium OpenJDK 64-Bit Server VM 21.0.12.1+1-LTS
[30Sep2026 23:09:12.428] [main/INFO] [cpw.mods.modlauncher.Launcher/MODLAUNCHER]: ModLauncher 11.0.5+main.901c6ea8 starting: java version 21.0.12.1 by Eclipse Adoptium; OS Windows 11 arch amd64 version 10.0
[30Sep2026 23:09:12.558] [main/INFO] [net.neoforged.fml.loading.ImmediateWindowHandler/]: Loading ImmediateWindowProvider fmlearlywindow
[30Sep2026 23:09:12.750] [main/INFO] [EARLYDISPLAY/]: Trying GL version 4.6
[30Sep2026 23:09:12.944] [main/INFO] [EARLYDISPLAY/]: Requested GL version 4.6 got version 4.6
[30Sep2026 23:09:13.037] [main/INFO] [mixin/]: SpongePowered MIXIN Subsystem Version=0.8.7 Source=union:/D:/xrexg/neoforge1.21.1/Gradle/caches/modules-2/files-2.1/net.fabricmc/sponge-mixin/0.15.2+mixin.0.8.7/2af2f021d8e02a0220dc27a7a72b4666d66d44ca/sponge-mixin-0.15.2+mixin.0.8.7.jar%23138!/ Service=ModLauncher Env=CLIENT
[30Sep2026 23:09:13.144] [pool-2-thread-1/INFO] [EARLYDISPLAY/]: GL info: NVIDIA GeForce RTX 4050 Laptop GPU/PCIe/SSE2 GL version 4.6.0 NVIDIA 616.56, NVIDIA Corporation
[30Sep2026 23:09:13.625] [main/INFO] [net.neoforged.fml.loading.moddiscovery.locators.JarInJarDependencyLocator/]: Found 2 dependencies adding them to mods collection
[30Sep2026 23:09:13.628] [main/INFO] [net.neoforged.fml.loading.moddiscovery.ModDiscoverer/]: 
     Mod List:
		Name Version (Mod Id)

		Minecraft 1.21.1 (minecraft)
		NeoForge 21.1.252 (neoforge)
		we bearly bare 0.0.1 (bearmod)
[30Sep2026 23:09:15.316] [main/INFO] [cpw.mods.modlauncher.LaunchServiceHandler/MODLAUNCHER]: Launching target 'forgeclientdev' with arguments [--version, 21.1.252, --gameDir, ., --assetsDir, D:\xrexg\neoforge1.21.1\Gradle\caches\neoformruntime\assets, --assetIndex, 17]
[30Sep2026 23:09:18.650] [Datafixer Bootstrap/INFO] [com.mojang.datafixers.DataFixerBuilder/]: 229 Datafixer optimizations took 358 milliseconds
[30Sep2026 23:09:18.926] [pool-7-thread-1/INFO] [MixinExtras|Service/]: Initializing MixinExtras via com.llamalad7.mixinextras.service.MixinExtrasServiceImpl(version=0.5.3).
[30Sep2026 23:09:24.479] [main/WARN] [net.minecraft.commands.Commands/]: Ambiguity between arguments [teleport, location] and [teleport, destination] with inputs: [0.1 -0.5 .9, 0 0 0]
[30Sep2026 23:09:24.481] [main/WARN] [net.minecraft.commands.Commands/]: Ambiguity between arguments [teleport, location] and [teleport, targets] with inputs: [0.1 -0.5 .9, 0 0 0]
[30Sep2026 23:09:24.483] [main/WARN] [net.minecraft.commands.Commands/]: Ambiguity between arguments [teleport, destination] and [teleport, targets] with inputs: [Player, 0123, @e, dd12be42-52a9-4a91-a8a1-11c01849e498]
[30Sep2026 23:09:24.484] [main/WARN] [net.minecraft.commands.Commands/]: Ambiguity between arguments [teleport, targets] and [teleport, destination] with inputs: [Player, 0123, dd12be42-52a9-4a91-a8a1-11c01849e498]
[30Sep2026 23:09:24.485] [main/WARN] [net.minecraft.commands.Commands/]: Ambiguity between arguments [teleport, targets, location] and [teleport, targets, destination] with inputs: [0.1 -0.5 .9, 0 0 0]
[30Sep2026 23:09:24.632] [Render thread/WARN] [net.minecraft.server.packs.VanillaPackResourcesBuilder/]: Assets URL 'union:/D:/xrexg/neoforge1.21.1/mods/we%20bearly%20bare/build/moddev/artifacts/neoforge-21.1.252.jar%23189!/assets/.mcassetsroot' uses unexpected schema
[30Sep2026 23:09:24.633] [Render thread/WARN] [net.minecraft.server.packs.VanillaPackResourcesBuilder/]: Assets URL 'union:/D:/xrexg/neoforge1.21.1/mods/we%20bearly%20bare/build/moddev/artifacts/neoforge-21.1.252.jar%23189!/data/.mcassetsroot' uses unexpected schema
[30Sep2026 23:09:24.673] [Render thread/INFO] [com.mojang.authlib.yggdrasil.YggdrasilAuthenticationService/]: Environment: Environment[sessionHost=https://sessionserver.mojang.com, servicesHost=https://api.minecraftservices.com, name=PROD]
[30Sep2026 23:09:24.683] [Render thread/INFO] [net.minecraft.client.Minecraft/]: Setting user: Dev
[30Sep2026 23:09:24.816] [Render thread/INFO] [net.minecraft.client.Minecraft/]: Backend library: LWJGL version 3.3.3+5
[30Sep2026 23:09:25.138] [modloading-worker-0/INFO] [net.neoforged.neoforge.common.NeoForgeMod/NEOFORGE-MOD]: NeoForge mod loading, version 21.1.252, for MC 1.21.1
[30Sep2026 23:09:26.177] [Render thread/INFO] [net.neoforged.neoforge.gametest.GameTestHooks/]: Enabled Gametest Namespaces: [bearmod]
[30Sep2026 23:09:26.300] [Render thread/INFO] [net.minecraft.server.packs.resources.ReloadableResourceManager/]: Reloading ResourceManager: vanilla, mod_resources, mod/bearmod, mod/neoforge
[30Sep2026 23:09:26.476] [Worker-Main-13/INFO] [net.minecraft.client.gui.font.providers.UnihexProvider/]: Found unifont_all_no_pua-15.1.05.hex, loading
[30Sep2026 23:09:26.535] [Worker-Main-6/INFO] [net.minecraft.client.gui.font.providers.UnihexProvider/]: Found unifont_jp_patch-15.1.05.hex, loading
[30Sep2026 23:09:28.141] [Render thread/WARN] [net.minecraft.client.sounds.SoundEngine/]: Missing sound for event: minecraft:item.goat_horn.play
[30Sep2026 23:09:28.142] [Render thread/WARN] [net.minecraft.client.sounds.SoundEngine/]: Missing sound for event: minecraft:entity.goat.screaming.horn_break
[30Sep2026 23:09:28.907] [Render thread/INFO] [com.mojang.blaze3d.audio.Library/]: OpenAL initialized on device OpenAL Soft on Speakers (Realtek(R) Audio)
[30Sep2026 23:09:28.907] [Render thread/INFO] [net.minecraft.client.sounds.SoundEngine/SOUNDS]: Sound engine started
[30Sep2026 23:09:29.020] [Render thread/INFO] [net.minecraft.client.renderer.texture.TextureAtlas/]: Created: 1024x512x4 minecraft:textures/atlas/blocks.png-atlas
[30Sep2026 23:09:29.028] [Render thread/INFO] [net.minecraft.client.renderer.texture.TextureAtlas/]: Created: 256x256x4 minecraft:textures/atlas/signs.png-atlas
[30Sep2026 23:09:29.028] [Render thread/INFO] [net.minecraft.client.renderer.texture.TextureAtlas/]: Created: 512x512x4 minecraft:textures/atlas/shield_patterns.png-atlas
[30Sep2026 23:09:29.029] [Render thread/INFO] [net.minecraft.client.renderer.texture.TextureAtlas/]: Created: 512x512x4 minecraft:textures/atlas/banner_patterns.png-atlas
[30Sep2026 23:09:29.029] [Render thread/INFO] [net.minecraft.client.renderer.texture.TextureAtlas/]: Created: 1024x1024x4 minecraft:textures/atlas/armor_trims.png-atlas
[30Sep2026 23:09:29.032] [Render thread/INFO] [net.minecraft.client.renderer.texture.TextureAtlas/]: Created: 128x64x4 minecraft:textures/atlas/decorated_pot.png-atlas
[30Sep2026 23:09:29.032] [Render thread/INFO] [net.minecraft.client.renderer.texture.TextureAtlas/]: Created: 256x256x4 minecraft:textures/atlas/chest.png-atlas
[30Sep2026 23:09:29.032] [Render thread/INFO] [net.minecraft.client.renderer.texture.TextureAtlas/]: Created: 512x256x4 minecraft:textures/atlas/shulker_boxes.png-atlas
[30Sep2026 23:09:29.033] [Render thread/INFO] [net.minecraft.client.renderer.texture.TextureAtlas/]: Created: 512x256x4 minecraft:textures/atlas/beds.png-atlas
[30Sep2026 23:09:29.119] [Render thread/INFO] [net.minecraft.client.renderer.texture.TextureAtlas/]: Created: 512x256x0 minecraft:textures/atlas/particles.png-atlas
[30Sep2026 23:09:29.120] [Render thread/INFO] [net.minecraft.client.renderer.texture.TextureAtlas/]: Created: 512x256x0 minecraft:textures/atlas/paintings.png-atlas
[30Sep2026 23:09:29.121] [Render thread/INFO] [net.minecraft.client.renderer.texture.TextureAtlas/]: Created: 256x128x0 minecraft:textures/atlas/mob_effects.png-atlas
[30Sep2026 23:09:29.121] [Render thread/INFO] [net.minecraft.client.renderer.texture.TextureAtlas/]: Created: 64x64x0 minecraft:textures/atlas/map_decorations.png-atlas
[30Sep2026 23:09:29.121] [Render thread/INFO] [net.minecraft.client.renderer.texture.TextureAtlas/]: Created: 1024x512x0 minecraft:textures/atlas/gui.png-atlas
[30Sep2026 23:09:29.144] [Render thread/WARN] [net.minecraft.client.renderer.ShaderInstance/]: Shader rendertype_entity_translucent_emissive could not find sampler named Sampler2 in the specified shader program.
[30Sep2026 23:09:29.210] [Render thread/INFO] [net.neoforged.neoforge.client.entity.animation.json.AnimationLoader/]: Loaded 0 entity animations
[30Sep2026 23:09:33.231] [Render thread/INFO] [net.minecraft.world.item.crafting.RecipeManager/]: Loaded 1290 recipes
[30Sep2026 23:09:33.421] [Render thread/INFO] [net.minecraft.advancements.AdvancementTree/]: Loaded 1399 advancements
[30Sep2026 23:09:33.818] [Render thread/ERROR] [net.minecraft.Util/]: Failed to rename
java.nio.file.FileSystemException: .\saves\New World\level14935333465275093545.dat -> .\saves\New World\level.dat: The process cannot access the file because it is being used by another process
	at java.base/sun.nio.fs.WindowsException.translateToIOException(WindowsException.java:92) ~[?:?]
	at java.base/sun.nio.fs.WindowsException.rethrowAsIOException(WindowsException.java:103) ~[?:?]
	at java.base/sun.nio.fs.WindowsFileCopy.move(WindowsFileCopy.java:414) ~[?:?]
	at java.base/sun.nio.fs.WindowsFileSystemProvider.move(WindowsFileSystemProvider.java:291) ~[?:?]
	at java.base/java.nio.file.Files.move(Files.java:1431) ~[?:?]
	at TRANSFORMER/minecraft@1.21.1/net.minecraft.Util$3.getAsBoolean(Util.java:592) ~[neoforge-21.1.252.jar%23189!/:?]
	at TRANSFORMER/minecraft@1.21.1/net.minecraft.Util.executeInSequence(Util.java:657) ~[neoforge-21.1.252.jar%23189!/:?]
	at TRANSFORMER/minecraft@1.21.1/net.minecraft.Util.runWithRetries(Util.java:668) ~[neoforge-21.1.252.jar%23189!/:?]
	at TRANSFORMER/minecraft@1.21.1/net.minecraft.Util.safeReplaceOrMoveFile(Util.java:691) ~[neoforge-21.1.252.jar%23189!/:?]
	at TRANSFORMER/minecraft@1.21.1/net.minecraft.Util.safeReplaceFile(Util.java:680) ~[neoforge-21.1.252.jar%23189!/:?]
	at TRANSFORMER/minecraft@1.21.1/net.minecraft.world.level.storage.LevelStorageSource$LevelStorageAccess.saveLevelData(LevelStorageSource.java:527) ~[neoforge-21.1.252.jar%23189!/:?]
	at TRANSFORMER/minecraft@1.21.1/net.minecraft.world.level.storage.LevelStorageSource$LevelStorageAccess.saveDataTag(LevelStorageSource.java:516) ~[neoforge-21.1.252.jar%23189!/:?]
	at TRANSFORMER/minecraft@1.21.1/net.minecraft.world.level.storage.LevelStorageSource$LevelStorageAccess.saveDataTag(LevelStorageSource.java:508) ~[neoforge-21.1.252.jar%23189!/:?]
	at TRANSFORMER/minecraft@1.21.1/net.minecraft.client.Minecraft.doWorldLoad(Minecraft.java:2069) ~[neoforge-21.1.252.jar%23189!/:?]
	at TRANSFORMER/minecraft@1.21.1/net.minecraft.client.gui.screens.worldselection.WorldOpenFlows.openWorldDoLoad(WorldOpenFlows.java:455) ~[neoforge-21.1.252.jar%23189!/:?]
	at TRANSFORMER/minecraft@1.21.1/net.minecraft.client.gui.screens.worldselection.WorldOpenFlows.openWorldCheckDiskSpace(WorldOpenFlows.java:450) ~[neoforge-21.1.252.jar%23189!/:?]
	at TRANSFORMER/minecraft@1.21.1/net.minecraft.client.gui.screens.worldselection.WorldOpenFlows.lambda$openWorldLoadBundledResourcePack$16(WorldOpenFlows.java:413) ~[neoforge-21.1.252.jar%23189!/:?]
	at java.base/java.util.concurrent.CompletableFuture$UniAccept.tryFire(CompletableFuture.java:718) ~[?:?]
	at java.base/java.util.concurrent.CompletableFuture$Completion.run(CompletableFuture.java:482) ~[?:?]
	at TRANSFORMER/minecraft@1.21.1/net.minecraft.util.thread.BlockableEventLoop.execute(BlockableEventLoop.java:98) ~[neoforge-21.1.252.jar%23189!/:?]
	at java.base/java.util.concurrent.CompletableFuture.uniAcceptNow(CompletableFuture.java:754) ~[?:?]
	at java.base/java.util.concurrent.CompletableFuture.uniAcceptStage(CompletableFuture.java:735) ~[?:?]
	at java.base/java.util.concurrent.CompletableFuture.thenAcceptAsync(CompletableFuture.java:2223) ~[?:?]
	at TRANSFORMER/minecraft@1.21.1/net.minecraft.client.gui.screens.worldselection.WorldOpenFlows.openWorldLoadBundledResourcePack(WorldOpenFlows.java:411) ~[neoforge-21.1.252.jar%23189!/:?]
	at TRANSFORMER/minecraft@1.21.1/net.minecraft.client.gui.screens.worldselection.WorldOpenFlows.openWorldCheckWorldStemCompatibility(WorldOpenFlows.java:386) ~[neoforge-21.1.252.jar%23189!/:?]
	at TRANSFORMER/minecraft@1.21.1/net.minecraft.client.gui.screens.worldselection.WorldOpenFlows.openWorldLoadLevelStem(WorldOpenFlows.java:375) ~[neoforge-21.1.252.jar%23189!/:?]
	at TRANSFORMER/minecraft@1.21.1/net.minecraft.client.gui.screens.worldselection.WorldOpenFlows.openWorldCheckVersionCompatibility(WorldOpenFlows.java:335) ~[neoforge-21.1.252.jar%23189!/:?]
	at TRANSFORMER/minecraft@1.21.1/net.minecraft.client.gui.screens.worldselection.WorldOpenFlows.openWorldLoadLevelData(WorldOpenFlows.java:297) ~[neoforge-21.1.252.jar%23189!/:?]
	at TRANSFORMER/minecraft@1.21.1/net.minecraft.client.gui.screens.worldselection.WorldOpenFlows.openWorld(WorldOpenFlows.java:261) ~[neoforge-21.1.252.jar%23189!/:?]
	at TRANSFORMER/minecraft@1.21.1/net.minecraft.client.gui.screens.worldselection.WorldSelectionList$WorldListEntry.joinWorld(WorldSelectionList.java:498) ~[neoforge-21.1.252.jar%23189!/:?]
	at TRANSFORMER/minecraft@1.21.1/net.minecraft.client.gui.screens.worldselection.WorldSelectionList$WorldListEntry.mouseClicked(WorldSelectionList.java:481) ~[neoforge-21.1.252.jar%23189!/:?]
	at TRANSFORMER/minecraft@1.21.1/net.minecraft.client.gui.components.AbstractSelectionList.mouseClicked(AbstractSelectionList.java:303) ~[neoforge-21.1.252.jar%23189!/:?]
	at TRANSFORMER/minecraft@1.21.1/net.minecraft.client.gui.components.events.ContainerEventHandler.mouseClicked(ContainerEventHandler.java:43) ~[neoforge-21.1.252.jar%23189!/:?]
	at TRANSFORMER/minecraft@1.21.1/net.minecraft.client.MouseHandler.lambda$onPress$0(MouseHandler.java:98) ~[neoforge-21.1.252.jar%23189!/:?]
	at TRANSFORMER/minecraft@1.21.1/net.minecraft.client.gui.screens.Screen.wrapScreenError(Screen.java:451) ~[neoforge-21.1.252.jar%23189!/:?]
	at TRANSFORMER/minecraft@1.21.1/net.minecraft.client.MouseHandler.onPress(MouseHandler.java:95) ~[neoforge-21.1.252.jar%23189!/:?]
	at TRANSFORMER/minecraft@1.21.1/net.minecraft.client.MouseHandler.lambda$setup$4(MouseHandler.java:207) ~[neoforge-21.1.252.jar%23189!/:?]
	at TRANSFORMER/minecraft@1.21.1/net.minecraft.util.thread.BlockableEventLoop.execute(BlockableEventLoop.java:98) ~[neoforge-21.1.252.jar%23189!/:?]
	at TRANSFORMER/minecraft@1.21.1/net.minecraft.client.MouseHandler.lambda$setup$5(MouseHandler.java:207) ~[neoforge-21.1.252.jar%23189!/:?]
	at MC-BOOTSTRAP/org.lwjgl.glfw@3.3.3+5/org.lwjgl.glfw.GLFWMouseButtonCallbackI.callback(GLFWMouseButtonCallbackI.java:43) ~[lwjgl-glfw-3.3.3.jar%23172!/:build 5]
	at MC-BOOTSTRAP/org.lwjgl@3.3.3+5/org.lwjgl.system.JNI.invokeV(Native Method) ~[lwjgl-3.3.3.jar%23183!/:build 5]
	at MC-BOOTSTRAP/org.lwjgl.glfw@3.3.3+5/org.lwjgl.glfw.GLFW.glfwPollEvents(GLFW.java:3438) ~[lwjgl-glfw-3.3.3.jar%23172!/:build 5]
	at TRANSFORMER/minecraft@1.21.1/com.mojang.blaze3d.systems.RenderSystem.pollEvents(RenderSystem.java:134) ~[neoforge-21.1.252.jar%23189!/:?]
	at TRANSFORMER/minecraft@1.21.1/com.mojang.blaze3d.systems.RenderSystem.flipFrame(RenderSystem.java:143) ~[neoforge-21.1.252.jar%23189!/:?]
	at TRANSFORMER/minecraft@1.21.1/com.mojang.blaze3d.platform.Window.updateDisplay(Window.java:296) ~[neoforge-21.1.252.jar%23189!/:?]
	at TRANSFORMER/minecraft@1.21.1/net.minecraft.client.Minecraft.runTick(Minecraft.java:1223) ~[neoforge-21.1.252.jar%23189!/:?]
	at TRANSFORMER/minecraft@1.21.1/net.minecraft.client.Minecraft.run(Minecraft.java:813) ~[neoforge-21.1.252.jar%23189!/:?]
	at TRANSFORMER/minecraft@1.21.1/net.minecraft.client.main.Main.main(Main.java:230) ~[neoforge-21.1.252.jar%23189!/:?]
	at java.base/jdk.internal.reflect.DirectMethodHandleAccessor.invoke(DirectMethodHandleAccessor.java:103) ~[?:?]
	at java.base/java.lang.reflect.Method.invoke(Method.java:580) ~[?:?]
	at MC-BOOTSTRAP/fml_loader@4.0.44/net.neoforged.fml.loading.targets.CommonLaunchHandler.runTarget(CommonLaunchHandler.java:136) ~[loader-4.0.44.jar%23146!/:4.0]
	at MC-BOOTSTRAP/fml_loader@4.0.44/net.neoforged.fml.loading.targets.CommonLaunchHandler.clientService(CommonLaunchHandler.java:124) ~[loader-4.0.44.jar%23146!/:4.0]
	at MC-BOOTSTRAP/fml_loader@4.0.44/net.neoforged.fml.loading.targets.NeoForgeClientDevLaunchHandler.runService(NeoForgeClientDevLaunchHandler.java:23) ~[loader-4.0.44.jar%23146!/:4.0]
	at MC-BOOTSTRAP/fml_loader@4.0.44/net.neoforged.fml.loading.targets.CommonLaunchHandler.lambda$launchService$4(CommonLaunchHandler.java:118) ~[loader-4.0.44.jar%23146!/:4.0]
	at MC-BOOTSTRAP/cpw.mods.modlauncher@11.0.5/cpw.mods.modlauncher.LaunchServiceHandlerDecorator.launch(LaunchServiceHandlerDecorator.java:30) [modlauncher-11.0.5.jar%23128!/:?]
	at MC-BOOTSTRAP/cpw.mods.modlauncher@11.0.5/cpw.mods.modlauncher.LaunchServiceHandler.launch(LaunchServiceHandler.java:53) [modlauncher-11.0.5.jar%23128!/:?]
	at MC-BOOTSTRAP/cpw.mods.modlauncher@11.0.5/cpw.mods.modlauncher.LaunchServiceHandler.launch(LaunchServiceHandler.java:71) [modlauncher-11.0.5.jar%23128!/:?]
	at MC-BOOTSTRAP/cpw.mods.modlauncher@11.0.5/cpw.mods.modlauncher.Launcher.run(Launcher.java:103) [modlauncher-11.0.5.jar%23128!/:?]
	at MC-BOOTSTRAP/cpw.mods.modlauncher@11.0.5/cpw.mods.modlauncher.Launcher.main(Launcher.java:74) [modlauncher-11.0.5.jar%23128!/:?]
	at MC-BOOTSTRAP/cpw.mods.modlauncher@11.0.5/cpw.mods.modlauncher.BootstrapLaunchConsumer.accept(BootstrapLaunchConsumer.java:26) [modlauncher-11.0.5.jar%23128!/:?]
	at MC-BOOTSTRAP/cpw.mods.modlauncher@11.0.5/cpw.mods.modlauncher.BootstrapLaunchConsumer.accept(BootstrapLaunchConsumer.java:23) [modlauncher-11.0.5.jar%23128!/:?]
	at cpw.mods.bootstraplauncher@2.0.2/cpw.mods.bootstraplauncher.BootstrapLauncher.run(BootstrapLauncher.java:210) [bootstraplauncher-2.0.2.jar:?]
	at cpw.mods.bootstraplauncher@2.0.2/cpw.mods.bootstraplauncher.BootstrapLauncher.main(BootstrapLauncher.java:69) [bootstraplauncher-2.0.2.jar:?]
	at java.base/jdk.internal.reflect.DirectMethodHandleAccessor.invoke(DirectMethodHandleAccessor.java:103) ~[?:?]
	at java.base/java.lang.reflect.Method.invoke(Method.java:580) ~[?:?]
	at net.neoforged.devlaunch.Main.main(Main.java:57) [DevLaunch-1.0.2.jar:?]
[30Sep2026 23:09:33.820] [Render thread/WARN] [net.minecraft.Util/]: Failed to execute rename .\saves\New World\level14935333465275093545.dat to .\saves\New World\level.dat
[30Sep2026 23:09:33.820] [Render thread/ERROR] [net.minecraft.Util/]: Failed to replace .\saves\New World\level.dat with .\saves\New World\level14935333465275093545.dat, retrying 0/10
[30Sep2026 23:09:33.821] [Render thread/ERROR] [net.minecraft.Util/]: Failed to rename
java.nio.file.FileSystemException: .\saves\New World\level14935333465275093545.dat -> .\saves\New World\level.dat: The process cannot access the file because it is being used by another process
	at java.base/sun.nio.fs.WindowsException.translateToIOException(WindowsException.java:92) ~[?:?]
	at java.base/sun.nio.fs.WindowsException.rethrowAsIOException(WindowsException.java:103) ~[?:?]
	at java.base/sun.nio.fs.WindowsFileCopy.move(WindowsFileCopy.java:414) ~[?:?]
	at java.base/sun.nio.fs.WindowsFileSystemProvider.move(WindowsFileSystemProvider.java:291) ~[?:?]
	at java.base/java.nio.file.Files.move(Files.java:1431) ~[?:?]
	at TRANSFORMER/minecraft@1.21.1/net.minecraft.Util$3.getAsBoolean(Util.java:592) ~[neoforge-21.1.252.jar%23189!/:?]
	at TRANSFORMER/minecraft@1.21.1/net.minecraft.Util.executeInSequence(Util.java:657) ~[neoforge-21.1.252.jar%23189!/:?]
	at TRANSFORMER/minecraft@1.21.1/net.minecraft.Util.runWithRetries(Util.java:668) ~[neoforge-21.1.252.jar%23189!/:?]
	at TRANSFORMER/minecraft@1.21.1/net.minecraft.Util.safeReplaceOrMoveFile(Util.java:691) ~[neoforge-21.1.252.jar%23189!/:?]
	at TRANSFORMER/minecraft@1.21.1/net.minecraft.Util.safeReplaceFile(Util.java:680) ~[neoforge-21.1.252.jar%23189!/:?]
	at TRANSFORMER/minecraft@1.21.1/net.minecraft.world.level.storage.LevelStorageSource$LevelStorageAccess.saveLevelData(LevelStorageSource.java:527) ~[neoforge-21.1.252.jar%23189!/:?]
	at TRANSFORMER/minecraft@1.21.1/net.minecraft.world.level.storage.LevelStorageSource$LevelStorageAccess.saveDataTag(LevelStorageSource.java:516) ~[neoforge-21.1.252.jar%23189!/:?]
	at TRANSFORMER/minecraft@1.21.1/net.minecraft.world.level.storage.LevelStorageSource$LevelStorageAccess.saveDataTag(LevelStorageSource.java:508) ~[neoforge-21.1.252.jar%23189!/:?]
	at TRANSFORMER/minecraft@1.21.1/net.minecraft.client.Minecraft.doWorldLoad(Minecraft.java:2069) ~[neoforge-21.1.252.jar%23189!/:?]
	at TRANSFORMER/minecraft@1.21.1/net.minecraft.client.gui.screens.worldselection.WorldOpenFlows.openWorldDoLoad(WorldOpenFlows.java:455) ~[neoforge-21.1.252.jar%23189!/:?]
	at TRANSFORMER/minecraft@1.21.1/net.minecraft.client.gui.screens.worldselection.WorldOpenFlows.openWorldCheckDiskSpace(WorldOpenFlows.java:450) ~[neoforge-21.1.252.jar%23189!/:?]
	at TRANSFORMER/minecraft@1.21.1/net.minecraft.client.gui.screens.worldselection.WorldOpenFlows.lambda$openWorldLoadBundledResourcePack$16(WorldOpenFlows.java:413) ~[neoforge-21.1.252.jar%23189!/:?]
	at java.base/java.util.concurrent.CompletableFuture$UniAccept.tryFire(CompletableFuture.java:718) ~[?:?]
	at java.base/java.util.concurrent.CompletableFuture$Completion.run(CompletableFuture.java:482) ~[?:?]
	at TRANSFORMER/minecraft@1.21.1/net.minecraft.util.thread.BlockableEventLoop.execute(BlockableEventLoop.java:98) ~[neoforge-21.1.252.jar%23189!/:?]
	at java.base/java.util.concurrent.CompletableFuture.uniAcceptNow(CompletableFuture.java:754) ~[?:?]
	at java.base/java.util.concurrent.CompletableFuture.uniAcceptStage(CompletableFuture.java:735) ~[?:?]
	at java.base/java.util.concurrent.CompletableFuture.thenAcceptAsync(CompletableFuture.java:2223) ~[?:?]
	at TRANSFORMER/minecraft@1.21.1/net.minecraft.client.gui.screens.worldselection.WorldOpenFlows.openWorldLoadBundledResourcePack(WorldOpenFlows.java:411) ~[neoforge-21.1.252.jar%23189!/:?]
	at TRANSFORMER/minecraft@1.21.1/net.minecraft.client.gui.screens.worldselection.WorldOpenFlows.openWorldCheckWorldStemCompatibility(WorldOpenFlows.java:386) ~[neoforge-21.1.252.jar%23189!/:?]
	at TRANSFORMER/minecraft@1.21.1/net.minecraft.client.gui.screens.worldselection.WorldOpenFlows.openWorldLoadLevelStem(WorldOpenFlows.java:375) ~[neoforge-21.1.252.jar%23189!/:?]
	at TRANSFORMER/minecraft@1.21.1/net.minecraft.client.gui.screens.worldselection.WorldOpenFlows.openWorldCheckVersionCompatibility(WorldOpenFlows.java:335) ~[neoforge-21.1.252.jar%23189!/:?]
	at TRANSFORMER/minecraft@1.21.1/net.minecraft.client.gui.screens.worldselection.WorldOpenFlows.openWorldLoadLevelData(WorldOpenFlows.java:297) ~[neoforge-21.1.252.jar%23189!/:?]
	at TRANSFORMER/minecraft@1.21.1/net.minecraft.client.gui.screens.worldselection.WorldOpenFlows.openWorld(WorldOpenFlows.java:261) ~[neoforge-21.1.252.jar%23189!/:?]
	at TRANSFORMER/minecraft@1.21.1/net.minecraft.client.gui.screens.worldselection.WorldSelectionList$WorldListEntry.joinWorld(WorldSelectionList.java:498) ~[neoforge-21.1.252.jar%23189!/:?]
	at TRANSFORMER/minecraft@1.21.1/net.minecraft.client.gui.screens.worldselection.WorldSelectionList$WorldListEntry.mouseClicked(WorldSelectionList.java:481) ~[neoforge-21.1.252.jar%23189!/:?]
	at TRANSFORMER/minecraft@1.21.1/net.minecraft.client.gui.components.AbstractSelectionList.mouseClicked(AbstractSelectionList.java:303) ~[neoforge-21.1.252.jar%23189!/:?]
	at TRANSFORMER/minecraft@1.21.1/net.minecraft.client.gui.components.events.ContainerEventHandler.mouseClicked(ContainerEventHandler.java:43) ~[neoforge-21.1.252.jar%23189!/:?]
	at TRANSFORMER/minecraft@1.21.1/net.minecraft.client.MouseHandler.lambda$onPress$0(MouseHandler.java:98) ~[neoforge-21.1.252.jar%23189!/:?]
	at TRANSFORMER/minecraft@1.21.1/net.minecraft.client.gui.screens.Screen.wrapScreenError(Screen.java:451) ~[neoforge-21.1.252.jar%23189!/:?]
	at TRANSFORMER/minecraft@1.21.1/net.minecraft.client.MouseHandler.onPress(MouseHandler.java:95) ~[neoforge-21.1.252.jar%23189!/:?]
	at TRANSFORMER/minecraft@1.21.1/net.minecraft.client.MouseHandler.lambda$setup$4(MouseHandler.java:207) ~[neoforge-21.1.252.jar%23189!/:?]
	at TRANSFORMER/minecraft@1.21.1/net.minecraft.util.thread.BlockableEventLoop.execute(BlockableEventLoop.java:98) ~[neoforge-21.1.252.jar%23189!/:?]
	at TRANSFORMER/minecraft@1.21.1/net.minecraft.client.MouseHandler.lambda$setup$5(MouseHandler.java:207) ~[neoforge-21.1.252.jar%23189!/:?]
	at MC-BOOTSTRAP/org.lwjgl.glfw@3.3.3+5/org.lwjgl.glfw.GLFWMouseButtonCallbackI.callback(GLFWMouseButtonCallbackI.java:43) ~[lwjgl-glfw-3.3.3.jar%23172!/:build 5]
	at MC-BOOTSTRAP/org.lwjgl@3.3.3+5/org.lwjgl.system.JNI.invokeV(Native Method) ~[lwjgl-3.3.3.jar%23183!/:build 5]
	at MC-BOOTSTRAP/org.lwjgl.glfw@3.3.3+5/org.lwjgl.glfw.GLFW.glfwPollEvents(GLFW.java:3438) ~[lwjgl-glfw-3.3.3.jar%23172!/:build 5]
	at TRANSFORMER/minecraft@1.21.1/com.mojang.blaze3d.systems.RenderSystem.pollEvents(RenderSystem.java:134) ~[neoforge-21.1.252.jar%23189!/:?]
	at TRANSFORMER/minecraft@1.21.1/com.mojang.blaze3d.systems.RenderSystem.flipFrame(RenderSystem.java:143) ~[neoforge-21.1.252.jar%23189!/:?]
	at TRANSFORMER/minecraft@1.21.1/com.mojang.blaze3d.platform.Window.updateDisplay(Window.java:296) ~[neoforge-21.1.252.jar%23189!/:?]
	at TRANSFORMER/minecraft@1.21.1/net.minecraft.client.Minecraft.runTick(Minecraft.java:1223) ~[neoforge-21.1.252.jar%23189!/:?]
	at TRANSFORMER/minecraft@1.21.1/net.minecraft.client.Minecraft.run(Minecraft.java:813) ~[neoforge-21.1.252.jar%23189!/:?]
	at TRANSFORMER/minecraft@1.21.1/net.minecraft.client.main.Main.main(Main.java:230) ~[neoforge-21.1.252.jar%23189!/:?]
	at java.base/jdk.internal.reflect.DirectMethodHandleAccessor.invoke(DirectMethodHandleAccessor.java:103) ~[?:?]
	at java.base/java.lang.reflect.Method.invoke(Method.java:580) ~[?:?]
	at MC-BOOTSTRAP/fml_loader@4.0.44/net.neoforged.fml.loading.targets.CommonLaunchHandler.runTarget(CommonLaunchHandler.java:136) ~[loader-4.0.44.jar%23146!/:4.0]
	at MC-BOOTSTRAP/fml_loader@4.0.44/net.neoforged.fml.loading.targets.CommonLaunchHandler.clientService(CommonLaunchHandler.java:124) ~[loader-4.0.44.jar%23146!/:4.0]
	at MC-BOOTSTRAP/fml_loader@4.0.44/net.neoforged.fml.loading.targets.NeoForgeClientDevLaunchHandler.runService(NeoForgeClientDevLaunchHandler.java:23) ~[loader-4.0.44.jar%23146!/:4.0]
	at MC-BOOTSTRAP/fml_loader@4.0.44/net.neoforged.fml.loading.targets.CommonLaunchHandler.lambda$launchService$4(CommonLaunchHandler.java:118) ~[loader-4.0.44.jar%23146!/:4.0]
	at MC-BOOTSTRAP/cpw.mods.modlauncher@11.0.5/cpw.mods.modlauncher.LaunchServiceHandlerDecorator.launch(LaunchServiceHandlerDecorator.java:30) [modlauncher-11.0.5.jar%23128!/:?]
	at MC-BOOTSTRAP/cpw.mods.modlauncher@11.0.5/cpw.mods.modlauncher.LaunchServiceHandler.launch(LaunchServiceHandler.java:53) [modlauncher-11.0.5.jar%23128!/:?]
	at MC-BOOTSTRAP/cpw.mods.modlauncher@11.0.5/cpw.mods.modlauncher.LaunchServiceHandler.launch(LaunchServiceHandler.java:71) [modlauncher-11.0.5.jar%23128!/:?]
	at MC-BOOTSTRAP/cpw.mods.modlauncher@11.0.5/cpw.mods.modlauncher.Launcher.run(Launcher.java:103) [modlauncher-11.0.5.jar%23128!/:?]
	at MC-BOOTSTRAP/cpw.mods.modlauncher@11.0.5/cpw.mods.modlauncher.Launcher.main(Launcher.java:74) [modlauncher-11.0.5.jar%23128!/:?]
	at MC-BOOTSTRAP/cpw.mods.modlauncher@11.0.5/cpw.mods.modlauncher.BootstrapLaunchConsumer.accept(BootstrapLaunchConsumer.java:26) [modlauncher-11.0.5.jar%23128!/:?]
	at MC-BOOTSTRAP/cpw.mods.modlauncher@11.0.5/cpw.mods.modlauncher.BootstrapLaunchConsumer.accept(BootstrapLaunchConsumer.java:23) [modlauncher-11.0.5.jar%23128!/:?]
	at cpw.mods.bootstraplauncher@2.0.2/cpw.mods.bootstraplauncher.BootstrapLauncher.run(BootstrapLauncher.java:210) [bootstraplauncher-2.0.2.jar:?]
	at cpw.mods.bootstraplauncher@2.0.2/cpw.mods.bootstraplauncher.BootstrapLauncher.main(BootstrapLauncher.java:69) [bootstraplauncher-2.0.2.jar:?]
	at java.base/jdk.internal.reflect.DirectMethodHandleAccessor.invoke(DirectMethodHandleAccessor.java:103) ~[?:?]
	at java.base/java.lang.reflect.Method.invoke(Method.java:580) ~[?:?]
	at net.neoforged.devlaunch.Main.main(Main.java:57) [DevLaunch-1.0.2.jar:?]
[30Sep2026 23:09:33.823] [Render thread/WARN] [net.minecraft.Util/]: Failed to execute rename .\saves\New World\level14935333465275093545.dat to .\saves\New World\level.dat
[30Sep2026 23:09:33.824] [Render thread/ERROR] [net.minecraft.Util/]: Failed to replace .\saves\New World\level.dat with .\saves\New World\level14935333465275093545.dat, retrying 1/10
[30Sep2026 23:09:33.824] [Render thread/ERROR] [net.minecraft.Util/]: Failed to rename
java.nio.file.FileSystemException: .\saves\New World\level14935333465275093545.dat -> .\saves\New World\level.dat: The process cannot access the file because it is being used by another process
	at java.base/sun.nio.fs.WindowsException.translateToIOException(WindowsException.java:92) ~[?:?]
	at java.base/sun.nio.fs.WindowsException.rethrowAsIOException(WindowsException.java:103) ~[?:?]
	at java.base/sun.nio.fs.WindowsFileCopy.move(WindowsFileCopy.java:414) ~[?:?]
	at java.base/sun.nio.fs.WindowsFileSystemProvider.move(WindowsFileSystemProvider.java:291) ~[?:?]
	at java.base/java.nio.file.Files.move(Files.java:1431) ~[?:?]
	at TRANSFORMER/minecraft@1.21.1/net.minecraft.Util$3.getAsBoolean(Util.java:592) ~[neoforge-21.1.252.jar%23189!/:?]
	at TRANSFORMER/minecraft@1.21.1/net.minecraft.Util.executeInSequence(Util.java:657) ~[neoforge-21.1.252.jar%23189!/:?]
	at TRANSFORMER/minecraft@1.21.1/net.minecraft.Util.runWithRetries(Util.java:668) ~[neoforge-21.1.252.jar%23189!/:?]
	at TRANSFORMER/minecraft@1.21.1/net.minecraft.Util.safeReplaceOrMoveFile(Util.java:691) ~[neoforge-21.1.252.jar%23189!/:?]
	at TRANSFORMER/minecraft@1.21.1/net.minecraft.Util.safeReplaceFile(Util.java:680) ~[neoforge-21.1.252.jar%23189!/:?]
	at TRANSFORMER/minecraft@1.21.1/net.minecraft.world.level.storage.LevelStorageSource$LevelStorageAccess.saveLevelData(LevelStorageSource.java:527) ~[neoforge-21.1.252.jar%23189!/:?]
	at TRANSFORMER/minecraft@1.21.1/net.minecraft.world.level.storage.LevelStorageSource$LevelStorageAccess.saveDataTag(LevelStorageSource.java:516) ~[neoforge-21.1.252.jar%23189!/:?]
	at TRANSFORMER/minecraft@1.21.1/net.minecraft.world.level.storage.LevelStorageSource$LevelStorageAccess.saveDataTag(LevelStorageSource.java:508) ~[neoforge-21.1.252.jar%23189!/:?]
	at TRANSFORMER/minecraft@1.21.1/net.minecraft.client.Minecraft.doWorldLoad(Minecraft.java:2069) ~[neoforge-21.1.252.jar%23189!/:?]
	at TRANSFORMER/minecraft@1.21.1/net.minecraft.client.gui.screens.worldselection.WorldOpenFlows.openWorldDoLoad(WorldOpenFlows.java:455) ~[neoforge-21.1.252.jar%23189!/:?]
	at TRANSFORMER/minecraft@1.21.1/net.minecraft.client.gui.screens.worldselection.WorldOpenFlows.openWorldCheckDiskSpace(WorldOpenFlows.java:450) ~[neoforge-21.1.252.jar%23189!/:?]
	at TRANSFORMER/minecraft@1.21.1/net.minecraft.client.gui.screens.worldselection.WorldOpenFlows.lambda$openWorldLoadBundledResourcePack$16(WorldOpenFlows.java:413) ~[neoforge-21.1.252.jar%23189!/:?]
	at java.base/java.util.concurrent.CompletableFuture$UniAccept.tryFire(CompletableFuture.java:718) ~[?:?]
	at java.base/java.util.concurrent.CompletableFuture$Completion.run(CompletableFuture.java:482) ~[?:?]
	at TRANSFORMER/minecraft@1.21.1/net.minecraft.util.thread.BlockableEventLoop.execute(BlockableEventLoop.java:98) ~[neoforge-21.1.252.jar%23189!/:?]
	at java.base/java.util.concurrent.CompletableFuture.uniAcceptNow(CompletableFuture.java:754) ~[?:?]
	at java.base/java.util.concurrent.CompletableFuture.uniAcceptStage(CompletableFuture.java:735) ~[?:?]
	at java.base/java.util.concurrent.CompletableFuture.thenAcceptAsync(CompletableFuture.java:2223) ~[?:?]
	at TRANSFORMER/minecraft@1.21.1/net.minecraft.client.gui.screens.worldselection.WorldOpenFlows.openWorldLoadBundledResourcePack(WorldOpenFlows.java:411) ~[neoforge-21.1.252.jar%23189!/:?]
	at TRANSFORMER/minecraft@1.21.1/net.minecraft.client.gui.screens.worldselection.WorldOpenFlows.openWorldCheckWorldStemCompatibility(WorldOpenFlows.java:386) ~[neoforge-21.1.252.jar%23189!/:?]
	at TRANSFORMER/minecraft@1.21.1/net.minecraft.client.gui.screens.worldselection.WorldOpenFlows.openWorldLoadLevelStem(WorldOpenFlows.java:375) ~[neoforge-21.1.252.jar%23189!/:?]
	at TRANSFORMER/minecraft@1.21.1/net.minecraft.client.gui.screens.worldselection.WorldOpenFlows.openWorldCheckVersionCompatibility(WorldOpenFlows.java:335) ~[neoforge-21.1.252.jar%23189!/:?]
	at TRANSFORMER/minecraft@1.21.1/net.minecraft.client.gui.screens.worldselection.WorldOpenFlows.openWorldLoadLevelData(WorldOpenFlows.java:297) ~[neoforge-21.1.252.jar%23189!/:?]
	at TRANSFORMER/minecraft@1.21.1/net.minecraft.client.gui.screens.worldselection.WorldOpenFlows.openWorld(WorldOpenFlows.java:261) ~[neoforge-21.1.252.jar%23189!/:?]
	at TRANSFORMER/minecraft@1.21.1/net.minecraft.client.gui.screens.worldselection.WorldSelectionList$WorldListEntry.joinWorld(WorldSelectionList.java:498) ~[neoforge-21.1.252.jar%23189!/:?]
	at TRANSFORMER/minecraft@1.21.1/net.minecraft.client.gui.screens.worldselection.WorldSelectionList$WorldListEntry.mouseClicked(WorldSelectionList.java:481) ~[neoforge-21.1.252.jar%23189!/:?]
	at TRANSFORMER/minecraft@1.21.1/net.minecraft.client.gui.components.AbstractSelectionList.mouseClicked(AbstractSelectionList.java:303) ~[neoforge-21.1.252.jar%23189!/:?]
	at TRANSFORMER/minecraft@1.21.1/net.minecraft.client.gui.components.events.ContainerEventHandler.mouseClicked(ContainerEventHandler.java:43) ~[neoforge-21.1.252.jar%23189!/:?]
	at TRANSFORMER/minecraft@1.21.1/net.minecraft.client.MouseHandler.lambda$onPress$0(MouseHandler.java:98) ~[neoforge-21.1.252.jar%23189!/:?]
	at TRANSFORMER/minecraft@1.21.1/net.minecraft.client.gui.screens.Screen.wrapScreenError(Screen.java:451) ~[neoforge-21.1.252.jar%23189!/:?]
	at TRANSFORMER/minecraft@1.21.1/net.minecraft.client.MouseHandler.onPress(MouseHandler.java:95) ~[neoforge-21.1.252.jar%23189!/:?]
	at TRANSFORMER/minecraft@1.21.1/net.minecraft.client.MouseHandler.lambda$setup$4(MouseHandler.java:207) ~[neoforge-21.1.252.jar%23189!/:?]
	at TRANSFORMER/minecraft@1.21.1/net.minecraft.util.thread.BlockableEventLoop.execute(BlockableEventLoop.java:98) ~[neoforge-21.1.252.jar%23189!/:?]
	at TRANSFORMER/minecraft@1.21.1/net.minecraft.client.MouseHandler.lambda$setup$5(MouseHandler.java:207) ~[neoforge-21.1.252.jar%23189!/:?]
	at MC-BOOTSTRAP/org.lwjgl.glfw@3.3.3+5/org.lwjgl.glfw.GLFWMouseButtonCallbackI.callback(GLFWMouseButtonCallbackI.java:43) ~[lwjgl-glfw-3.3.3.jar%23172!/:build 5]
	at MC-BOOTSTRAP/org.lwjgl@3.3.3+5/org.lwjgl.system.JNI.invokeV(Native Method) ~[lwjgl-3.3.3.jar%23183!/:build 5]
	at MC-BOOTSTRAP/org.lwjgl.glfw@3.3.3+5/org.lwjgl.glfw.GLFW.glfwPollEvents(GLFW.java:3438) ~[lwjgl-glfw-3.3.3.jar%23172!/:build 5]
	at TRANSFORMER/minecraft@1.21.1/com.mojang.blaze3d.systems.RenderSystem.pollEvents(RenderSystem.java:134) ~[neoforge-21.1.252.jar%23189!/:?]
	at TRANSFORMER/minecraft@1.21.1/com.mojang.blaze3d.systems.RenderSystem.flipFrame(RenderSystem.java:143) ~[neoforge-21.1.252.jar%23189!/:?]
	at TRANSFORMER/minecraft@1.21.1/com.mojang.blaze3d.platform.Window.updateDisplay(Window.java:296) ~[neoforge-21.1.252.jar%23189!/:?]
	at TRANSFORMER/minecraft@1.21.1/net.minecraft.client.Minecraft.runTick(Minecraft.java:1223) ~[neoforge-21.1.252.jar%23189!/:?]
	at TRANSFORMER/minecraft@1.21.1/net.minecraft.client.Minecraft.run(Minecraft.java:813) ~[neoforge-21.1.252.jar%23189!/:?]
	at TRANSFORMER/minecraft@1.21.1/net.minecraft.client.main.Main.main(Main.java:230) ~[neoforge-21.1.252.jar%23189!/:?]
	at java.base/jdk.internal.reflect.DirectMethodHandleAccessor.invoke(DirectMethodHandleAccessor.java:103) ~[?:?]
	at java.base/java.lang.reflect.Method.invoke(Method.java:580) ~[?:?]
	at MC-BOOTSTRAP/fml_loader@4.0.44/net.neoforged.fml.loading.targets.CommonLaunchHandler.runTarget(CommonLaunchHandler.java:136) ~[loader-4.0.44.jar%23146!/:4.0]
	at MC-BOOTSTRAP/fml_loader@4.0.44/net.neoforged.fml.loading.targets.CommonLaunchHandler.clientService(CommonLaunchHandler.java:124) ~[loader-4.0.44.jar%23146!/:4.0]
	at MC-BOOTSTRAP/fml_loader@4.0.44/net.neoforged.fml.loading.targets.NeoForgeClientDevLaunchHandler.runService(NeoForgeClientDevLaunchHandler.java:23) ~[loader-4.0.44.jar%23146!/:4.0]
	at MC-BOOTSTRAP/fml_loader@4.0.44/net.neoforged.fml.loading.targets.CommonLaunchHandler.lambda$launchService$4(CommonLaunchHandler.java:118) ~[loader-4.0.44.jar%23146!/:4.0]
	at MC-BOOTSTRAP/cpw.mods.modlauncher@11.0.5/cpw.mods.modlauncher.LaunchServiceHandlerDecorator.launch(LaunchServiceHandlerDecorator.java:30) [modlauncher-11.0.5.jar%23128!/:?]
	at MC-BOOTSTRAP/cpw.mods.modlauncher@11.0.5/cpw.mods.modlauncher.LaunchServiceHandler.launch(LaunchServiceHandler.java:53) [modlauncher-11.0.5.jar%23128!/:?]
	at MC-BOOTSTRAP/cpw.mods.modlauncher@11.0.5/cpw.mods.modlauncher.LaunchServiceHandler.launch(LaunchServiceHandler.java:71) [modlauncher-11.0.5.jar%23128!/:?]
	at MC-BOOTSTRAP/cpw.mods.modlauncher@11.0.5/cpw.mods.modlauncher.Launcher.run(Launcher.java:103) [modlauncher-11.0.5.jar%23128!/:?]
	at MC-BOOTSTRAP/cpw.mods.modlauncher@11.0.5/cpw.mods.modlauncher.Launcher.main(Launcher.java:74) [modlauncher-11.0.5.jar%23128!/:?]
	at MC-BOOTSTRAP/cpw.mods.modlauncher@11.0.5/cpw.mods.modlauncher.BootstrapLaunchConsumer.accept(BootstrapLaunchConsumer.java:26) [modlauncher-11.0.5.jar%23128!/:?]
	at MC-BOOTSTRAP/cpw.mods.modlauncher@11.0.5/cpw.mods.modlauncher.BootstrapLaunchConsumer.accept(BootstrapLaunchConsumer.java:23) [modlauncher-11.0.5.jar%23128!/:?]
	at cpw.mods.bootstraplauncher@2.0.2/cpw.mods.bootstraplauncher.BootstrapLauncher.run(BootstrapLauncher.java:210) [bootstraplauncher-2.0.2.jar:?]
	at cpw.mods.bootstraplauncher@2.0.2/cpw.mods.bootstraplauncher.BootstrapLauncher.main(BootstrapLauncher.java:69) [bootstraplauncher-2.0.2.jar:?]
	at java.base/jdk.internal.reflect.DirectMethodHandleAccessor.invoke(DirectMethodHandleAccessor.java:103) ~[?:?]
	at java.base/java.lang.reflect.Method.invoke(Method.java:580) ~[?:?]
	at net.neoforged.devlaunch.Main.main(Main.java:57) [DevLaunch-1.0.2.jar:?]
[30Sep2026 23:09:33.825] [Render thread/WARN] [net.minecraft.Util/]: Failed to execute rename .\saves\New World\level14935333465275093545.dat to .\saves\New World\level.dat
[30Sep2026 23:09:33.825] [Render thread/ERROR] [net.minecraft.Util/]: Failed to replace .\saves\New World\level.dat with .\saves\New World\level14935333465275093545.dat, retrying 2/10
[30Sep2026 23:09:33.860] [Server thread/INFO] [net.minecraft.client.server.IntegratedServer/]: Starting integrated minecraft server version 1.21.1
[30Sep2026 23:09:33.860] [Server thread/INFO] [net.minecraft.server.MinecraftServer/]: Generating keypair
[30Sep2026 23:09:34.083] [Server thread/INFO] [net.minecraft.server.MinecraftServer/]: Preparing start region for dimension minecraft:overworld
[30Sep2026 23:09:34.258] [progressListener/INFO] [net.minecraft.server.level.progress.LoggerChunkProgressListener/]: Preparing spawn area: 0%
[30Sep2026 23:09:34.311] [Server thread/INFO] [net.neoforged.neoforge.server.permission.PermissionAPI/]: Successfully initialized permission handler neoforge:default_handler
[30Sep2026 23:09:34.318] [progressListener/INFO] [net.minecraft.server.level.progress.LoggerChunkProgressListener/]: Time elapsed: 230 ms
[30Sep2026 23:09:34.387] [Server thread/INFO] [net.minecraft.client.server.IntegratedServer/]: Changing view distance to 12, from 10
[30Sep2026 23:09:34.388] [Server thread/INFO] [net.minecraft.client.server.IntegratedServer/]: Changing simulation distance to 12, from 0
[30Sep2026 23:09:35.051] [Server thread/INFO] [net.minecraft.server.players.PlayerList/]: Dev[local:E:4cbfd722] logged in with entity id 3 at (-11.182617462436472, -60.0, -58.30765850641211)
[30Sep2026 23:09:35.120] [Server thread/INFO] [net.minecraft.server.MinecraftServer/]: Dev joined the game
[30Sep2026 23:09:38.818] [Render thread/INFO] [net.minecraft.advancements.AdvancementTree/]: Loaded 44 advancements
[30Sep2026 23:10:05.951] [Server thread/INFO] [net.minecraft.server.MinecraftServer/]: [Dev: Applied effect Strength to Dev]
[30Sep2026 23:10:06.053] [Render thread/INFO] [net.minecraft.client.gui.components.ChatComponent/]: [System] [CHAT] Applied effect Strength to Dev
[30Sep2026 23:10:11.279] [Server thread/INFO] [net.minecraft.server.MinecraftServer/]: [Dev: Set own game mode to Creative Mode]
[30Sep2026 23:10:11.281] [Render thread/INFO] [net.minecraft.client.gui.components.ChatComponent/]: [System] [CHAT] Set own game mode to Creative Mode
[30Sep2026 23:10:16.921] [Server thread/INFO] [net.minecraft.server.MinecraftServer/]: [Dev: Set own game mode to Survival Mode]
[30Sep2026 23:10:16.926] [Render thread/INFO] [net.minecraft.client.gui.components.ChatComponent/]: [System] [CHAT] Set own game mode to Survival Mode
[30Sep2026 23:10:37.102] [Server thread/INFO] [net.minecraft.server.MinecraftServer/]: [Dev: Applied effect Strength to Dev]
[30Sep2026 23:10:37.106] [Render thread/INFO] [net.minecraft.client.gui.components.ChatComponent/]: [System] [CHAT] Applied effect Strength to Dev
[30Sep2026 23:10:46.614] [Server thread/INFO] [net.minecraft.client.server.IntegratedServer/]: Saving and pausing game...
[30Sep2026 23:10:46.655] [Server thread/ERROR] [net.minecraft.Util/]: Failed to rename
java.nio.file.FileSystemException: .\saves\New World\playerdata\380df991-f603-344c-a090-369bad2a924a-4874829897122080325.dat -> .\saves\New World\playerdata\380df991-f603-344c-a090-369bad2a924a.dat: The process cannot access the file because it is being used by another process
	at java.base/sun.nio.fs.WindowsException.translateToIOException(WindowsException.java:92) ~[?:?]
	at java.base/sun.nio.fs.WindowsException.rethrowAsIOException(WindowsException.java:103) ~[?:?]
	at java.base/sun.nio.fs.WindowsFileCopy.move(WindowsFileCopy.java:414) ~[?:?]
	at java.base/sun.nio.fs.WindowsFileSystemProvider.move(WindowsFileSystemProvider.java:291) ~[?:?]
	at java.base/java.nio.file.Files.move(Files.java:1431) ~[?:?]
	at TRANSFORMER/minecraft@1.21.1/net.minecraft.Util$3.getAsBoolean(Util.java:592) ~[neoforge-21.1.252.jar%23189!/:?]
	at TRANSFORMER/minecraft@1.21.1/net.minecraft.Util.executeInSequence(Util.java:657) ~[neoforge-21.1.252.jar%23189!/:?]
	at TRANSFORMER/minecraft@1.21.1/net.minecraft.Util.runWithRetries(Util.java:668) ~[neoforge-21.1.252.jar%23189!/:?]
	at TRANSFORMER/minecraft@1.21.1/net.minecraft.Util.safeReplaceOrMoveFile(Util.java:691) ~[neoforge-21.1.252.jar%23189!/:?]
	at TRANSFORMER/minecraft@1.21.1/net.minecraft.Util.safeReplaceFile(Util.java:680) ~[neoforge-21.1.252.jar%23189!/:?]
	at TRANSFORMER/minecraft@1.21.1/net.minecraft.world.level.storage.PlayerDataStorage.save(PlayerDataStorage.java:41) ~[neoforge-21.1.252.jar%23189!/:?]
	at TRANSFORMER/minecraft@1.21.1/net.minecraft.server.players.PlayerList.save(PlayerList.java:354) ~[neoforge-21.1.252.jar%23189!/:?]
	at TRANSFORMER/minecraft@1.21.1/net.minecraft.client.server.IntegratedPlayerList.save(IntegratedPlayerList.java:35) ~[neoforge-21.1.252.jar%23189!/:?]
	at TRANSFORMER/minecraft@1.21.1/net.minecraft.server.players.PlayerList.saveAll(PlayerList.java:687) ~[neoforge-21.1.252.jar%23189!/:?]
	at TRANSFORMER/minecraft@1.21.1/net.minecraft.server.MinecraftServer.saveEverything(MinecraftServer.java:575) ~[neoforge-21.1.252.jar%23189!/:?]
	at TRANSFORMER/minecraft@1.21.1/net.minecraft.client.server.IntegratedServer.saveEverything(IntegratedServer.java:315) ~[neoforge-21.1.252.jar%23189!/:?]
	at TRANSFORMER/minecraft@1.21.1/net.minecraft.client.server.IntegratedServer.tickServer(IntegratedServer.java:101) ~[neoforge-21.1.252.jar%23189!/:?]
	at TRANSFORMER/minecraft@1.21.1/net.minecraft.server.MinecraftServer.runServer(MinecraftServer.java:710) ~[neoforge-21.1.252.jar%23189!/:?]
	at TRANSFORMER/minecraft@1.21.1/net.minecraft.server.MinecraftServer.lambda$spin$2(MinecraftServer.java:267) ~[neoforge-21.1.252.jar%23189!/:?]
	at java.base/java.lang.Thread.run(Thread.java:1583) [?:?]
[30Sep2026 23:10:46.657] [Server thread/WARN] [net.minecraft.Util/]: Failed to execute rename .\saves\New World\playerdata\380df991-f603-344c-a090-369bad2a924a-4874829897122080325.dat to .\saves\New World\playerdata\380df991-f603-344c-a090-369bad2a924a.dat
[30Sep2026 23:10:46.657] [Server thread/ERROR] [net.minecraft.Util/]: Failed to replace .\saves\New World\playerdata\380df991-f603-344c-a090-369bad2a924a.dat with .\saves\New World\playerdata\380df991-f603-344c-a090-369bad2a924a-4874829897122080325.dat, retrying 0/10
[30Sep2026 23:10:46.657] [Server thread/ERROR] [net.minecraft.Util/]: Failed to rename
java.nio.file.FileSystemException: .\saves\New World\playerdata\380df991-f603-344c-a090-369bad2a924a-4874829897122080325.dat -> .\saves\New World\playerdata\380df991-f603-344c-a090-369bad2a924a.dat: The process cannot access the file because it is being used by another process
	at java.base/sun.nio.fs.WindowsException.translateToIOException(WindowsException.java:92) ~[?:?]
	at java.base/sun.nio.fs.WindowsException.rethrowAsIOException(WindowsException.java:103) ~[?:?]
	at java.base/sun.nio.fs.WindowsFileCopy.move(WindowsFileCopy.java:414) ~[?:?]
	at java.base/sun.nio.fs.WindowsFileSystemProvider.move(WindowsFileSystemProvider.java:291) ~[?:?]
	at java.base/java.nio.file.Files.move(Files.java:1431) ~[?:?]
	at TRANSFORMER/minecraft@1.21.1/net.minecraft.Util$3.getAsBoolean(Util.java:592) ~[neoforge-21.1.252.jar%23189!/:?]
	at TRANSFORMER/minecraft@1.21.1/net.minecraft.Util.executeInSequence(Util.java:657) ~[neoforge-21.1.252.jar%23189!/:?]
	at TRANSFORMER/minecraft@1.21.1/net.minecraft.Util.runWithRetries(Util.java:668) ~[neoforge-21.1.252.jar%23189!/:?]
	at TRANSFORMER/minecraft@1.21.1/net.minecraft.Util.safeReplaceOrMoveFile(Util.java:691) ~[neoforge-21.1.252.jar%23189!/:?]
	at TRANSFORMER/minecraft@1.21.1/net.minecraft.Util.safeReplaceFile(Util.java:680) ~[neoforge-21.1.252.jar%23189!/:?]
	at TRANSFORMER/minecraft@1.21.1/net.minecraft.world.level.storage.PlayerDataStorage.save(PlayerDataStorage.java:41) ~[neoforge-21.1.252.jar%23189!/:?]
	at TRANSFORMER/minecraft@1.21.1/net.minecraft.server.players.PlayerList.save(PlayerList.java:354) ~[neoforge-21.1.252.jar%23189!/:?]
	at TRANSFORMER/minecraft@1.21.1/net.minecraft.client.server.IntegratedPlayerList.save(IntegratedPlayerList.java:35) ~[neoforge-21.1.252.jar%23189!/:?]
	at TRANSFORMER/minecraft@1.21.1/net.minecraft.server.players.PlayerList.saveAll(PlayerList.java:687) ~[neoforge-21.1.252.jar%23189!/:?]
	at TRANSFORMER/minecraft@1.21.1/net.minecraft.server.MinecraftServer.saveEverything(MinecraftServer.java:575) ~[neoforge-21.1.252.jar%23189!/:?]
	at TRANSFORMER/minecraft@1.21.1/net.minecraft.client.server.IntegratedServer.saveEverything(IntegratedServer.java:315) ~[neoforge-21.1.252.jar%23189!/:?]
	at TRANSFORMER/minecraft@1.21.1/net.minecraft.client.server.IntegratedServer.tickServer(IntegratedServer.java:101) ~[neoforge-21.1.252.jar%23189!/:?]
	at TRANSFORMER/minecraft@1.21.1/net.minecraft.server.MinecraftServer.runServer(MinecraftServer.java:710) ~[neoforge-21.1.252.jar%23189!/:?]
	at TRANSFORMER/minecraft@1.21.1/net.minecraft.server.MinecraftServer.lambda$spin$2(MinecraftServer.java:267) ~[neoforge-21.1.252.jar%23189!/:?]
	at java.base/java.lang.Thread.run(Thread.java:1583) [?:?]
[30Sep2026 23:10:46.658] [Server thread/WARN] [net.minecraft.Util/]: Failed to execute rename .\saves\New World\playerdata\380df991-f603-344c-a090-369bad2a924a-4874829897122080325.dat to .\saves\New World\playerdata\380df991-f603-344c-a090-369bad2a924a.dat
[30Sep2026 23:10:46.658] [Server thread/ERROR] [net.minecraft.Util/]: Failed to replace .\saves\New World\playerdata\380df991-f603-344c-a090-369bad2a924a.dat with .\saves\New World\playerdata\380df991-f603-344c-a090-369bad2a924a-4874829897122080325.dat, retrying 1/10
[30Sep2026 23:10:46.659] [Server thread/ERROR] [net.minecraft.Util/]: Failed to rename
java.nio.file.FileSystemException: .\saves\New World\playerdata\380df991-f603-344c-a090-369bad2a924a-4874829897122080325.dat -> .\saves\New World\playerdata\380df991-f603-344c-a090-369bad2a924a.dat: The process cannot access the file because it is being used by another process
	at java.base/sun.nio.fs.WindowsException.translateToIOException(WindowsException.java:92) ~[?:?]
	at java.base/sun.nio.fs.WindowsException.rethrowAsIOException(WindowsException.java:103) ~[?:?]
	at java.base/sun.nio.fs.WindowsFileCopy.move(WindowsFileCopy.java:414) ~[?:?]
	at java.base/sun.nio.fs.WindowsFileSystemProvider.move(WindowsFileSystemProvider.java:291) ~[?:?]
	at java.base/java.nio.file.Files.move(Files.java:1431) ~[?:?]
	at TRANSFORMER/minecraft@1.21.1/net.minecraft.Util$3.getAsBoolean(Util.java:592) ~[neoforge-21.1.252.jar%23189!/:?]
	at TRANSFORMER/minecraft@1.21.1/net.minecraft.Util.executeInSequence(Util.java:657) ~[neoforge-21.1.252.jar%23189!/:?]
	at TRANSFORMER/minecraft@1.21.1/net.minecraft.Util.runWithRetries(Util.java:668) ~[neoforge-21.1.252.jar%23189!/:?]
	at TRANSFORMER/minecraft@1.21.1/net.minecraft.Util.safeReplaceOrMoveFile(Util.java:691) ~[neoforge-21.1.252.jar%23189!/:?]
	at TRANSFORMER/minecraft@1.21.1/net.minecraft.Util.safeReplaceFile(Util.java:680) ~[neoforge-21.1.252.jar%23189!/:?]
	at TRANSFORMER/minecraft@1.21.1/net.minecraft.world.level.storage.PlayerDataStorage.save(PlayerDataStorage.java:41) ~[neoforge-21.1.252.jar%23189!/:?]
	at TRANSFORMER/minecraft@1.21.1/net.minecraft.server.players.PlayerList.save(PlayerList.java:354) ~[neoforge-21.1.252.jar%23189!/:?]
	at TRANSFORMER/minecraft@1.21.1/net.minecraft.client.server.IntegratedPlayerList.save(IntegratedPlayerList.java:35) ~[neoforge-21.1.252.jar%23189!/:?]
	at TRANSFORMER/minecraft@1.21.1/net.minecraft.server.players.PlayerList.saveAll(PlayerList.java:687) ~[neoforge-21.1.252.jar%23189!/:?]
	at TRANSFORMER/minecraft@1.21.1/net.minecraft.server.MinecraftServer.saveEverything(MinecraftServer.java:575) ~[neoforge-21.1.252.jar%23189!/:?]
	at TRANSFORMER/minecraft@1.21.1/net.minecraft.client.server.IntegratedServer.saveEverything(IntegratedServer.java:315) ~[neoforge-21.1.252.jar%23189!/:?]
	at TRANSFORMER/minecraft@1.21.1/net.minecraft.client.server.IntegratedServer.tickServer(IntegratedServer.java:101) ~[neoforge-21.1.252.jar%23189!/:?]
	at TRANSFORMER/minecraft@1.21.1/net.minecraft.server.MinecraftServer.runServer(MinecraftServer.java:710) ~[neoforge-21.1.252.jar%23189!/:?]
	at TRANSFORMER/minecraft@1.21.1/net.minecraft.server.MinecraftServer.lambda$spin$2(MinecraftServer.java:267) ~[neoforge-21.1.252.jar%23189!/:?]
	at java.base/java.lang.Thread.run(Thread.java:1583) [?:?]
[30Sep2026 23:10:46.660] [Server thread/WARN] [net.minecraft.Util/]: Failed to execute rename .\saves\New World\playerdata\380df991-f603-344c-a090-369bad2a924a-4874829897122080325.dat to .\saves\New World\playerdata\380df991-f603-344c-a090-369bad2a924a.dat
[30Sep2026 23:10:46.660] [Server thread/ERROR] [net.minecraft.Util/]: Failed to replace .\saves\New World\playerdata\380df991-f603-344c-a090-369bad2a924a.dat with .\saves\New World\playerdata\380df991-f603-344c-a090-369bad2a924a-4874829897122080325.dat, retrying 2/10
[30Sep2026 23:10:46.661] [Server thread/ERROR] [net.minecraft.Util/]: Failed to rename
java.nio.file.FileSystemException: .\saves\New World\playerdata\380df991-f603-344c-a090-369bad2a924a-4874829897122080325.dat -> .\saves\New World\playerdata\380df991-f603-344c-a090-369bad2a924a.dat: The process cannot access the file because it is being used by another process
	at java.base/sun.nio.fs.WindowsException.translateToIOException(WindowsException.java:92) ~[?:?]
	at java.base/sun.nio.fs.WindowsException.rethrowAsIOException(WindowsException.java:103) ~[?:?]
	at java.base/sun.nio.fs.WindowsFileCopy.move(WindowsFileCopy.java:414) ~[?:?]
	at java.base/sun.nio.fs.WindowsFileSystemProvider.move(WindowsFileSystemProvider.java:291) ~[?:?]
	at java.base/java.nio.file.Files.move(Files.java:1431) ~[?:?]
	at TRANSFORMER/minecraft@1.21.1/net.minecraft.Util$3.getAsBoolean(Util.java:592) ~[neoforge-21.1.252.jar%23189!/:?]
	at TRANSFORMER/minecraft@1.21.1/net.minecraft.Util.executeInSequence(Util.java:657) ~[neoforge-21.1.252.jar%23189!/:?]
	at TRANSFORMER/minecraft@1.21.1/net.minecraft.Util.runWithRetries(Util.java:668) ~[neoforge-21.1.252.jar%23189!/:?]
	at TRANSFORMER/minecraft@1.21.1/net.minecraft.Util.safeReplaceOrMoveFile(Util.java:691) ~[neoforge-21.1.252.jar%23189!/:?]
	at TRANSFORMER/minecraft@1.21.1/net.minecraft.Util.safeReplaceFile(Util.java:680) ~[neoforge-21.1.252.jar%23189!/:?]
	at TRANSFORMER/minecraft@1.21.1/net.minecraft.world.level.storage.PlayerDataStorage.save(PlayerDataStorage.java:41) ~[neoforge-21.1.252.jar%23189!/:?]
	at TRANSFORMER/minecraft@1.21.1/net.minecraft.server.players.PlayerList.save(PlayerList.java:354) ~[neoforge-21.1.252.jar%23189!/:?]
	at TRANSFORMER/minecraft@1.21.1/net.minecraft.client.server.IntegratedPlayerList.save(IntegratedPlayerList.java:35) ~[neoforge-21.1.252.jar%23189!/:?]
	at TRANSFORMER/minecraft@1.21.1/net.minecraft.server.players.PlayerList.saveAll(PlayerList.java:687) ~[neoforge-21.1.252.jar%23189!/:?]
	at TRANSFORMER/minecraft@1.21.1/net.minecraft.server.MinecraftServer.saveEverything(MinecraftServer.java:575) ~[neoforge-21.1.252.jar%23189!/:?]
	at TRANSFORMER/minecraft@1.21.1/net.minecraft.client.server.IntegratedServer.saveEverything(IntegratedServer.java:315) ~[neoforge-21.1.252.jar%23189!/:?]
	at TRANSFORMER/minecraft@1.21.1/net.minecraft.client.server.IntegratedServer.tickServer(IntegratedServer.java:101) ~[neoforge-21.1.252.jar%23189!/:?]
	at TRANSFORMER/minecraft@1.21.1/net.minecraft.server.MinecraftServer.runServer(MinecraftServer.java:710) ~[neoforge-21.1.252.jar%23189!/:?]
	at TRANSFORMER/minecraft@1.21.1/net.minecraft.server.MinecraftServer.lambda$spin$2(MinecraftServer.java:267) ~[neoforge-21.1.252.jar%23189!/:?]
	at java.base/java.lang.Thread.run(Thread.java:1583) [?:?]
[30Sep2026 23:10:46.662] [Server thread/WARN] [net.minecraft.Util/]: Failed to execute rename .\saves\New World\playerdata\380df991-f603-344c-a090-369bad2a924a-4874829897122080325.dat to .\saves\New World\playerdata\380df991-f603-344c-a090-369bad2a924a.dat
[30Sep2026 23:10:46.662] [Server thread/ERROR] [net.minecraft.Util/]: Failed to replace .\saves\New World\playerdata\380df991-f603-344c-a090-369bad2a924a.dat with .\saves\New World\playerdata\380df991-f603-344c-a090-369bad2a924a-4874829897122080325.dat, retrying 3/10
[30Sep2026 23:10:46.662] [Server thread/ERROR] [net.minecraft.Util/]: Failed to rename
java.nio.file.FileSystemException: .\saves\New World\playerdata\380df991-f603-344c-a090-369bad2a924a-4874829897122080325.dat -> .\saves\New World\playerdata\380df991-f603-344c-a090-369bad2a924a.dat: The process cannot access the file because it is being used by another process
	at java.base/sun.nio.fs.WindowsException.translateToIOException(WindowsException.java:92) ~[?:?]
	at java.base/sun.nio.fs.WindowsException.rethrowAsIOException(WindowsException.java:103) ~[?:?]
	at java.base/sun.nio.fs.WindowsFileCopy.move(WindowsFileCopy.java:414) ~[?:?]
	at java.base/sun.nio.fs.WindowsFileSystemProvider.move(WindowsFileSystemProvider.java:291) ~[?:?]
	at java.base/java.nio.file.Files.move(Files.java:1431) ~[?:?]
	at TRANSFORMER/minecraft@1.21.1/net.minecraft.Util$3.getAsBoolean(Util.java:592) ~[neoforge-21.1.252.jar%23189!/:?]
	at TRANSFORMER/minecraft@1.21.1/net.minecraft.Util.executeInSequence(Util.java:657) ~[neoforge-21.1.252.jar%23189!/:?]
	at TRANSFORMER/minecraft@1.21.1/net.minecraft.Util.runWithRetries(Util.java:668) ~[neoforge-21.1.252.jar%23189!/:?]
	at TRANSFORMER/minecraft@1.21.1/net.minecraft.Util.safeReplaceOrMoveFile(Util.java:691) ~[neoforge-21.1.252.jar%23189!/:?]
	at TRANSFORMER/minecraft@1.21.1/net.minecraft.Util.safeReplaceFile(Util.java:680) ~[neoforge-21.1.252.jar%23189!/:?]
	at TRANSFORMER/minecraft@1.21.1/net.minecraft.world.level.storage.PlayerDataStorage.save(PlayerDataStorage.java:41) ~[neoforge-21.1.252.jar%23189!/:?]
	at TRANSFORMER/minecraft@1.21.1/net.minecraft.server.players.PlayerList.save(PlayerList.java:354) ~[neoforge-21.1.252.jar%23189!/:?]
	at TRANSFORMER/minecraft@1.21.1/net.minecraft.client.server.IntegratedPlayerList.save(IntegratedPlayerList.java:35) ~[neoforge-21.1.252.jar%23189!/:?]
	at TRANSFORMER/minecraft@1.21.1/net.minecraft.server.players.PlayerList.saveAll(PlayerList.java:687) ~[neoforge-21.1.252.jar%23189!/:?]
	at TRANSFORMER/minecraft@1.21.1/net.minecraft.server.MinecraftServer.saveEverything(MinecraftServer.java:575) ~[neoforge-21.1.252.jar%23189!/:?]
	at TRANSFORMER/minecraft@1.21.1/net.minecraft.client.server.IntegratedServer.saveEverything(IntegratedServer.java:315) ~[neoforge-21.1.252.jar%23189!/:?]
	at TRANSFORMER/minecraft@1.21.1/net.minecraft.client.server.IntegratedServer.tickServer(IntegratedServer.java:101) ~[neoforge-21.1.252.jar%23189!/:?]
	at TRANSFORMER/minecraft@1.21.1/net.minecraft.server.MinecraftServer.runServer(MinecraftServer.java:710) ~[neoforge-21.1.252.jar%23189!/:?]
	at TRANSFORMER/minecraft@1.21.1/net.minecraft.server.MinecraftServer.lambda$spin$2(MinecraftServer.java:267) ~[neoforge-21.1.252.jar%23189!/:?]
	at java.base/java.lang.Thread.run(Thread.java:1583) [?:?]
[30Sep2026 23:10:46.663] [Server thread/WARN] [net.minecraft.Util/]: Failed to execute rename .\saves\New World\playerdata\380df991-f603-344c-a090-369bad2a924a-4874829897122080325.dat to .\saves\New World\playerdata\380df991-f603-344c-a090-369bad2a924a.dat
[30Sep2026 23:10:46.663] [Server thread/ERROR] [net.minecraft.Util/]: Failed to replace .\saves\New World\playerdata\380df991-f603-344c-a090-369bad2a924a.dat with .\saves\New World\playerdata\380df991-f603-344c-a090-369bad2a924a-4874829897122080325.dat, retrying 4/10
[30Sep2026 23:10:46.672] [Server thread/INFO] [net.minecraft.server.MinecraftServer/]: Saving chunks for level 'ServerLevel[New World]'/minecraft:overworld
[30Sep2026 23:10:46.680] [Server thread/INFO] [net.minecraft.server.MinecraftServer/]: Saving chunks for level 'ServerLevel[New World]'/minecraft:the_nether
[30Sep2026 23:10:46.680] [Server thread/INFO] [net.minecraft.server.MinecraftServer/]: Saving chunks for level 'ServerLevel[New World]'/minecraft:the_end
[30Sep2026 23:10:47.177] [Server thread/ERROR] [net.minecraft.Util/]: Failed to rename
java.nio.file.FileSystemException: .\saves\New World\level6216253628525529768.dat -> .\saves\New World\level.dat: The process cannot access the file because it is being used by another process
	at java.base/sun.nio.fs.WindowsException.translateToIOException(WindowsException.java:92) ~[?:?]
	at java.base/sun.nio.fs.WindowsException.rethrowAsIOException(WindowsException.java:103) ~[?:?]
	at java.base/sun.nio.fs.WindowsFileCopy.move(WindowsFileCopy.java:414) ~[?:?]
	at java.base/sun.nio.fs.WindowsFileSystemProvider.move(WindowsFileSystemProvider.java:291) ~[?:?]
	at java.base/java.nio.file.Files.move(Files.java:1431) ~[?:?]
	at TRANSFORMER/minecraft@1.21.1/net.minecraft.Util$3.getAsBoolean(Util.java:592) ~[neoforge-21.1.252.jar%23189!/:?]
	at TRANSFORMER/minecraft@1.21.1/net.minecraft.Util.executeInSequence(Util.java:657) ~[neoforge-21.1.252.jar%23189!/:?]
	at TRANSFORMER/minecraft@1.21.1/net.minecraft.Util.runWithRetries(Util.java:668) ~[neoforge-21.1.252.jar%23189!/:?]
	at TRANSFORMER/minecraft@1.21.1/net.minecraft.Util.safeReplaceOrMoveFile(Util.java:691) ~[neoforge-21.1.252.jar%23189!/:?]
	at TRANSFORMER/minecraft@1.21.1/net.minecraft.Util.safeReplaceFile(Util.java:680) ~[neoforge-21.1.252.jar%23189!/:?]
	at TRANSFORMER/minecraft@1.21.1/net.minecraft.world.level.storage.LevelStorageSource$LevelStorageAccess.saveLevelData(LevelStorageSource.java:527) ~[neoforge-21.1.252.jar%23189!/:?]
	at TRANSFORMER/minecraft@1.21.1/net.minecraft.world.level.storage.LevelStorageSource$LevelStorageAccess.saveDataTag(LevelStorageSource.java:516) ~[neoforge-21.1.252.jar%23189!/:?]
	at TRANSFORMER/minecraft@1.21.1/net.minecraft.server.MinecraftServer.saveAllChunks(MinecraftServer.java:559) ~[neoforge-21.1.252.jar%23189!/:?]
	at TRANSFORMER/minecraft@1.21.1/net.minecraft.server.MinecraftServer.saveEverything(MinecraftServer.java:576) ~[neoforge-21.1.252.jar%23189!/:?]
	at TRANSFORMER/minecraft@1.21.1/net.minecraft.client.server.IntegratedServer.saveEverything(IntegratedServer.java:315) ~[neoforge-21.1.252.jar%23189!/:?]
	at TRANSFORMER/minecraft@1.21.1/net.minecraft.client.server.IntegratedServer.tickServer(IntegratedServer.java:101) ~[neoforge-21.1.252.jar%23189!/:?]
	at TRANSFORMER/minecraft@1.21.1/net.minecraft.server.MinecraftServer.runServer(MinecraftServer.java:710) ~[neoforge-21.1.252.jar%23189!/:?]
	at TRANSFORMER/minecraft@1.21.1/net.minecraft.server.MinecraftServer.lambda$spin$2(MinecraftServer.java:267) ~[neoforge-21.1.252.jar%23189!/:?]
	at java.base/java.lang.Thread.run(Thread.java:1583) [?:?]
[30Sep2026 23:10:47.178] [Server thread/WARN] [net.minecraft.Util/]: Failed to execute rename .\saves\New World\level6216253628525529768.dat to .\saves\New World\level.dat
[30Sep2026 23:10:47.178] [Server thread/ERROR] [net.minecraft.Util/]: Failed to replace .\saves\New World\level.dat with .\saves\New World\level6216253628525529768.dat, retrying 0/10
[30Sep2026 23:10:47.178] [Server thread/ERROR] [net.minecraft.Util/]: Failed to rename
java.nio.file.FileSystemException: .\saves\New World\level6216253628525529768.dat -> .\saves\New World\level.dat: The process cannot access the file because it is being used by another process
	at java.base/sun.nio.fs.WindowsException.translateToIOException(WindowsException.java:92) ~[?:?]
	at java.base/sun.nio.fs.WindowsException.rethrowAsIOException(WindowsException.java:103) ~[?:?]
	at java.base/sun.nio.fs.WindowsFileCopy.move(WindowsFileCopy.java:414) ~[?:?]
	at java.base/sun.nio.fs.WindowsFileSystemProvider.move(WindowsFileSystemProvider.java:291) ~[?:?]
	at java.base/java.nio.file.Files.move(Files.java:1431) ~[?:?]
	at TRANSFORMER/minecraft@1.21.1/net.minecraft.Util$3.getAsBoolean(Util.java:592) ~[neoforge-21.1.252.jar%23189!/:?]
	at TRANSFORMER/minecraft@1.21.1/net.minecraft.Util.executeInSequence(Util.java:657) ~[neoforge-21.1.252.jar%23189!/:?]
	at TRANSFORMER/minecraft@1.21.1/net.minecraft.Util.runWithRetries(Util.java:668) ~[neoforge-21.1.252.jar%23189!/:?]
	at TRANSFORMER/minecraft@1.21.1/net.minecraft.Util.safeReplaceOrMoveFile(Util.java:691) ~[neoforge-21.1.252.jar%23189!/:?]
	at TRANSFORMER/minecraft@1.21.1/net.minecraft.Util.safeReplaceFile(Util.java:680) ~[neoforge-21.1.252.jar%23189!/:?]
	at TRANSFORMER/minecraft@1.21.1/net.minecraft.world.level.storage.LevelStorageSource$LevelStorageAccess.saveLevelData(LevelStorageSource.java:527) ~[neoforge-21.1.252.jar%23189!/:?]
	at TRANSFORMER/minecraft@1.21.1/net.minecraft.world.level.storage.LevelStorageSource$LevelStorageAccess.saveDataTag(LevelStorageSource.java:516) ~[neoforge-21.1.252.jar%23189!/:?]
	at TRANSFORMER/minecraft@1.21.1/net.minecraft.server.MinecraftServer.saveAllChunks(MinecraftServer.java:559) ~[neoforge-21.1.252.jar%23189!/:?]
	at TRANSFORMER/minecraft@1.21.1/net.minecraft.server.MinecraftServer.saveEverything(MinecraftServer.java:576) ~[neoforge-21.1.252.jar%23189!/:?]
	at TRANSFORMER/minecraft@1.21.1/net.minecraft.client.server.IntegratedServer.saveEverything(IntegratedServer.java:315) ~[neoforge-21.1.252.jar%23189!/:?]
	at TRANSFORMER/minecraft@1.21.1/net.minecraft.client.server.IntegratedServer.tickServer(IntegratedServer.java:101) ~[neoforge-21.1.252.jar%23189!/:?]
	at TRANSFORMER/minecraft@1.21.1/net.minecraft.server.MinecraftServer.runServer(MinecraftServer.java:710) ~[neoforge-21.1.252.jar%23189!/:?]
	at TRANSFORMER/minecraft@1.21.1/net.minecraft.server.MinecraftServer.lambda$spin$2(MinecraftServer.java:267) ~[neoforge-21.1.252.jar%23189!/:?]
	at java.base/java.lang.Thread.run(Thread.java:1583) [?:?]
[30Sep2026 23:10:47.178] [Server thread/WARN] [net.minecraft.Util/]: Failed to execute rename .\saves\New World\level6216253628525529768.dat to .\saves\New World\level.dat
[30Sep2026 23:10:47.178] [Server thread/ERROR] [net.minecraft.Util/]: Failed to replace .\saves\New World\level.dat with .\saves\New World\level6216253628525529768.dat, retrying 1/10
[30Sep2026 23:10:47.179] [Server thread/ERROR] [net.minecraft.Util/]: Failed to rename
java.nio.file.FileSystemException: .\saves\New World\level6216253628525529768.dat -> .\saves\New World\level.dat: The process cannot access the file because it is being used by another process
	at java.base/sun.nio.fs.WindowsException.translateToIOException(WindowsException.java:92) ~[?:?]
	at java.base/sun.nio.fs.WindowsException.rethrowAsIOException(WindowsException.java:103) ~[?:?]
	at java.base/sun.nio.fs.WindowsFileCopy.move(WindowsFileCopy.java:414) ~[?:?]
	at java.base/sun.nio.fs.WindowsFileSystemProvider.move(WindowsFileSystemProvider.java:291) ~[?:?]
	at java.base/java.nio.file.Files.move(Files.java:1431) ~[?:?]
	at TRANSFORMER/minecraft@1.21.1/net.minecraft.Util$3.getAsBoolean(Util.java:592) ~[neoforge-21.1.252.jar%23189!/:?]
	at TRANSFORMER/minecraft@1.21.1/net.minecraft.Util.executeInSequence(Util.java:657) ~[neoforge-21.1.252.jar%23189!/:?]
	at TRANSFORMER/minecraft@1.21.1/net.minecraft.Util.runWithRetries(Util.java:668) ~[neoforge-21.1.252.jar%23189!/:?]
	at TRANSFORMER/minecraft@1.21.1/net.minecraft.Util.safeReplaceOrMoveFile(Util.java:691) ~[neoforge-21.1.252.jar%23189!/:?]
	at TRANSFORMER/minecraft@1.21.1/net.minecraft.Util.safeReplaceFile(Util.java:680) ~[neoforge-21.1.252.jar%23189!/:?]
	at TRANSFORMER/minecraft@1.21.1/net.minecraft.world.level.storage.LevelStorageSource$LevelStorageAccess.saveLevelData(LevelStorageSource.java:527) ~[neoforge-21.1.252.jar%23189!/:?]
	at TRANSFORMER/minecraft@1.21.1/net.minecraft.world.level.storage.LevelStorageSource$LevelStorageAccess.saveDataTag(LevelStorageSource.java:516) ~[neoforge-21.1.252.jar%23189!/:?]
	at TRANSFORMER/minecraft@1.21.1/net.minecraft.server.MinecraftServer.saveAllChunks(MinecraftServer.java:559) ~[neoforge-21.1.252.jar%23189!/:?]
	at TRANSFORMER/minecraft@1.21.1/net.minecraft.server.MinecraftServer.saveEverything(MinecraftServer.java:576) ~[neoforge-21.1.252.jar%23189!/:?]
	at TRANSFORMER/minecraft@1.21.1/net.minecraft.client.server.IntegratedServer.saveEverything(IntegratedServer.java:315) ~[neoforge-21.1.252.jar%23189!/:?]
	at TRANSFORMER/minecraft@1.21.1/net.minecraft.client.server.IntegratedServer.tickServer(IntegratedServer.java:101) ~[neoforge-21.1.252.jar%23189!/:?]
	at TRANSFORMER/minecraft@1.21.1/net.minecraft.server.MinecraftServer.runServer(MinecraftServer.java:710) ~[neoforge-21.1.252.jar%23189!/:?]
	at TRANSFORMER/minecraft@1.21.1/net.minecraft.server.MinecraftServer.lambda$spin$2(MinecraftServer.java:267) ~[neoforge-21.1.252.jar%23189!/:?]
	at java.base/java.lang.Thread.run(Thread.java:1583) [?:?]
[30Sep2026 23:10:47.179] [Server thread/WARN] [net.minecraft.Util/]: Failed to execute rename .\saves\New World\level6216253628525529768.dat to .\saves\New World\level.dat
[30Sep2026 23:10:47.179] [Server thread/ERROR] [net.minecraft.Util/]: Failed to replace .\saves\New World\level.dat with .\saves\New World\level6216253628525529768.dat, retrying 2/10
[30Sep2026 23:10:47.179] [Server thread/ERROR] [net.minecraft.Util/]: Failed to rename
java.nio.file.FileSystemException: .\saves\New World\level6216253628525529768.dat -> .\saves\New World\level.dat: The process cannot access the file because it is being used by another process
	at java.base/sun.nio.fs.WindowsException.translateToIOException(WindowsException.java:92) ~[?:?]
	at java.base/sun.nio.fs.WindowsException.rethrowAsIOException(WindowsException.java:103) ~[?:?]
	at java.base/sun.nio.fs.WindowsFileCopy.move(WindowsFileCopy.java:414) ~[?:?]
	at java.base/sun.nio.fs.WindowsFileSystemProvider.move(WindowsFileSystemProvider.java:291) ~[?:?]
	at java.base/java.nio.file.Files.move(Files.java:1431) ~[?:?]
	at TRANSFORMER/minecraft@1.21.1/net.minecraft.Util$3.getAsBoolean(Util.java:592) ~[neoforge-21.1.252.jar%23189!/:?]
	at TRANSFORMER/minecraft@1.21.1/net.minecraft.Util.executeInSequence(Util.java:657) ~[neoforge-21.1.252.jar%23189!/:?]
	at TRANSFORMER/minecraft@1.21.1/net.minecraft.Util.runWithRetries(Util.java:668) ~[neoforge-21.1.252.jar%23189!/:?]
	at TRANSFORMER/minecraft@1.21.1/net.minecraft.Util.safeReplaceOrMoveFile(Util.java:691) ~[neoforge-21.1.252.jar%23189!/:?]
	at TRANSFORMER/minecraft@1.21.1/net.minecraft.Util.safeReplaceFile(Util.java:680) ~[neoforge-21.1.252.jar%23189!/:?]
	at TRANSFORMER/minecraft@1.21.1/net.minecraft.world.level.storage.LevelStorageSource$LevelStorageAccess.saveLevelData(LevelStorageSource.java:527) ~[neoforge-21.1.252.jar%23189!/:?]
	at TRANSFORMER/minecraft@1.21.1/net.minecraft.world.level.storage.LevelStorageSource$LevelStorageAccess.saveDataTag(LevelStorageSource.java:516) ~[neoforge-21.1.252.jar%23189!/:?]
	at TRANSFORMER/minecraft@1.21.1/net.minecraft.server.MinecraftServer.saveAllChunks(MinecraftServer.java:559) ~[neoforge-21.1.252.jar%23189!/:?]
	at TRANSFORMER/minecraft@1.21.1/net.minecraft.server.MinecraftServer.saveEverything(MinecraftServer.java:576) ~[neoforge-21.1.252.jar%23189!/:?]
	at TRANSFORMER/minecraft@1.21.1/net.minecraft.client.server.IntegratedServer.saveEverything(IntegratedServer.java:315) ~[neoforge-21.1.252.jar%23189!/:?]
	at TRANSFORMER/minecraft@1.21.1/net.minecraft.client.server.IntegratedServer.tickServer(IntegratedServer.java:101) ~[neoforge-21.1.252.jar%23189!/:?]
	at TRANSFORMER/minecraft@1.21.1/net.minecraft.server.MinecraftServer.runServer(MinecraftServer.java:710) ~[neoforge-21.1.252.jar%23189!/:?]
	at TRANSFORMER/minecraft@1.21.1/net.minecraft.server.MinecraftServer.lambda$spin$2(MinecraftServer.java:267) ~[neoforge-21.1.252.jar%23189!/:?]
	at java.base/java.lang.Thread.run(Thread.java:1583) [?:?]
[30Sep2026 23:10:47.180] [Server thread/WARN] [net.minecraft.Util/]: Failed to execute rename .\saves\New World\level6216253628525529768.dat to .\saves\New World\level.dat
[30Sep2026 23:10:47.180] [Server thread/ERROR] [net.minecraft.Util/]: Failed to replace .\saves\New World\level.dat with .\saves\New World\level6216253628525529768.dat, retrying 3/10
[30Sep2026 23:10:47.180] [Server thread/ERROR] [net.minecraft.Util/]: Failed to rename
java.nio.file.FileSystemException: .\saves\New World\level6216253628525529768.dat -> .\saves\New World\level.dat: The process cannot access the file because it is being used by another process
	at java.base/sun.nio.fs.WindowsException.translateToIOException(WindowsException.java:92) ~[?:?]
	at java.base/sun.nio.fs.WindowsException.rethrowAsIOException(WindowsException.java:103) ~[?:?]
	at java.base/sun.nio.fs.WindowsFileCopy.move(WindowsFileCopy.java:414) ~[?:?]
	at java.base/sun.nio.fs.WindowsFileSystemProvider.move(WindowsFileSystemProvider.java:291) ~[?:?]
	at java.base/java.nio.file.Files.move(Files.java:1431) ~[?:?]
	at TRANSFORMER/minecraft@1.21.1/net.minecraft.Util$3.getAsBoolean(Util.java:592) ~[neoforge-21.1.252.jar%23189!/:?]
	at TRANSFORMER/minecraft@1.21.1/net.minecraft.Util.executeInSequence(Util.java:657) ~[neoforge-21.1.252.jar%23189!/:?]
	at TRANSFORMER/minecraft@1.21.1/net.minecraft.Util.runWithRetries(Util.java:668) ~[neoforge-21.1.252.jar%23189!/:?]
	at TRANSFORMER/minecraft@1.21.1/net.minecraft.Util.safeReplaceOrMoveFile(Util.java:691) ~[neoforge-21.1.252.jar%23189!/:?]
	at TRANSFORMER/minecraft@1.21.1/net.minecraft.Util.safeReplaceFile(Util.java:680) ~[neoforge-21.1.252.jar%23189!/:?]
	at TRANSFORMER/minecraft@1.21.1/net.minecraft.world.level.storage.LevelStorageSource$LevelStorageAccess.saveLevelData(LevelStorageSource.java:527) ~[neoforge-21.1.252.jar%23189!/:?]
	at TRANSFORMER/minecraft@1.21.1/net.minecraft.world.level.storage.LevelStorageSource$LevelStorageAccess.saveDataTag(LevelStorageSource.java:516) ~[neoforge-21.1.252.jar%23189!/:?]
	at TRANSFORMER/minecraft@1.21.1/net.minecraft.server.MinecraftServer.saveAllChunks(MinecraftServer.java:559) ~[neoforge-21.1.252.jar%23189!/:?]
	at TRANSFORMER/minecraft@1.21.1/net.minecraft.server.MinecraftServer.saveEverything(MinecraftServer.java:576) ~[neoforge-21.1.252.jar%23189!/:?]
	at TRANSFORMER/minecraft@1.21.1/net.minecraft.client.server.IntegratedServer.saveEverything(IntegratedServer.java:315) ~[neoforge-21.1.252.jar%23189!/:?]
	at TRANSFORMER/minecraft@1.21.1/net.minecraft.client.server.IntegratedServer.tickServer(IntegratedServer.java:101) ~[neoforge-21.1.252.jar%23189!/:?]
	at TRANSFORMER/minecraft@1.21.1/net.minecraft.server.MinecraftServer.runServer(MinecraftServer.java:710) ~[neoforge-21.1.252.jar%23189!/:?]
	at TRANSFORMER/minecraft@1.21.1/net.minecraft.server.MinecraftServer.lambda$spin$2(MinecraftServer.java:267) ~[neoforge-21.1.252.jar%23189!/:?]
	at java.base/java.lang.Thread.run(Thread.java:1583) [?:?]
[30Sep2026 23:10:47.181] [Server thread/WARN] [net.minecraft.Util/]: Failed to execute rename .\saves\New World\level6216253628525529768.dat to .\saves\New World\level.dat
[30Sep2026 23:10:47.181] [Server thread/ERROR] [net.minecraft.Util/]: Failed to replace .\saves\New World\level.dat with .\saves\New World\level6216253628525529768.dat, retrying 4/10
[30Sep2026 23:10:47.181] [Server thread/ERROR] [net.minecraft.Util/]: Failed to rename
java.nio.file.FileSystemException: .\saves\New World\level6216253628525529768.dat -> .\saves\New World\level.dat: The process cannot access the file because it is being used by another process
	at java.base/sun.nio.fs.WindowsException.translateToIOException(WindowsException.java:92) ~[?:?]
	at java.base/sun.nio.fs.WindowsException.rethrowAsIOException(WindowsException.java:103) ~[?:?]
	at java.base/sun.nio.fs.WindowsFileCopy.move(WindowsFileCopy.java:414) ~[?:?]
	at java.base/sun.nio.fs.WindowsFileSystemProvider.move(WindowsFileSystemProvider.java:291) ~[?:?]
	at java.base/java.nio.file.Files.move(Files.java:1431) ~[?:?]
	at TRANSFORMER/minecraft@1.21.1/net.minecraft.Util$3.getAsBoolean(Util.java:592) ~[neoforge-21.1.252.jar%23189!/:?]
	at TRANSFORMER/minecraft@1.21.1/net.minecraft.Util.executeInSequence(Util.java:657) ~[neoforge-21.1.252.jar%23189!/:?]
	at TRANSFORMER/minecraft@1.21.1/net.minecraft.Util.runWithRetries(Util.java:668) ~[neoforge-21.1.252.jar%23189!/:?]
	at TRANSFORMER/minecraft@1.21.1/net.minecraft.Util.safeReplaceOrMoveFile(Util.java:691) ~[neoforge-21.1.252.jar%23189!/:?]
	at TRANSFORMER/minecraft@1.21.1/net.minecraft.Util.safeReplaceFile(Util.java:680) ~[neoforge-21.1.252.jar%23189!/:?]
	at TRANSFORMER/minecraft@1.21.1/net.minecraft.world.level.storage.LevelStorageSource$LevelStorageAccess.saveLevelData(LevelStorageSource.java:527) ~[neoforge-21.1.252.jar%23189!/:?]
	at TRANSFORMER/minecraft@1.21.1/net.minecraft.world.level.storage.LevelStorageSource$LevelStorageAccess.saveDataTag(LevelStorageSource.java:516) ~[neoforge-21.1.252.jar%23189!/:?]
	at TRANSFORMER/minecraft@1.21.1/net.minecraft.server.MinecraftServer.saveAllChunks(MinecraftServer.java:559) ~[neoforge-21.1.252.jar%23189!/:?]
	at TRANSFORMER/minecraft@1.21.1/net.minecraft.server.MinecraftServer.saveEverything(MinecraftServer.java:576) ~[neoforge-21.1.252.jar%23189!/:?]
	at TRANSFORMER/minecraft@1.21.1/net.minecraft.client.server.IntegratedServer.saveEverything(IntegratedServer.java:315) ~[neoforge-21.1.252.jar%23189!/:?]
	at TRANSFORMER/minecraft@1.21.1/net.minecraft.client.server.IntegratedServer.tickServer(IntegratedServer.java:101) ~[neoforge-21.1.252.jar%23189!/:?]
	at TRANSFORMER/minecraft@1.21.1/net.minecraft.server.MinecraftServer.runServer(MinecraftServer.java:710) ~[neoforge-21.1.252.jar%23189!/:?]
	at TRANSFORMER/minecraft@1.21.1/net.minecraft.server.MinecraftServer.lambda$spin$2(MinecraftServer.java:267) ~[neoforge-21.1.252.jar%23189!/:?]
	at java.base/java.lang.Thread.run(Thread.java:1583) [?:?]
[30Sep2026 23:10:47.181] [Server thread/WARN] [net.minecraft.Util/]: Failed to execute rename .\saves\New World\level6216253628525529768.dat to .\saves\New World\level.dat
[30Sep2026 23:10:47.181] [Server thread/ERROR] [net.minecraft.Util/]: Failed to replace .\saves\New World\level.dat with .\saves\New World\level6216253628525529768.dat, retrying 5/10
[30Sep2026 23:10:47.182] [Server thread/ERROR] [net.minecraft.Util/]: Failed to rename
java.nio.file.FileSystemException: .\saves\New World\level6216253628525529768.dat -> .\saves\New World\level.dat: The process cannot access the file because it is being used by another process
	at java.base/sun.nio.fs.WindowsException.translateToIOException(WindowsException.java:92) ~[?:?]
	at java.base/sun.nio.fs.WindowsException.rethrowAsIOException(WindowsException.java:103) ~[?:?]
	at java.base/sun.nio.fs.WindowsFileCopy.move(WindowsFileCopy.java:414) ~[?:?]
	at java.base/sun.nio.fs.WindowsFileSystemProvider.move(WindowsFileSystemProvider.java:291) ~[?:?]
	at java.base/java.nio.file.Files.move(Files.java:1431) ~[?:?]
	at TRANSFORMER/minecraft@1.21.1/net.minecraft.Util$3.getAsBoolean(Util.java:592) ~[neoforge-21.1.252.jar%23189!/:?]
	at TRANSFORMER/minecraft@1.21.1/net.minecraft.Util.executeInSequence(Util.java:657) ~[neoforge-21.1.252.jar%23189!/:?]
	at TRANSFORMER/minecraft@1.21.1/net.minecraft.Util.runWithRetries(Util.java:668) ~[neoforge-21.1.252.jar%23189!/:?]
	at TRANSFORMER/minecraft@1.21.1/net.minecraft.Util.safeReplaceOrMoveFile(Util.java:691) ~[neoforge-21.1.252.jar%23189!/:?]
	at TRANSFORMER/minecraft@1.21.1/net.minecraft.Util.safeReplaceFile(Util.java:680) ~[neoforge-21.1.252.jar%23189!/:?]
	at TRANSFORMER/minecraft@1.21.1/net.minecraft.world.level.storage.LevelStorageSource$LevelStorageAccess.saveLevelData(LevelStorageSource.java:527) ~[neoforge-21.1.252.jar%23189!/:?]
	at TRANSFORMER/minecraft@1.21.1/net.minecraft.world.level.storage.LevelStorageSource$LevelStorageAccess.saveDataTag(LevelStorageSource.java:516) ~[neoforge-21.1.252.jar%23189!/:?]
	at TRANSFORMER/minecraft@1.21.1/net.minecraft.server.MinecraftServer.saveAllChunks(MinecraftServer.java:559) ~[neoforge-21.1.252.jar%23189!/:?]
	at TRANSFORMER/minecraft@1.21.1/net.minecraft.server.MinecraftServer.saveEverything(MinecraftServer.java:576) ~[neoforge-21.1.252.jar%23189!/:?]
	at TRANSFORMER/minecraft@1.21.1/net.minecraft.client.server.IntegratedServer.saveEverything(IntegratedServer.java:315) ~[neoforge-21.1.252.jar%23189!/:?]
	at TRANSFORMER/minecraft@1.21.1/net.minecraft.client.server.IntegratedServer.tickServer(IntegratedServer.java:101) ~[neoforge-21.1.252.jar%23189!/:?]
	at TRANSFORMER/minecraft@1.21.1/net.minecraft.server.MinecraftServer.runServer(MinecraftServer.java:710) ~[neoforge-21.1.252.jar%23189!/:?]
	at TRANSFORMER/minecraft@1.21.1/net.minecraft.server.MinecraftServer.lambda$spin$2(MinecraftServer.java:267) ~[neoforge-21.1.252.jar%23189!/:?]
	at java.base/java.lang.Thread.run(Thread.java:1583) [?:?]
[30Sep2026 23:10:47.182] [Server thread/WARN] [net.minecraft.Util/]: Failed to execute rename .\saves\New World\level6216253628525529768.dat to .\saves\New World\level.dat
[30Sep2026 23:10:47.182] [Server thread/ERROR] [net.minecraft.Util/]: Failed to replace .\saves\New World\level.dat with .\saves\New World\level6216253628525529768.dat, retrying 6/10
[30Sep2026 23:10:47.182] [Server thread/ERROR] [net.minecraft.Util/]: Failed to rename
java.nio.file.FileSystemException: .\saves\New World\level6216253628525529768.dat -> .\saves\New World\level.dat: The process cannot access the file because it is being used by another process
	at java.base/sun.nio.fs.WindowsException.translateToIOException(WindowsException.java:92) ~[?:?]
	at java.base/sun.nio.fs.WindowsException.rethrowAsIOException(WindowsException.java:103) ~[?:?]
	at java.base/sun.nio.fs.WindowsFileCopy.move(WindowsFileCopy.java:414) ~[?:?]
	at java.base/sun.nio.fs.WindowsFileSystemProvider.move(WindowsFileSystemProvider.java:291) ~[?:?]
	at java.base/java.nio.file.Files.move(Files.java:1431) ~[?:?]
	at TRANSFORMER/minecraft@1.21.1/net.minecraft.Util$3.getAsBoolean(Util.java:592) ~[neoforge-21.1.252.jar%23189!/:?]
	at TRANSFORMER/minecraft@1.21.1/net.minecraft.Util.executeInSequence(Util.java:657) ~[neoforge-21.1.252.jar%23189!/:?]
	at TRANSFORMER/minecraft@1.21.1/net.minecraft.Util.runWithRetries(Util.java:668) ~[neoforge-21.1.252.jar%23189!/:?]
	at TRANSFORMER/minecraft@1.21.1/net.minecraft.Util.safeReplaceOrMoveFile(Util.java:691) ~[neoforge-21.1.252.jar%23189!/:?]
	at TRANSFORMER/minecraft@1.21.1/net.minecraft.Util.safeReplaceFile(Util.java:680) ~[neoforge-21.1.252.jar%23189!/:?]
	at TRANSFORMER/minecraft@1.21.1/net.minecraft.world.level.storage.LevelStorageSource$LevelStorageAccess.saveLevelData(LevelStorageSource.java:527) ~[neoforge-21.1.252.jar%23189!/:?]
	at TRANSFORMER/minecraft@1.21.1/net.minecraft.world.level.storage.LevelStorageSource$LevelStorageAccess.saveDataTag(LevelStorageSource.java:516) ~[neoforge-21.1.252.jar%23189!/:?]
	at TRANSFORMER/minecraft@1.21.1/net.minecraft.server.MinecraftServer.saveAllChunks(MinecraftServer.java:559) ~[neoforge-21.1.252.jar%23189!/:?]
	at TRANSFORMER/minecraft@1.21.1/net.minecraft.server.MinecraftServer.saveEverything(MinecraftServer.java:576) ~[neoforge-21.1.252.jar%23189!/:?]
	at TRANSFORMER/minecraft@1.21.1/net.minecraft.client.server.IntegratedServer.saveEverything(IntegratedServer.java:315) ~[neoforge-21.1.252.jar%23189!/:?]
	at TRANSFORMER/minecraft@1.21.1/net.minecraft.client.server.IntegratedServer.tickServer(IntegratedServer.java:101) ~[neoforge-21.1.252.jar%23189!/:?]
	at TRANSFORMER/minecraft@1.21.1/net.minecraft.server.MinecraftServer.runServer(MinecraftServer.java:710) ~[neoforge-21.1.252.jar%23189!/:?]
	at TRANSFORMER/minecraft@1.21.1/net.minecraft.server.MinecraftServer.lambda$spin$2(MinecraftServer.java:267) ~[neoforge-21.1.252.jar%23189!/:?]
	at java.base/java.lang.Thread.run(Thread.java:1583) [?:?]
[30Sep2026 23:10:47.183] [Server thread/WARN] [net.minecraft.Util/]: Failed to execute rename .\saves\New World\level6216253628525529768.dat to .\saves\New World\level.dat
[30Sep2026 23:10:47.183] [Server thread/ERROR] [net.minecraft.Util/]: Failed to replace .\saves\New World\level.dat with .\saves\New World\level6216253628525529768.dat, retrying 7/10
[30Sep2026 23:10:47.183] [Server thread/ERROR] [net.minecraft.Util/]: Failed to rename
java.nio.file.FileSystemException: .\saves\New World\level6216253628525529768.dat -> .\saves\New World\level.dat: The process cannot access the file because it is being used by another process
	at java.base/sun.nio.fs.WindowsException.translateToIOException(WindowsException.java:92) ~[?:?]
	at java.base/sun.nio.fs.WindowsException.rethrowAsIOException(WindowsException.java:103) ~[?:?]
	at java.base/sun.nio.fs.WindowsFileCopy.move(WindowsFileCopy.java:414) ~[?:?]
	at java.base/sun.nio.fs.WindowsFileSystemProvider.move(WindowsFileSystemProvider.java:291) ~[?:?]
	at java.base/java.nio.file.Files.move(Files.java:1431) ~[?:?]
	at TRANSFORMER/minecraft@1.21.1/net.minecraft.Util$3.getAsBoolean(Util.java:592) ~[neoforge-21.1.252.jar%23189!/:?]
	at TRANSFORMER/minecraft@1.21.1/net.minecraft.Util.executeInSequence(Util.java:657) ~[neoforge-21.1.252.jar%23189!/:?]
	at TRANSFORMER/minecraft@1.21.1/net.minecraft.Util.runWithRetries(Util.java:668) ~[neoforge-21.1.252.jar%23189!/:?]
	at TRANSFORMER/minecraft@1.21.1/net.minecraft.Util.safeReplaceOrMoveFile(Util.java:691) ~[neoforge-21.1.252.jar%23189!/:?]
	at TRANSFORMER/minecraft@1.21.1/net.minecraft.Util.safeReplaceFile(Util.java:680) ~[neoforge-21.1.252.jar%23189!/:?]
	at TRANSFORMER/minecraft@1.21.1/net.minecraft.world.level.storage.LevelStorageSource$LevelStorageAccess.saveLevelData(LevelStorageSource.java:527) ~[neoforge-21.1.252.jar%23189!/:?]
	at TRANSFORMER/minecraft@1.21.1/net.minecraft.world.level.storage.LevelStorageSource$LevelStorageAccess.saveDataTag(LevelStorageSource.java:516) ~[neoforge-21.1.252.jar%23189!/:?]
	at TRANSFORMER/minecraft@1.21.1/net.minecraft.server.MinecraftServer.saveAllChunks(MinecraftServer.java:559) ~[neoforge-21.1.252.jar%23189!/:?]
	at TRANSFORMER/minecraft@1.21.1/net.minecraft.server.MinecraftServer.saveEverything(MinecraftServer.java:576) ~[neoforge-21.1.252.jar%23189!/:?]
	at TRANSFORMER/minecraft@1.21.1/net.minecraft.client.server.IntegratedServer.saveEverything(IntegratedServer.java:315) ~[neoforge-21.1.252.jar%23189!/:?]
	at TRANSFORMER/minecraft@1.21.1/net.minecraft.client.server.IntegratedServer.tickServer(IntegratedServer.java:101) ~[neoforge-21.1.252.jar%23189!/:?]
	at TRANSFORMER/minecraft@1.21.1/net.minecraft.server.MinecraftServer.runServer(MinecraftServer.java:710) ~[neoforge-21.1.252.jar%23189!/:?]
	at TRANSFORMER/minecraft@1.21.1/net.minecraft.server.MinecraftServer.lambda$spin$2(MinecraftServer.java:267) ~[neoforge-21.1.252.jar%23189!/:?]
	at java.base/java.lang.Thread.run(Thread.java:1583) [?:?]
[30Sep2026 23:10:47.183] [Server thread/WARN] [net.minecraft.Util/]: Failed to execute rename .\saves\New World\level6216253628525529768.dat to .\saves\New World\level.dat
[30Sep2026 23:10:47.183] [Server thread/ERROR] [net.minecraft.Util/]: Failed to replace .\saves\New World\level.dat with .\saves\New World\level6216253628525529768.dat, retrying 8/10
[30Sep2026 23:10:47.184] [Server thread/ERROR] [net.minecraft.Util/]: Failed to rename
java.nio.file.FileSystemException: .\saves\New World\level6216253628525529768.dat -> .\saves\New World\level.dat: The process cannot access the file because it is being used by another process
	at java.base/sun.nio.fs.WindowsException.translateToIOException(WindowsException.java:92) ~[?:?]
	at java.base/sun.nio.fs.WindowsException.rethrowAsIOException(WindowsException.java:103) ~[?:?]
	at java.base/sun.nio.fs.WindowsFileCopy.move(WindowsFileCopy.java:414) ~[?:?]
	at java.base/sun.nio.fs.WindowsFileSystemProvider.move(WindowsFileSystemProvider.java:291) ~[?:?]
	at java.base/java.nio.file.Files.move(Files.java:1431) ~[?:?]
	at TRANSFORMER/minecraft@1.21.1/net.minecraft.Util$3.getAsBoolean(Util.java:592) ~[neoforge-21.1.252.jar%23189!/:?]
	at TRANSFORMER/minecraft@1.21.1/net.minecraft.Util.executeInSequence(Util.java:657) ~[neoforge-21.1.252.jar%23189!/:?]
	at TRANSFORMER/minecraft@1.21.1/net.minecraft.Util.runWithRetries(Util.java:668) ~[neoforge-21.1.252.jar%23189!/:?]
	at TRANSFORMER/minecraft@1.21.1/net.minecraft.Util.safeReplaceOrMoveFile(Util.java:691) ~[neoforge-21.1.252.jar%23189!/:?]
	at TRANSFORMER/minecraft@1.21.1/net.minecraft.Util.safeReplaceFile(Util.java:680) ~[neoforge-21.1.252.jar%23189!/:?]
	at TRANSFORMER/minecraft@1.21.1/net.minecraft.world.level.storage.LevelStorageSource$LevelStorageAccess.saveLevelData(LevelStorageSource.java:527) ~[neoforge-21.1.252.jar%23189!/:?]
	at TRANSFORMER/minecraft@1.21.1/net.minecraft.world.level.storage.LevelStorageSource$LevelStorageAccess.saveDataTag(LevelStorageSource.java:516) ~[neoforge-21.1.252.jar%23189!/:?]
	at TRANSFORMER/minecraft@1.21.1/net.minecraft.server.MinecraftServer.saveAllChunks(MinecraftServer.java:559) ~[neoforge-21.1.252.jar%23189!/:?]
	at TRANSFORMER/minecraft@1.21.1/net.minecraft.server.MinecraftServer.saveEverything(MinecraftServer.java:576) ~[neoforge-21.1.252.jar%23189!/:?]
	at TRANSFORMER/minecraft@1.21.1/net.minecraft.client.server.IntegratedServer.saveEverything(IntegratedServer.java:315) ~[neoforge-21.1.252.jar%23189!/:?]
	at TRANSFORMER/minecraft@1.21.1/net.minecraft.client.server.IntegratedServer.tickServer(IntegratedServer.java:101) ~[neoforge-21.1.252.jar%23189!/:?]
	at TRANSFORMER/minecraft@1.21.1/net.minecraft.server.MinecraftServer.runServer(MinecraftServer.java:710) ~[neoforge-21.1.252.jar%23189!/:?]
	at TRANSFORMER/minecraft@1.21.1/net.minecraft.server.MinecraftServer.lambda$spin$2(MinecraftServer.java:267) ~[neoforge-21.1.252.jar%23189!/:?]
	at java.base/java.lang.Thread.run(Thread.java:1583) [?:?]
[30Sep2026 23:10:47.184] [Server thread/WARN] [net.minecraft.Util/]: Failed to execute rename .\saves\New World\level6216253628525529768.dat to .\saves\New World\level.dat
[30Sep2026 23:10:47.184] [Server thread/ERROR] [net.minecraft.Util/]: Failed to replace .\saves\New World\level.dat with .\saves\New World\level6216253628525529768.dat, retrying 9/10
[30Sep2026 23:10:47.184] [Server thread/ERROR] [net.minecraft.Util/]: Failed to replace .\saves\New World\level.dat with .\saves\New World\level6216253628525529768.dat, aborting, progress might be lost
[30Sep2026 23:10:50.367] [Server thread/INFO] [net.minecraft.server.network.ServerGamePacketListenerImpl/]: Dev lost connection: Disconnected
[30Sep2026 23:10:50.367] [Server thread/INFO] [net.minecraft.server.MinecraftServer/]: Dev left the game
[30Sep2026 23:10:50.475] [Server thread/ERROR] [net.minecraft.Util/]: Failed to rename
java.nio.file.FileSystemException: .\saves\New World\playerdata\380df991-f603-344c-a090-369bad2a924a-5787236756067287114.dat -> .\saves\New World\playerdata\380df991-f603-344c-a090-369bad2a924a.dat: The process cannot access the file because it is being used by another process
	at java.base/sun.nio.fs.WindowsException.translateToIOException(WindowsException.java:92) ~[?:?]
	at java.base/sun.nio.fs.WindowsException.rethrowAsIOException(WindowsException.java:103) ~[?:?]
	at java.base/sun.nio.fs.WindowsFileCopy.move(WindowsFileCopy.java:414) ~[?:?]
	at java.base/sun.nio.fs.WindowsFileSystemProvider.move(WindowsFileSystemProvider.java:291) ~[?:?]
	at java.base/java.nio.file.Files.move(Files.java:1431) ~[?:?]
	at TRANSFORMER/minecraft@1.21.1/net.minecraft.Util$3.getAsBoolean(Util.java:592) ~[neoforge-21.1.252.jar%23189!/:?]
	at TRANSFORMER/minecraft@1.21.1/net.minecraft.Util.executeInSequence(Util.java:657) ~[neoforge-21.1.252.jar%23189!/:?]
	at TRANSFORMER/minecraft@1.21.1/net.minecraft.Util.runWithRetries(Util.java:668) ~[neoforge-21.1.252.jar%23189!/:?]
	at TRANSFORMER/minecraft@1.21.1/net.minecraft.Util.safeReplaceOrMoveFile(Util.java:691) ~[neoforge-21.1.252.jar%23189!/:?]
	at TRANSFORMER/minecraft@1.21.1/net.minecraft.Util.safeReplaceFile(Util.java:680) ~[neoforge-21.1.252.jar%23189!/:?]
	at TRANSFORMER/minecraft@1.21.1/net.minecraft.world.level.storage.PlayerDataStorage.save(PlayerDataStorage.java:41) ~[neoforge-21.1.252.jar%23189!/:?]
	at TRANSFORMER/minecraft@1.21.1/net.minecraft.server.players.PlayerList.save(PlayerList.java:354) ~[neoforge-21.1.252.jar%23189!/:?]
	at TRANSFORMER/minecraft@1.21.1/net.minecraft.client.server.IntegratedPlayerList.save(IntegratedPlayerList.java:35) ~[neoforge-21.1.252.jar%23189!/:?]
	at TRANSFORMER/minecraft@1.21.1/net.minecraft.server.players.PlayerList.remove(PlayerList.java:373) ~[neoforge-21.1.252.jar%23189!/:?]
	at TRANSFORMER/minecraft@1.21.1/net.minecraft.server.network.ServerGamePacketListenerImpl.removePlayerFromWorld(ServerGamePacketListenerImpl.java:1233) ~[neoforge-21.1.252.jar%23189!/:?]
	at TRANSFORMER/minecraft@1.21.1/net.minecraft.server.network.ServerGamePacketListenerImpl.onDisconnect(ServerGamePacketListenerImpl.java:1222) ~[neoforge-21.1.252.jar%23189!/:?]
	at TRANSFORMER/minecraft@1.21.1/net.minecraft.network.Connection.handleDisconnection(Connection.java:678) ~[neoforge-21.1.252.jar%23189!/:?]
	at TRANSFORMER/minecraft@1.21.1/net.minecraft.server.network.ServerConnectionListener.tick(ServerConnectionListener.java:187) ~[neoforge-21.1.252.jar%23189!/:?]
	at TRANSFORMER/minecraft@1.21.1/net.minecraft.server.MinecraftServer.tickChildren(MinecraftServer.java:1060) ~[neoforge-21.1.252.jar%23189!/:?]
	at TRANSFORMER/minecraft@1.21.1/net.minecraft.server.MinecraftServer.tickServer(MinecraftServer.java:926) ~[neoforge-21.1.252.jar%23189!/:?]
	at TRANSFORMER/minecraft@1.21.1/net.minecraft.client.server.IntegratedServer.tickServer(IntegratedServer.java:113) ~[neoforge-21.1.252.jar%23189!/:?]
	at TRANSFORMER/minecraft@1.21.1/net.minecraft.server.MinecraftServer.runServer(MinecraftServer.java:710) ~[neoforge-21.1.252.jar%23189!/:?]
	at TRANSFORMER/minecraft@1.21.1/net.minecraft.server.MinecraftServer.lambda$spin$2(MinecraftServer.java:267) ~[neoforge-21.1.252.jar%23189!/:?]
	at java.base/java.lang.Thread.run(Thread.java:1583) [?:?]
[30Sep2026 23:10:50.475] [Server thread/WARN] [net.minecraft.Util/]: Failed to execute rename .\saves\New World\playerdata\380df991-f603-344c-a090-369bad2a924a-5787236756067287114.dat to .\saves\New World\playerdata\380df991-f603-344c-a090-369bad2a924a.dat
[30Sep2026 23:10:50.475] [Server thread/ERROR] [net.minecraft.Util/]: Failed to replace .\saves\New World\playerdata\380df991-f603-344c-a090-369bad2a924a.dat with .\saves\New World\playerdata\380df991-f603-344c-a090-369bad2a924a-5787236756067287114.dat, retrying 0/10
[30Sep2026 23:10:50.476] [Server thread/ERROR] [net.minecraft.Util/]: Failed to rename
java.nio.file.FileSystemException: .\saves\New World\playerdata\380df991-f603-344c-a090-369bad2a924a-5787236756067287114.dat -> .\saves\New World\playerdata\380df991-f603-344c-a090-369bad2a924a.dat: The process cannot access the file because it is being used by another process
	at java.base/sun.nio.fs.WindowsException.translateToIOException(WindowsException.java:92) ~[?:?]
	at java.base/sun.nio.fs.WindowsException.rethrowAsIOException(WindowsException.java:103) ~[?:?]
	at java.base/sun.nio.fs.WindowsFileCopy.move(WindowsFileCopy.java:414) ~[?:?]
	at java.base/sun.nio.fs.WindowsFileSystemProvider.move(WindowsFileSystemProvider.java:291) ~[?:?]
	at java.base/java.nio.file.Files.move(Files.java:1431) ~[?:?]
	at TRANSFORMER/minecraft@1.21.1/net.minecraft.Util$3.getAsBoolean(Util.java:592) ~[neoforge-21.1.252.jar%23189!/:?]
	at TRANSFORMER/minecraft@1.21.1/net.minecraft.Util.executeInSequence(Util.java:657) ~[neoforge-21.1.252.jar%23189!/:?]
	at TRANSFORMER/minecraft@1.21.1/net.minecraft.Util.runWithRetries(Util.java:668) ~[neoforge-21.1.252.jar%23189!/:?]
	at TRANSFORMER/minecraft@1.21.1/net.minecraft.Util.safeReplaceOrMoveFile(Util.java:691) ~[neoforge-21.1.252.jar%23189!/:?]
	at TRANSFORMER/minecraft@1.21.1/net.minecraft.Util.safeReplaceFile(Util.java:680) ~[neoforge-21.1.252.jar%23189!/:?]
	at TRANSFORMER/minecraft@1.21.1/net.minecraft.world.level.storage.PlayerDataStorage.save(PlayerDataStorage.java:41) ~[neoforge-21.1.252.jar%23189!/:?]
	at TRANSFORMER/minecraft@1.21.1/net.minecraft.server.players.PlayerList.save(PlayerList.java:354) ~[neoforge-21.1.252.jar%23189!/:?]
	at TRANSFORMER/minecraft@1.21.1/net.minecraft.client.server.IntegratedPlayerList.save(IntegratedPlayerList.java:35) ~[neoforge-21.1.252.jar%23189!/:?]
	at TRANSFORMER/minecraft@1.21.1/net.minecraft.server.players.PlayerList.remove(PlayerList.java:373) ~[neoforge-21.1.252.jar%23189!/:?]
	at TRANSFORMER/minecraft@1.21.1/net.minecraft.server.network.ServerGamePacketListenerImpl.removePlayerFromWorld(ServerGamePacketListenerImpl.java:1233) ~[neoforge-21.1.252.jar%23189!/:?]
	at TRANSFORMER/minecraft@1.21.1/net.minecraft.server.network.ServerGamePacketListenerImpl.onDisconnect(ServerGamePacketListenerImpl.java:1222) ~[neoforge-21.1.252.jar%23189!/:?]
	at TRANSFORMER/minecraft@1.21.1/net.minecraft.network.Connection.handleDisconnection(Connection.java:678) ~[neoforge-21.1.252.jar%23189!/:?]
	at TRANSFORMER/minecraft@1.21.1/net.minecraft.server.network.ServerConnectionListener.tick(ServerConnectionListener.java:187) ~[neoforge-21.1.252.jar%23189!/:?]
	at TRANSFORMER/minecraft@1.21.1/net.minecraft.server.MinecraftServer.tickChildren(MinecraftServer.java:1060) ~[neoforge-21.1.252.jar%23189!/:?]
	at TRANSFORMER/minecraft@1.21.1/net.minecraft.server.MinecraftServer.tickServer(MinecraftServer.java:926) ~[neoforge-21.1.252.jar%23189!/:?]
	at TRANSFORMER/minecraft@1.21.1/net.minecraft.client.server.IntegratedServer.tickServer(IntegratedServer.java:113) ~[neoforge-21.1.252.jar%23189!/:?]
	at TRANSFORMER/minecraft@1.21.1/net.minecraft.server.MinecraftServer.runServer(MinecraftServer.java:710) ~[neoforge-21.1.252.jar%23189!/:?]
	at TRANSFORMER/minecraft@1.21.1/net.minecraft.server.MinecraftServer.lambda$spin$2(MinecraftServer.java:267) ~[neoforge-21.1.252.jar%23189!/:?]
	at java.base/java.lang.Thread.run(Thread.java:1583) [?:?]
[30Sep2026 23:10:50.476] [Server thread/WARN] [net.minecraft.Util/]: Failed to execute rename .\saves\New World\playerdata\380df991-f603-344c-a090-369bad2a924a-5787236756067287114.dat to .\saves\New World\playerdata\380df991-f603-344c-a090-369bad2a924a.dat
[30Sep2026 23:10:50.476] [Server thread/ERROR] [net.minecraft.Util/]: Failed to replace .\saves\New World\playerdata\380df991-f603-344c-a090-369bad2a924a.dat with .\saves\New World\playerdata\380df991-f603-344c-a090-369bad2a924a-5787236756067287114.dat, retrying 1/10
[30Sep2026 23:10:50.476] [Server thread/ERROR] [net.minecraft.Util/]: Failed to rename
java.nio.file.FileSystemException: .\saves\New World\playerdata\380df991-f603-344c-a090-369bad2a924a-5787236756067287114.dat -> .\saves\New World\playerdata\380df991-f603-344c-a090-369bad2a924a.dat: The process cannot access the file because it is being used by another process
	at java.base/sun.nio.fs.WindowsException.translateToIOException(WindowsException.java:92) ~[?:?]
	at java.base/sun.nio.fs.WindowsException.rethrowAsIOException(WindowsException.java:103) ~[?:?]
	at java.base/sun.nio.fs.WindowsFileCopy.move(WindowsFileCopy.java:414) ~[?:?]
	at java.base/sun.nio.fs.WindowsFileSystemProvider.move(WindowsFileSystemProvider.java:291) ~[?:?]
	at java.base/java.nio.file.Files.move(Files.java:1431) ~[?:?]
	at TRANSFORMER/minecraft@1.21.1/net.minecraft.Util$3.getAsBoolean(Util.java:592) ~[neoforge-21.1.252.jar%23189!/:?]
	at TRANSFORMER/minecraft@1.21.1/net.minecraft.Util.executeInSequence(Util.java:657) ~[neoforge-21.1.252.jar%23189!/:?]
	at TRANSFORMER/minecraft@1.21.1/net.minecraft.Util.runWithRetries(Util.java:668) ~[neoforge-21.1.252.jar%23189!/:?]
	at TRANSFORMER/minecraft@1.21.1/net.minecraft.Util.safeReplaceOrMoveFile(Util.java:691) ~[neoforge-21.1.252.jar%23189!/:?]
	at TRANSFORMER/minecraft@1.21.1/net.minecraft.Util.safeReplaceFile(Util.java:680) ~[neoforge-21.1.252.jar%23189!/:?]
	at TRANSFORMER/minecraft@1.21.1/net.minecraft.world.level.storage.PlayerDataStorage.save(PlayerDataStorage.java:41) ~[neoforge-21.1.252.jar%23189!/:?]
	at TRANSFORMER/minecraft@1.21.1/net.minecraft.server.players.PlayerList.save(PlayerList.java:354) ~[neoforge-21.1.252.jar%23189!/:?]
	at TRANSFORMER/minecraft@1.21.1/net.minecraft.client.server.IntegratedPlayerList.save(IntegratedPlayerList.java:35) ~[neoforge-21.1.252.jar%23189!/:?]
	at TRANSFORMER/minecraft@1.21.1/net.minecraft.server.players.PlayerList.remove(PlayerList.java:373) ~[neoforge-21.1.252.jar%23189!/:?]
	at TRANSFORMER/minecraft@1.21.1/net.minecraft.server.network.ServerGamePacketListenerImpl.removePlayerFromWorld(ServerGamePacketListenerImpl.java:1233) ~[neoforge-21.1.252.jar%23189!/:?]
	at TRANSFORMER/minecraft@1.21.1/net.minecraft.server.network.ServerGamePacketListenerImpl.onDisconnect(ServerGamePacketListenerImpl.java:1222) ~[neoforge-21.1.252.jar%23189!/:?]
	at TRANSFORMER/minecraft@1.21.1/net.minecraft.network.Connection.handleDisconnection(Connection.java:678) ~[neoforge-21.1.252.jar%23189!/:?]
	at TRANSFORMER/minecraft@1.21.1/net.minecraft.server.network.ServerConnectionListener.tick(ServerConnectionListener.java:187) ~[neoforge-21.1.252.jar%23189!/:?]
	at TRANSFORMER/minecraft@1.21.1/net.minecraft.server.MinecraftServer.tickChildren(MinecraftServer.java:1060) ~[neoforge-21.1.252.jar%23189!/:?]
	at TRANSFORMER/minecraft@1.21.1/net.minecraft.server.MinecraftServer.tickServer(MinecraftServer.java:926) ~[neoforge-21.1.252.jar%23189!/:?]
	at TRANSFORMER/minecraft@1.21.1/net.minecraft.client.server.IntegratedServer.tickServer(IntegratedServer.java:113) ~[neoforge-21.1.252.jar%23189!/:?]
	at TRANSFORMER/minecraft@1.21.1/net.minecraft.server.MinecraftServer.runServer(MinecraftServer.java:710) ~[neoforge-21.1.252.jar%23189!/:?]
	at TRANSFORMER/minecraft@1.21.1/net.minecraft.server.MinecraftServer.lambda$spin$2(MinecraftServer.java:267) ~[neoforge-21.1.252.jar%23189!/:?]
	at java.base/java.lang.Thread.run(Thread.java:1583) [?:?]
[30Sep2026 23:10:50.477] [Server thread/WARN] [net.minecraft.Util/]: Failed to execute rename .\saves\New World\playerdata\380df991-f603-344c-a090-369bad2a924a-5787236756067287114.dat to .\saves\New World\playerdata\380df991-f603-344c-a090-369bad2a924a.dat
[30Sep2026 23:10:50.477] [Server thread/ERROR] [net.minecraft.Util/]: Failed to replace .\saves\New World\playerdata\380df991-f603-344c-a090-369bad2a924a.dat with .\saves\New World\playerdata\380df991-f603-344c-a090-369bad2a924a-5787236756067287114.dat, retrying 2/10
[30Sep2026 23:10:50.477] [Server thread/ERROR] [net.minecraft.Util/]: Failed to rename
java.nio.file.FileSystemException: .\saves\New World\playerdata\380df991-f603-344c-a090-369bad2a924a-5787236756067287114.dat -> .\saves\New World\playerdata\380df991-f603-344c-a090-369bad2a924a.dat: The process cannot access the file because it is being used by another process
	at java.base/sun.nio.fs.WindowsException.translateToIOException(WindowsException.java:92) ~[?:?]
	at java.base/sun.nio.fs.WindowsException.rethrowAsIOException(WindowsException.java:103) ~[?:?]
	at java.base/sun.nio.fs.WindowsFileCopy.move(WindowsFileCopy.java:414) ~[?:?]
	at java.base/sun.nio.fs.WindowsFileSystemProvider.move(WindowsFileSystemProvider.java:291) ~[?:?]
	at java.base/java.nio.file.Files.move(Files.java:1431) ~[?:?]
	at TRANSFORMER/minecraft@1.21.1/net.minecraft.Util$3.getAsBoolean(Util.java:592) ~[neoforge-21.1.252.jar%23189!/:?]
	at TRANSFORMER/minecraft@1.21.1/net.minecraft.Util.executeInSequence(Util.java:657) ~[neoforge-21.1.252.jar%23189!/:?]
	at TRANSFORMER/minecraft@1.21.1/net.minecraft.Util.runWithRetries(Util.java:668) ~[neoforge-21.1.252.jar%23189!/:?]
	at TRANSFORMER/minecraft@1.21.1/net.minecraft.Util.safeReplaceOrMoveFile(Util.java:691) ~[neoforge-21.1.252.jar%23189!/:?]
	at TRANSFORMER/minecraft@1.21.1/net.minecraft.Util.safeReplaceFile(Util.java:680) ~[neoforge-21.1.252.jar%23189!/:?]
	at TRANSFORMER/minecraft@1.21.1/net.minecraft.world.level.storage.PlayerDataStorage.save(PlayerDataStorage.java:41) ~[neoforge-21.1.252.jar%23189!/:?]
	at TRANSFORMER/minecraft@1.21.1/net.minecraft.server.players.PlayerList.save(PlayerList.java:354) ~[neoforge-21.1.252.jar%23189!/:?]
	at TRANSFORMER/minecraft@1.21.1/net.minecraft.client.server.IntegratedPlayerList.save(IntegratedPlayerList.java:35) ~[neoforge-21.1.252.jar%23189!/:?]
	at TRANSFORMER/minecraft@1.21.1/net.minecraft.server.players.PlayerList.remove(PlayerList.java:373) ~[neoforge-21.1.252.jar%23189!/:?]
	at TRANSFORMER/minecraft@1.21.1/net.minecraft.server.network.ServerGamePacketListenerImpl.removePlayerFromWorld(ServerGamePacketListenerImpl.java:1233) ~[neoforge-21.1.252.jar%23189!/:?]
	at TRANSFORMER/minecraft@1.21.1/net.minecraft.server.network.ServerGamePacketListenerImpl.onDisconnect(ServerGamePacketListenerImpl.java:1222) ~[neoforge-21.1.252.jar%23189!/:?]
	at TRANSFORMER/minecraft@1.21.1/net.minecraft.network.Connection.handleDisconnection(Connection.java:678) ~[neoforge-21.1.252.jar%23189!/:?]
	at TRANSFORMER/minecraft@1.21.1/net.minecraft.server.network.ServerConnectionListener.tick(ServerConnectionListener.java:187) ~[neoforge-21.1.252.jar%23189!/:?]
	at TRANSFORMER/minecraft@1.21.1/net.minecraft.server.MinecraftServer.tickChildren(MinecraftServer.java:1060) ~[neoforge-21.1.252.jar%23189!/:?]
	at TRANSFORMER/minecraft@1.21.1/net.minecraft.server.MinecraftServer.tickServer(MinecraftServer.java:926) ~[neoforge-21.1.252.jar%23189!/:?]
	at TRANSFORMER/minecraft@1.21.1/net.minecraft.client.server.IntegratedServer.tickServer(IntegratedServer.java:113) ~[neoforge-21.1.252.jar%23189!/:?]
	at TRANSFORMER/minecraft@1.21.1/net.minecraft.server.MinecraftServer.runServer(MinecraftServer.java:710) ~[neoforge-21.1.252.jar%23189!/:?]
	at TRANSFORMER/minecraft@1.21.1/net.minecraft.server.MinecraftServer.lambda$spin$2(MinecraftServer.java:267) ~[neoforge-21.1.252.jar%23189!/:?]
	at java.base/java.lang.Thread.run(Thread.java:1583) [?:?]
[30Sep2026 23:10:50.478] [Server thread/WARN] [net.minecraft.Util/]: Failed to execute rename .\saves\New World\playerdata\380df991-f603-344c-a090-369bad2a924a-5787236756067287114.dat to .\saves\New World\playerdata\380df991-f603-344c-a090-369bad2a924a.dat
[30Sep2026 23:10:50.478] [Server thread/ERROR] [net.minecraft.Util/]: Failed to replace .\saves\New World\playerdata\380df991-f603-344c-a090-369bad2a924a.dat with .\saves\New World\playerdata\380df991-f603-344c-a090-369bad2a924a-5787236756067287114.dat, retrying 3/10
[30Sep2026 23:10:50.478] [Server thread/ERROR] [net.minecraft.Util/]: Failed to rename
java.nio.file.FileSystemException: .\saves\New World\playerdata\380df991-f603-344c-a090-369bad2a924a-5787236756067287114.dat -> .\saves\New World\playerdata\380df991-f603-344c-a090-369bad2a924a.dat: The process cannot access the file because it is being used by another process
	at java.base/sun.nio.fs.WindowsException.translateToIOException(WindowsException.java:92) ~[?:?]
	at java.base/sun.nio.fs.WindowsException.rethrowAsIOException(WindowsException.java:103) ~[?:?]
	at java.base/sun.nio.fs.WindowsFileCopy.move(WindowsFileCopy.java:414) ~[?:?]
	at java.base/sun.nio.fs.WindowsFileSystemProvider.move(WindowsFileSystemProvider.java:291) ~[?:?]
	at java.base/java.nio.file.Files.move(Files.java:1431) ~[?:?]
	at TRANSFORMER/minecraft@1.21.1/net.minecraft.Util$3.getAsBoolean(Util.java:592) ~[neoforge-21.1.252.jar%23189!/:?]
	at TRANSFORMER/minecraft@1.21.1/net.minecraft.Util.executeInSequence(Util.java:657) ~[neoforge-21.1.252.jar%23189!/:?]
	at TRANSFORMER/minecraft@1.21.1/net.minecraft.Util.runWithRetries(Util.java:668) ~[neoforge-21.1.252.jar%23189!/:?]
	at TRANSFORMER/minecraft@1.21.1/net.minecraft.Util.safeReplaceOrMoveFile(Util.java:691) ~[neoforge-21.1.252.jar%23189!/:?]
	at TRANSFORMER/minecraft@1.21.1/net.minecraft.Util.safeReplaceFile(Util.java:680) ~[neoforge-21.1.252.jar%23189!/:?]
	at TRANSFORMER/minecraft@1.21.1/net.minecraft.world.level.storage.PlayerDataStorage.save(PlayerDataStorage.java:41) ~[neoforge-21.1.252.jar%23189!/:?]
	at TRANSFORMER/minecraft@1.21.1/net.minecraft.server.players.PlayerList.save(PlayerList.java:354) ~[neoforge-21.1.252.jar%23189!/:?]
	at TRANSFORMER/minecraft@1.21.1/net.minecraft.client.server.IntegratedPlayerList.save(IntegratedPlayerList.java:35) ~[neoforge-21.1.252.jar%23189!/:?]
	at TRANSFORMER/minecraft@1.21.1/net.minecraft.server.players.PlayerList.remove(PlayerList.java:373) ~[neoforge-21.1.252.jar%23189!/:?]
	at TRANSFORMER/minecraft@1.21.1/net.minecraft.server.network.ServerGamePacketListenerImpl.removePlayerFromWorld(ServerGamePacketListenerImpl.java:1233) ~[neoforge-21.1.252.jar%23189!/:?]
	at TRANSFORMER/minecraft@1.21.1/net.minecraft.server.network.ServerGamePacketListenerImpl.onDisconnect(ServerGamePacketListenerImpl.java:1222) ~[neoforge-21.1.252.jar%23189!/:?]
	at TRANSFORMER/minecraft@1.21.1/net.minecraft.network.Connection.handleDisconnection(Connection.java:678) ~[neoforge-21.1.252.jar%23189!/:?]
	at TRANSFORMER/minecraft@1.21.1/net.minecraft.server.network.ServerConnectionListener.tick(ServerConnectionListener.java:187) ~[neoforge-21.1.252.jar%23189!/:?]
	at TRANSFORMER/minecraft@1.21.1/net.minecraft.server.MinecraftServer.tickChildren(MinecraftServer.java:1060) ~[neoforge-21.1.252.jar%23189!/:?]
	at TRANSFORMER/minecraft@1.21.1/net.minecraft.server.MinecraftServer.tickServer(MinecraftServer.java:926) ~[neoforge-21.1.252.jar%23189!/:?]
	at TRANSFORMER/minecraft@1.21.1/net.minecraft.client.server.IntegratedServer.tickServer(IntegratedServer.java:113) ~[neoforge-21.1.252.jar%23189!/:?]
	at TRANSFORMER/minecraft@1.21.1/net.minecraft.server.MinecraftServer.runServer(MinecraftServer.java:710) ~[neoforge-21.1.252.jar%23189!/:?]
	at TRANSFORMER/minecraft@1.21.1/net.minecraft.server.MinecraftServer.lambda$spin$2(MinecraftServer.java:267) ~[neoforge-21.1.252.jar%23189!/:?]
	at java.base/java.lang.Thread.run(Thread.java:1583) [?:?]
[30Sep2026 23:10:50.478] [Server thread/WARN] [net.minecraft.Util/]: Failed to execute rename .\saves\New World\playerdata\380df991-f603-344c-a090-369bad2a924a-5787236756067287114.dat to .\saves\New World\playerdata\380df991-f603-344c-a090-369bad2a924a.dat
[30Sep2026 23:10:50.478] [Server thread/ERROR] [net.minecraft.Util/]: Failed to replace .\saves\New World\playerdata\380df991-f603-344c-a090-369bad2a924a.dat with .\saves\New World\playerdata\380df991-f603-344c-a090-369bad2a924a-5787236756067287114.dat, retrying 4/10
[30Sep2026 23:10:50.479] [Server thread/ERROR] [net.minecraft.Util/]: Failed to rename
java.nio.file.FileSystemException: .\saves\New World\playerdata\380df991-f603-344c-a090-369bad2a924a-5787236756067287114.dat -> .\saves\New World\playerdata\380df991-f603-344c-a090-369bad2a924a.dat: The process cannot access the file because it is being used by another process
	at java.base/sun.nio.fs.WindowsException.translateToIOException(WindowsException.java:92) ~[?:?]
	at java.base/sun.nio.fs.WindowsException.rethrowAsIOException(WindowsException.java:103) ~[?:?]
	at java.base/sun.nio.fs.WindowsFileCopy.move(WindowsFileCopy.java:414) ~[?:?]
	at java.base/sun.nio.fs.WindowsFileSystemProvider.move(WindowsFileSystemProvider.java:291) ~[?:?]
	at java.base/java.nio.file.Files.move(Files.java:1431) ~[?:?]
	at TRANSFORMER/minecraft@1.21.1/net.minecraft.Util$3.getAsBoolean(Util.java:592) ~[neoforge-21.1.252.jar%23189!/:?]
	at TRANSFORMER/minecraft@1.21.1/net.minecraft.Util.executeInSequence(Util.java:657) ~[neoforge-21.1.252.jar%23189!/:?]
	at TRANSFORMER/minecraft@1.21.1/net.minecraft.Util.runWithRetries(Util.java:668) ~[neoforge-21.1.252.jar%23189!/:?]
	at TRANSFORMER/minecraft@1.21.1/net.minecraft.Util.safeReplaceOrMoveFile(Util.java:691) ~[neoforge-21.1.252.jar%23189!/:?]
	at TRANSFORMER/minecraft@1.21.1/net.minecraft.Util.safeReplaceFile(Util.java:680) ~[neoforge-21.1.252.jar%23189!/:?]
	at TRANSFORMER/minecraft@1.21.1/net.minecraft.world.level.storage.PlayerDataStorage.save(PlayerDataStorage.java:41) ~[neoforge-21.1.252.jar%23189!/:?]
	at TRANSFORMER/minecraft@1.21.1/net.minecraft.server.players.PlayerList.save(PlayerList.java:354) ~[neoforge-21.1.252.jar%23189!/:?]
	at TRANSFORMER/minecraft@1.21.1/net.minecraft.client.server.IntegratedPlayerList.save(IntegratedPlayerList.java:35) ~[neoforge-21.1.252.jar%23189!/:?]
	at TRANSFORMER/minecraft@1.21.1/net.minecraft.server.players.PlayerList.remove(PlayerList.java:373) ~[neoforge-21.1.252.jar%23189!/:?]
	at TRANSFORMER/minecraft@1.21.1/net.minecraft.server.network.ServerGamePacketListenerImpl.removePlayerFromWorld(ServerGamePacketListenerImpl.java:1233) ~[neoforge-21.1.252.jar%23189!/:?]
	at TRANSFORMER/minecraft@1.21.1/net.minecraft.server.network.ServerGamePacketListenerImpl.onDisconnect(ServerGamePacketListenerImpl.java:1222) ~[neoforge-21.1.252.jar%23189!/:?]
	at TRANSFORMER/minecraft@1.21.1/net.minecraft.network.Connection.handleDisconnection(Connection.java:678) ~[neoforge-21.1.252.jar%23189!/:?]
	at TRANSFORMER/minecraft@1.21.1/net.minecraft.server.network.ServerConnectionListener.tick(ServerConnectionListener.java:187) ~[neoforge-21.1.252.jar%23189!/:?]
	at TRANSFORMER/minecraft@1.21.1/net.minecraft.server.MinecraftServer.tickChildren(MinecraftServer.java:1060) ~[neoforge-21.1.252.jar%23189!/:?]
	at TRANSFORMER/minecraft@1.21.1/net.minecraft.server.MinecraftServer.tickServer(MinecraftServer.java:926) ~[neoforge-21.1.252.jar%23189!/:?]
	at TRANSFORMER/minecraft@1.21.1/net.minecraft.client.server.IntegratedServer.tickServer(IntegratedServer.java:113) ~[neoforge-21.1.252.jar%23189!/:?]
	at TRANSFORMER/minecraft@1.21.1/net.minecraft.server.MinecraftServer.runServer(MinecraftServer.java:710) ~[neoforge-21.1.252.jar%23189!/:?]
	at TRANSFORMER/minecraft@1.21.1/net.minecraft.server.MinecraftServer.lambda$spin$2(MinecraftServer.java:267) ~[neoforge-21.1.252.jar%23189!/:?]
	at java.base/java.lang.Thread.run(Thread.java:1583) [?:?]
[30Sep2026 23:10:50.479] [Server thread/WARN] [net.minecraft.Util/]: Failed to execute rename .\saves\New World\playerdata\380df991-f603-344c-a090-369bad2a924a-5787236756067287114.dat to .\saves\New World\playerdata\380df991-f603-344c-a090-369bad2a924a.dat
[30Sep2026 23:10:50.479] [Server thread/ERROR] [net.minecraft.Util/]: Failed to replace .\saves\New World\playerdata\380df991-f603-344c-a090-369bad2a924a.dat with .\saves\New World\playerdata\380df991-f603-344c-a090-369bad2a924a-5787236756067287114.dat, retrying 5/10
[30Sep2026 23:10:50.479] [Server thread/ERROR] [net.minecraft.Util/]: Failed to rename
java.nio.file.FileSystemException: .\saves\New World\playerdata\380df991-f603-344c-a090-369bad2a924a-5787236756067287114.dat -> .\saves\New World\playerdata\380df991-f603-344c-a090-369bad2a924a.dat: The process cannot access the file because it is being used by another process
	at java.base/sun.nio.fs.WindowsException.translateToIOException(WindowsException.java:92) ~[?:?]
	at java.base/sun.nio.fs.WindowsException.rethrowAsIOException(WindowsException.java:103) ~[?:?]
	at java.base/sun.nio.fs.WindowsFileCopy.move(WindowsFileCopy.java:414) ~[?:?]
	at java.base/sun.nio.fs.WindowsFileSystemProvider.move(WindowsFileSystemProvider.java:291) ~[?:?]
	at java.base/java.nio.file.Files.move(Files.java:1431) ~[?:?]
	at TRANSFORMER/minecraft@1.21.1/net.minecraft.Util$3.getAsBoolean(Util.java:592) ~[neoforge-21.1.252.jar%23189!/:?]
	at TRANSFORMER/minecraft@1.21.1/net.minecraft.Util.executeInSequence(Util.java:657) ~[neoforge-21.1.252.jar%23189!/:?]
	at TRANSFORMER/minecraft@1.21.1/net.minecraft.Util.runWithRetries(Util.java:668) ~[neoforge-21.1.252.jar%23189!/:?]
	at TRANSFORMER/minecraft@1.21.1/net.minecraft.Util.safeReplaceOrMoveFile(Util.java:691) ~[neoforge-21.1.252.jar%23189!/:?]
	at TRANSFORMER/minecraft@1.21.1/net.minecraft.Util.safeReplaceFile(Util.java:680) ~[neoforge-21.1.252.jar%23189!/:?]
	at TRANSFORMER/minecraft@1.21.1/net.minecraft.world.level.storage.PlayerDataStorage.save(PlayerDataStorage.java:41) ~[neoforge-21.1.252.jar%23189!/:?]
	at TRANSFORMER/minecraft@1.21.1/net.minecraft.server.players.PlayerList.save(PlayerList.java:354) ~[neoforge-21.1.252.jar%23189!/:?]
	at TRANSFORMER/minecraft@1.21.1/net.minecraft.client.server.IntegratedPlayerList.save(IntegratedPlayerList.java:35) ~[neoforge-21.1.252.jar%23189!/:?]
	at TRANSFORMER/minecraft@1.21.1/net.minecraft.server.players.PlayerList.remove(PlayerList.java:373) ~[neoforge-21.1.252.jar%23189!/:?]
	at TRANSFORMER/minecraft@1.21.1/net.minecraft.server.network.ServerGamePacketListenerImpl.removePlayerFromWorld(ServerGamePacketListenerImpl.java:1233) ~[neoforge-21.1.252.jar%23189!/:?]
	at TRANSFORMER/minecraft@1.21.1/net.minecraft.server.network.ServerGamePacketListenerImpl.onDisconnect(ServerGamePacketListenerImpl.java:1222) ~[neoforge-21.1.252.jar%23189!/:?]
	at TRANSFORMER/minecraft@1.21.1/net.minecraft.network.Connection.handleDisconnection(Connection.java:678) ~[neoforge-21.1.252.jar%23189!/:?]
	at TRANSFORMER/minecraft@1.21.1/net.minecraft.server.network.ServerConnectionListener.tick(ServerConnectionListener.java:187) ~[neoforge-21.1.252.jar%23189!/:?]
	at TRANSFORMER/minecraft@1.21.1/net.minecraft.server.MinecraftServer.tickChildren(MinecraftServer.java:1060) ~[neoforge-21.1.252.jar%23189!/:?]
	at TRANSFORMER/minecraft@1.21.1/net.minecraft.server.MinecraftServer.tickServer(MinecraftServer.java:926) ~[neoforge-21.1.252.jar%23189!/:?]
	at TRANSFORMER/minecraft@1.21.1/net.minecraft.client.server.IntegratedServer.tickServer(IntegratedServer.java:113) ~[neoforge-21.1.252.jar%23189!/:?]
	at TRANSFORMER/minecraft@1.21.1/net.minecraft.server.MinecraftServer.runServer(MinecraftServer.java:710) ~[neoforge-21.1.252.jar%23189!/:?]
	at TRANSFORMER/minecraft@1.21.1/net.minecraft.server.MinecraftServer.lambda$spin$2(MinecraftServer.java:267) ~[neoforge-21.1.252.jar%23189!/:?]
	at java.base/java.lang.Thread.run(Thread.java:1583) [?:?]
[30Sep2026 23:10:50.480] [Server thread/WARN] [net.minecraft.Util/]: Failed to execute rename .\saves\New World\playerdata\380df991-f603-344c-a090-369bad2a924a-5787236756067287114.dat to .\saves\New World\playerdata\380df991-f603-344c-a090-369bad2a924a.dat
[30Sep2026 23:10:50.480] [Server thread/ERROR] [net.minecraft.Util/]: Failed to replace .\saves\New World\playerdata\380df991-f603-344c-a090-369bad2a924a.dat with .\saves\New World\playerdata\380df991-f603-344c-a090-369bad2a924a-5787236756067287114.dat, retrying 6/10
[30Sep2026 23:10:50.480] [Server thread/ERROR] [net.minecraft.Util/]: Failed to rename
java.nio.file.FileSystemException: .\saves\New World\playerdata\380df991-f603-344c-a090-369bad2a924a-5787236756067287114.dat -> .\saves\New World\playerdata\380df991-f603-344c-a090-369bad2a924a.dat: The process cannot access the file because it is being used by another process
	at java.base/sun.nio.fs.WindowsException.translateToIOException(WindowsException.java:92) ~[?:?]
	at java.base/sun.nio.fs.WindowsException.rethrowAsIOException(WindowsException.java:103) ~[?:?]
	at java.base/sun.nio.fs.WindowsFileCopy.move(WindowsFileCopy.java:414) ~[?:?]
	at java.base/sun.nio.fs.WindowsFileSystemProvider.move(WindowsFileSystemProvider.java:291) ~[?:?]
	at java.base/java.nio.file.Files.move(Files.java:1431) ~[?:?]
	at TRANSFORMER/minecraft@1.21.1/net.minecraft.Util$3.getAsBoolean(Util.java:592) ~[neoforge-21.1.252.jar%23189!/:?]
	at TRANSFORMER/minecraft@1.21.1/net.minecraft.Util.executeInSequence(Util.java:657) ~[neoforge-21.1.252.jar%23189!/:?]
	at TRANSFORMER/minecraft@1.21.1/net.minecraft.Util.runWithRetries(Util.java:668) ~[neoforge-21.1.252.jar%23189!/:?]
	at TRANSFORMER/minecraft@1.21.1/net.minecraft.Util.safeReplaceOrMoveFile(Util.java:691) ~[neoforge-21.1.252.jar%23189!/:?]
	at TRANSFORMER/minecraft@1.21.1/net.minecraft.Util.safeReplaceFile(Util.java:680) ~[neoforge-21.1.252.jar%23189!/:?]
	at TRANSFORMER/minecraft@1.21.1/net.minecraft.world.level.storage.PlayerDataStorage.save(PlayerDataStorage.java:41) ~[neoforge-21.1.252.jar%23189!/:?]
	at TRANSFORMER/minecraft@1.21.1/net.minecraft.server.players.PlayerList.save(PlayerList.java:354) ~[neoforge-21.1.252.jar%23189!/:?]
	at TRANSFORMER/minecraft@1.21.1/net.minecraft.client.server.IntegratedPlayerList.save(IntegratedPlayerList.java:35) ~[neoforge-21.1.252.jar%23189!/:?]
	at TRANSFORMER/minecraft@1.21.1/net.minecraft.server.players.PlayerList.remove(PlayerList.java:373) ~[neoforge-21.1.252.jar%23189!/:?]
	at TRANSFORMER/minecraft@1.21.1/net.minecraft.server.network.ServerGamePacketListenerImpl.removePlayerFromWorld(ServerGamePacketListenerImpl.java:1233) ~[neoforge-21.1.252.jar%23189!/:?]
	at TRANSFORMER/minecraft@1.21.1/net.minecraft.server.network.ServerGamePacketListenerImpl.onDisconnect(ServerGamePacketListenerImpl.java:1222) ~[neoforge-21.1.252.jar%23189!/:?]
	at TRANSFORMER/minecraft@1.21.1/net.minecraft.network.Connection.handleDisconnection(Connection.java:678) ~[neoforge-21.1.252.jar%23189!/:?]
	at TRANSFORMER/minecraft@1.21.1/net.minecraft.server.network.ServerConnectionListener.tick(ServerConnectionListener.java:187) ~[neoforge-21.1.252.jar%23189!/:?]
	at TRANSFORMER/minecraft@1.21.1/net.minecraft.server.MinecraftServer.tickChildren(MinecraftServer.java:1060) ~[neoforge-21.1.252.jar%23189!/:?]
	at TRANSFORMER/minecraft@1.21.1/net.minecraft.server.MinecraftServer.tickServer(MinecraftServer.java:926) ~[neoforge-21.1.252.jar%23189!/:?]
	at TRANSFORMER/minecraft@1.21.1/net.minecraft.client.server.IntegratedServer.tickServer(IntegratedServer.java:113) ~[neoforge-21.1.252.jar%23189!/:?]
	at TRANSFORMER/minecraft@1.21.1/net.minecraft.server.MinecraftServer.runServer(MinecraftServer.java:710) ~[neoforge-21.1.252.jar%23189!/:?]
	at TRANSFORMER/minecraft@1.21.1/net.minecraft.server.MinecraftServer.lambda$spin$2(MinecraftServer.java:267) ~[neoforge-21.1.252.jar%23189!/:?]
	at java.base/java.lang.Thread.run(Thread.java:1583) [?:?]
[30Sep2026 23:10:50.481] [Server thread/WARN] [net.minecraft.Util/]: Failed to execute rename .\saves\New World\playerdata\380df991-f603-344c-a090-369bad2a924a-5787236756067287114.dat to .\saves\New World\playerdata\380df991-f603-344c-a090-369bad2a924a.dat
[30Sep2026 23:10:50.481] [Server thread/ERROR] [net.minecraft.Util/]: Failed to replace .\saves\New World\playerdata\380df991-f603-344c-a090-369bad2a924a.dat with .\saves\New World\playerdata\380df991-f603-344c-a090-369bad2a924a-5787236756067287114.dat, retrying 7/10
[30Sep2026 23:10:50.481] [Server thread/ERROR] [net.minecraft.Util/]: Failed to rename
java.nio.file.FileSystemException: .\saves\New World\playerdata\380df991-f603-344c-a090-369bad2a924a-5787236756067287114.dat -> .\saves\New World\playerdata\380df991-f603-344c-a090-369bad2a924a.dat: The process cannot access the file because it is being used by another process
	at java.base/sun.nio.fs.WindowsException.translateToIOException(WindowsException.java:92) ~[?:?]
	at java.base/sun.nio.fs.WindowsException.rethrowAsIOException(WindowsException.java:103) ~[?:?]
	at java.base/sun.nio.fs.WindowsFileCopy.move(WindowsFileCopy.java:414) ~[?:?]
	at java.base/sun.nio.fs.WindowsFileSystemProvider.move(WindowsFileSystemProvider.java:291) ~[?:?]
	at java.base/java.nio.file.Files.move(Files.java:1431) ~[?:?]
	at TRANSFORMER/minecraft@1.21.1/net.minecraft.Util$3.getAsBoolean(Util.java:592) ~[neoforge-21.1.252.jar%23189!/:?]
	at TRANSFORMER/minecraft@1.21.1/net.minecraft.Util.executeInSequence(Util.java:657) ~[neoforge-21.1.252.jar%23189!/:?]
	at TRANSFORMER/minecraft@1.21.1/net.minecraft.Util.runWithRetries(Util.java:668) ~[neoforge-21.1.252.jar%23189!/:?]
	at TRANSFORMER/minecraft@1.21.1/net.minecraft.Util.safeReplaceOrMoveFile(Util.java:691) ~[neoforge-21.1.252.jar%23189!/:?]
	at TRANSFORMER/minecraft@1.21.1/net.minecraft.Util.safeReplaceFile(Util.java:680) ~[neoforge-21.1.252.jar%23189!/:?]
	at TRANSFORMER/minecraft@1.21.1/net.minecraft.world.level.storage.PlayerDataStorage.save(PlayerDataStorage.java:41) ~[neoforge-21.1.252.jar%23189!/:?]
	at TRANSFORMER/minecraft@1.21.1/net.minecraft.server.players.PlayerList.save(PlayerList.java:354) ~[neoforge-21.1.252.jar%23189!/:?]
	at TRANSFORMER/minecraft@1.21.1/net.minecraft.client.server.IntegratedPlayerList.save(IntegratedPlayerList.java:35) ~[neoforge-21.1.252.jar%23189!/:?]
	at TRANSFORMER/minecraft@1.21.1/net.minecraft.server.players.PlayerList.remove(PlayerList.java:373) ~[neoforge-21.1.252.jar%23189!/:?]
	at TRANSFORMER/minecraft@1.21.1/net.minecraft.server.network.ServerGamePacketListenerImpl.removePlayerFromWorld(ServerGamePacketListenerImpl.java:1233) ~[neoforge-21.1.252.jar%23189!/:?]
	at TRANSFORMER/minecraft@1.21.1/net.minecraft.server.network.ServerGamePacketListenerImpl.onDisconnect(ServerGamePacketListenerImpl.java:1222) ~[neoforge-21.1.252.jar%23189!/:?]
	at TRANSFORMER/minecraft@1.21.1/net.minecraft.network.Connection.handleDisconnection(Connection.java:678) ~[neoforge-21.1.252.jar%23189!/:?]
	at TRANSFORMER/minecraft@1.21.1/net.minecraft.server.network.ServerConnectionListener.tick(ServerConnectionListener.java:187) ~[neoforge-21.1.252.jar%23189!/:?]
	at TRANSFORMER/minecraft@1.21.1/net.minecraft.server.MinecraftServer.tickChildren(MinecraftServer.java:1060) ~[neoforge-21.1.252.jar%23189!/:?]
	at TRANSFORMER/minecraft@1.21.1/net.minecraft.server.MinecraftServer.tickServer(MinecraftServer.java:926) ~[neoforge-21.1.252.jar%23189!/:?]
	at TRANSFORMER/minecraft@1.21.1/net.minecraft.client.server.IntegratedServer.tickServer(IntegratedServer.java:113) ~[neoforge-21.1.252.jar%23189!/:?]
	at TRANSFORMER/minecraft@1.21.1/net.minecraft.server.MinecraftServer.runServer(MinecraftServer.java:710) ~[neoforge-21.1.252.jar%23189!/:?]
	at TRANSFORMER/minecraft@1.21.1/net.minecraft.server.MinecraftServer.lambda$spin$2(MinecraftServer.java:267) ~[neoforge-21.1.252.jar%23189!/:?]
	at java.base/java.lang.Thread.run(Thread.java:1583) [?:?]
[30Sep2026 23:10:50.481] [Server thread/WARN] [net.minecraft.Util/]: Failed to execute rename .\saves\New World\playerdata\380df991-f603-344c-a090-369bad2a924a-5787236756067287114.dat to .\saves\New World\playerdata\380df991-f603-344c-a090-369bad2a924a.dat
[30Sep2026 23:10:50.481] [Server thread/ERROR] [net.minecraft.Util/]: Failed to replace .\saves\New World\playerdata\380df991-f603-344c-a090-369bad2a924a.dat with .\saves\New World\playerdata\380df991-f603-344c-a090-369bad2a924a-5787236756067287114.dat, retrying 8/10
[30Sep2026 23:10:50.482] [Server thread/ERROR] [net.minecraft.Util/]: Failed to rename
java.nio.file.FileSystemException: .\saves\New World\playerdata\380df991-f603-344c-a090-369bad2a924a-5787236756067287114.dat -> .\saves\New World\playerdata\380df991-f603-344c-a090-369bad2a924a.dat: The process cannot access the file because it is being used by another process
	at java.base/sun.nio.fs.WindowsException.translateToIOException(WindowsException.java:92) ~[?:?]
	at java.base/sun.nio.fs.WindowsException.rethrowAsIOException(WindowsException.java:103) ~[?:?]
	at java.base/sun.nio.fs.WindowsFileCopy.move(WindowsFileCopy.java:414) ~[?:?]
	at java.base/sun.nio.fs.WindowsFileSystemProvider.move(WindowsFileSystemProvider.java:291) ~[?:?]
	at java.base/java.nio.file.Files.move(Files.java:1431) ~[?:?]
	at TRANSFORMER/minecraft@1.21.1/net.minecraft.Util$3.getAsBoolean(Util.java:592) ~[neoforge-21.1.252.jar%23189!/:?]
	at TRANSFORMER/minecraft@1.21.1/net.minecraft.Util.executeInSequence(Util.java:657) ~[neoforge-21.1.252.jar%23189!/:?]
	at TRANSFORMER/minecraft@1.21.1/net.minecraft.Util.runWithRetries(Util.java:668) ~[neoforge-21.1.252.jar%23189!/:?]
	at TRANSFORMER/minecraft@1.21.1/net.minecraft.Util.safeReplaceOrMoveFile(Util.java:691) ~[neoforge-21.1.252.jar%23189!/:?]
	at TRANSFORMER/minecraft@1.21.1/net.minecraft.Util.safeReplaceFile(Util.java:680) ~[neoforge-21.1.252.jar%23189!/:?]
	at TRANSFORMER/minecraft@1.21.1/net.minecraft.world.level.storage.PlayerDataStorage.save(PlayerDataStorage.java:41) ~[neoforge-21.1.252.jar%23189!/:?]
	at TRANSFORMER/minecraft@1.21.1/net.minecraft.server.players.PlayerList.save(PlayerList.java:354) ~[neoforge-21.1.252.jar%23189!/:?]
	at TRANSFORMER/minecraft@1.21.1/net.minecraft.client.server.IntegratedPlayerList.save(IntegratedPlayerList.java:35) ~[neoforge-21.1.252.jar%23189!/:?]
	at TRANSFORMER/minecraft@1.21.1/net.minecraft.server.players.PlayerList.remove(PlayerList.java:373) ~[neoforge-21.1.252.jar%23189!/:?]
	at TRANSFORMER/minecraft@1.21.1/net.minecraft.server.network.ServerGamePacketListenerImpl.removePlayerFromWorld(ServerGamePacketListenerImpl.java:1233) ~[neoforge-21.1.252.jar%23189!/:?]
	at TRANSFORMER/minecraft@1.21.1/net.minecraft.server.network.ServerGamePacketListenerImpl.onDisconnect(ServerGamePacketListenerImpl.java:1222) ~[neoforge-21.1.252.jar%23189!/:?]
	at TRANSFORMER/minecraft@1.21.1/net.minecraft.network.Connection.handleDisconnection(Connection.java:678) ~[neoforge-21.1.252.jar%23189!/:?]
	at TRANSFORMER/minecraft@1.21.1/net.minecraft.server.network.ServerConnectionListener.tick(ServerConnectionListener.java:187) ~[neoforge-21.1.252.jar%23189!/:?]
	at TRANSFORMER/minecraft@1.21.1/net.minecraft.server.MinecraftServer.tickChildren(MinecraftServer.java:1060) ~[neoforge-21.1.252.jar%23189!/:?]
	at TRANSFORMER/minecraft@1.21.1/net.minecraft.server.MinecraftServer.tickServer(MinecraftServer.java:926) ~[neoforge-21.1.252.jar%23189!/:?]
	at TRANSFORMER/minecraft@1.21.1/net.minecraft.client.server.IntegratedServer.tickServer(IntegratedServer.java:113) ~[neoforge-21.1.252.jar%23189!/:?]
	at TRANSFORMER/minecraft@1.21.1/net.minecraft.server.MinecraftServer.runServer(MinecraftServer.java:710) ~[neoforge-21.1.252.jar%23189!/:?]
	at TRANSFORMER/minecraft@1.21.1/net.minecraft.server.MinecraftServer.lambda$spin$2(MinecraftServer.java:267) ~[neoforge-21.1.252.jar%23189!/:?]
	at java.base/java.lang.Thread.run(Thread.java:1583) [?:?]
[30Sep2026 23:10:50.482] [Server thread/WARN] [net.minecraft.Util/]: Failed to execute rename .\saves\New World\playerdata\380df991-f603-344c-a090-369bad2a924a-5787236756067287114.dat to .\saves\New World\playerdata\380df991-f603-344c-a090-369bad2a924a.dat
[30Sep2026 23:10:50.482] [Server thread/ERROR] [net.minecraft.Util/]: Failed to replace .\saves\New World\playerdata\380df991-f603-344c-a090-369bad2a924a.dat with .\saves\New World\playerdata\380df991-f603-344c-a090-369bad2a924a-5787236756067287114.dat, retrying 9/10
[30Sep2026 23:10:50.482] [Server thread/ERROR] [net.minecraft.Util/]: Failed to replace .\saves\New World\playerdata\380df991-f603-344c-a090-369bad2a924a.dat with .\saves\New World\playerdata\380df991-f603-344c-a090-369bad2a924a-5787236756067287114.dat, aborting, progress might be lost
[30Sep2026 23:10:50.486] [Server thread/INFO] [net.minecraft.server.network.ServerCommonPacketListenerImpl/]: Stopping singleplayer server as player logged out
[30Sep2026 23:10:50.495] [Server thread/INFO] [net.minecraft.server.MinecraftServer/]: Stopping server
[30Sep2026 23:10:50.496] [Server thread/INFO] [net.minecraft.server.MinecraftServer/]: Saving players
[30Sep2026 23:10:50.496] [Server thread/INFO] [net.minecraft.server.MinecraftServer/]: Saving worlds
[30Sep2026 23:10:50.699] [Server thread/INFO] [net.minecraft.server.MinecraftServer/]: Saving chunks for level 'ServerLevel[New World]'/minecraft:overworld
[30Sep2026 23:10:53.414] [Server thread/INFO] [net.minecraft.server.MinecraftServer/]: Saving chunks for level 'ServerLevel[New World]'/minecraft:the_nether
[30Sep2026 23:10:53.607] [Server thread/INFO] [net.minecraft.server.MinecraftServer/]: Saving chunks for level 'ServerLevel[New World]'/minecraft:the_end
[30Sep2026 23:10:53.996] [Server thread/INFO] [net.minecraft.server.MinecraftServer/]: ThreadedAnvilChunkStorage (New World): All chunks are saved
[30Sep2026 23:10:53.996] [Server thread/INFO] [net.minecraft.server.MinecraftServer/]: ThreadedAnvilChunkStorage (DIM-1): All chunks are saved
[30Sep2026 23:10:53.996] [Server thread/INFO] [net.minecraft.server.MinecraftServer/]: ThreadedAnvilChunkStorage (DIM1): All chunks are saved
[30Sep2026 23:10:53.996] [Server thread/INFO] [net.minecraft.server.MinecraftServer/]: ThreadedAnvilChunkStorage: All dimensions are saved
[30Sep2026 23:10:55.826] [Render thread/INFO] [net.minecraft.client.Minecraft/]: Stopping!
